anio,variable,etiqueta,tipo_pandas,n_obs,n_missing,pct_missing,n_categorias_unicas,tiene_value_labels,value_label_set
1997,id,,str,2033,0,0.0,2033,False,
1997,clave,,float64,2033,0,0.0,156,False,
1997,ESTADO,ESTADO,float64,2033,0,0.0,27,False,
1997,MUNICIPIO,,float64,2033,0,0.0,54,False,
1997,EDO_MPIO,,float64,2033,0,0.0,82,False,
1997,estratop,ESTRATO POLITICO,float64,2033,0,0.0,12,False,
1997,estrato,ESTRATO SOCIAL,float64,2033,0,0.0,5,False,
1997,ageb,,str,2033,0,0.0,132,False,
1997,manz,,float64,2033,0,0.0,6,False,
1997,loc,,float64,2033,0,0.0,3,False,
1997,folio,,float64,2033,0,0.0,20,False,
1997,sup,,float64,2033,0,0.0,41,False,
1997,ver,,float64,2033,0,0.0,3,False,
1997,hora,,float64,2033,0,0.0,17,False,
1997,min,,float64,2033,0,0.0,60,False,
1997,dia,,float64,2033,0,0.0,14,False,
1997,p1,SATISFECHO FORMA FUNCIONA DEMOCRACIA MEXICO,float64,2033,0,0.0,6,False,
1997,p2,ELECCION EN MEXICO FUE LIMPIA,float64,2033,0,0.0,7,False,
1997,p3,SIMPATIZA CON ALGUN PARTIDO EN PARTICULAR,float64,2033,0,0.0,4,False,
1997,p3_1,SIMPATIZA ¨QUE PARTIDO?,float64,2033,1125,55.34,10,False,
1997,p3b,SIMPATIZA + ALGUN PART.POL. QUE CON OTROS,float64,2033,908,44.66,4,False,
1997,p3c,¨DE QUE PARTIDO?,float64,2033,1800,88.54,9,False,
1997,p3d,¨QUE TANTO SIMPATIZA CON ESE PARTIDO?,float64,2033,918,45.15,5,False,
1997,p4,PART.POL.SE PREOCUPAN NECESIDADES GENTE,float64,2033,0,0.0,7,False,
1997,p5,PART.POL.SON NECESARIOS EN MEXICO,float64,2033,0,0.0,7,False,
1997,p6,RECUERDA NOMBRES CAND.DIP.FED.EN SU DISTRITO,float64,2033,0,0.0,4,False,
1997,p6_1,NOMBRES:,float64,2033,1417,69.7,279,False,
1997,p6_2,NOMBRES:,float64,2033,1783,87.7,167,False,
1997,p6_3,NOMBRES:,float64,2033,1940,95.43,76,False,
1997,p6_4,NOMBRES:,float64,2033,2016,99.16,16,False,
1997,p6_5,NOMBRES:,float64,2033,2028,99.75,5,False,
1997,p6_6,NOMBRES:,float64,2033,2033,100.0,0,False,
1997,p6_7,NOMBRES:,float64,2033,2033,100.0,0,False,
1997,p6_8,NOMBRES:,float64,2033,2033,100.0,0,False,
1997,p7_1,CALIFACION: PAN,float64,2033,0,0.0,14,False,
1997,p7_2,CALIFACION: PRI,float64,2033,0,0.0,14,False,
1997,p7_3,CALIFACION: PRD,float64,2033,0,0.0,14,False,
1997,p7_4,CALIFACION: PT,float64,2033,0,0.0,14,False,
1997,p7_5,CALIFACION: PVEM,float64,2033,0,0.0,14,False,
1997,p7_6,CALIFACION: PC,float64,2033,0,0.0,14,False,
1997,p7_7,CALIFACION: PPS,float64,2033,0,0.0,14,False,
1997,p7_8,CALIFACION: PDM,float64,2033,0,0.0,14,False,
1997,p8_1,CALIFACION: FELIPE CALDERON,float64,2033,0,0.0,14,False,
1997,p8_2,CALIFACION: EZP,float64,2033,0,0.0,14,False,
1997,p8_3,CALIFACION: CCS,float64,2033,0,0.0,14,False,
1997,p8_4,CALIFACION: DFC,float64,2033,0,0.0,14,False,
1997,p8_5,CALIFACION: MANUEL LOPEZ OBRADOR,float64,2033,0,0.0,14,False,
1997,p8_6,CALIFACION: CSG,float64,2033,0,0.0,14,False,
1997,p8_7,CALIFACION: HUMBERTO ROQUE VILLANUEVA,float64,2033,0,0.0,14,False,
1997,p9,SITUACION ECONOMICA DE MEXICO,float64,2033,0,0.0,7,False,
1997,p10,¨ULTIMOS 12 MESES SIT.ECONOMICA HA MEJORADO?,float64,2033,0,0.0,5,False,
1997,p10_1,HA MEJORADO MUCHO O POCO,float64,2033,1589,78.16,4,False,
1997,p10_2,HA EMPEORADO MUCHO O POCO,float64,2033,1369,67.34,4,False,
1997,p11,DIP.SE PREOCUPAN NECESIDADES DE LA GENTE,float64,2033,0,0.0,7,False,
1997,p12,HA TENIDO CONTACTO CON ALGUN DIP.FED.,float64,2033,0,0.0,4,False,
1997,p13,DONDE UBICARIA IMPORTA CUAL PARTIDO GOB.,float64,2033,0,0.0,7,False,
1997,p14,VOTO INFLUYE LO QUE SUCEDE PAIS,float64,2033,0,0.0,7,False,
1997,p15,MEXICANOS DICEN LO QUE SIENTEN X GOBIERNO,float64,2033,0,0.0,7,False,
1997,p16_1,SE CONSIDERA DE IZQUIERDA O DE DERECHA,float64,2033,0,0.0,13,False,
1997,p16_2,DONDE UBICARIA AL PAN  IZQUIERDA O DERECHA,float64,2033,0,0.0,13,False,
1997,p16_3,DONDE UBICARIA AL PRI  IZQUIERDA O DERECHA,float64,2033,0,0.0,13,False,
1997,p16_4,DONDE UBICARIA AL PRD  IZQUIERDA O DERECHA,float64,2033,0,0.0,13,False,
1997,p16_5,DONDE UBICARIA AL PT   IZQUIERDA O DERECHA,float64,2033,0,0.0,13,False,
1997,p16_6,DONDE UBICARIA AL PVEM IZQUIERDA O DERECHA,float64,2033,0,0.0,13,False,
1997,p16_7,DONDE UBICARIA AL PC   IZQUIERDA O DERECHA,float64,2033,0,0.0,13,False,
1997,p16_8,DONDE UBICARIA AL PPS  IZQUIERDA O DERECHA,float64,2033,0,0.0,13,False,
1997,p16_9,DONDE UBICARIA AL PDM  IZQUIERDA O DERECHA,float64,2033,0,0.0,13,False,
1997,p17,VOTO ELEC 6-JUL-97 PARA ELEGIR DIP.FED.,float64,2033,0,0.0,4,False,
1997,p19,CUANDO DECIDIO POR QUIEN VOTAR,float64,2033,491,24.15,15,False,
1997,p20,RAZONES + IMPORTANTES PARA DECIDIR VOTO,float64,2033,491,24.15,23,False,
1997,p20b,HOY OTRA VEZ ELEC.DIP.FED.¨POR QUIEN VOTARIA?,float64,2033,0,0.0,12,False,
1997,p21,SIT.ECONOMICA PAIS DENTRO DE UN A¥O,float64,2033,0,0.0,8,False,
1997,p22,¨CUAL ES EL PRINCIPAL PROBLEMA DEL PAIS?,float64,2033,0,0.0,47,False,
1997,p22a,CRISIS ECON.¨CUAL ES PROBLEMA MAS GRAVE?,float64,2033,1258,61.88,33,False,
1997,p23,ACUERDO COMO ESTA GOBERNANDO PDTE EZP,float64,2033,0,0.0,6,False,
1997,p24_1,PARTIC/GOB: PROPIETARIO DE EMPRESAS,float64,2033,0,0.0,5,False,
1997,p24_2,PARTIC/GOB: SUBSIDIANDO ALGUNOS PRODUCTOS,float64,2033,0,0.0,5,False,
1997,p24_3,PARTIC/GOB: PLANEANDO LA ECONOMIA,float64,2033,0,0.0,5,False,
1997,p25,CON CUAL DICHO ESTA MAS DE ACUERDO...,float64,2033,0,0.0,6,False,
1997,p26,ULTIMO A¥O SIT/ECO/PERSONAL HA MEJORADO,float64,2033,0,0.0,8,False,
1997,p26a,SIT/ECO ¨A QUE SE DEBE HAYA MEJORADO?,float64,2033,1309,64.39,30,False,
1997,p26b,SIT/ECO ¨A QUE SE DEBE SIGA IGUAL BIEN?,float64,2033,1767,86.92,19,False,
1997,p26c,SIT/ECO ¨A QUE SE DEBE SIGA IGUAL MAL?,float64,2033,1718,84.51,18,False,
1997,p26d,SIT/ECO ¨CULPABLE DE QUE HAYA EMPEORADO?,float64,2033,1345,66.16,24,False,
1997,p27,COMO SERA SIT/ECO/PERS/EL PROXIMO A¥O...,float64,2033,0,0.0,8,False,
1997,p28,COMO SON RELACIONES ENTRE MEXICO Y EU,float64,2033,0,0.0,5,False,
1997,p29,CON UN GOB.PAN: GOB.+ O - PROP.EMPRESAS,float64,2033,0,0.0,5,False,
1997,p30,CON UN GOB.PRD: GOB.+ O - PROP.EMPRESAS,float64,2033,0,0.0,5,False,
1997,p31,CON UN GOB.PRI: GOB.+ O - PROP.EMPRESAS,float64,2033,0,0.0,5,False,
1997,p32_1,AUMENTADO O DISMINUIDO: CORRUPCION,float64,2033,0,0.0,5,False,
1997,p32_2,AUMENTADO O DISMINUIDO: POBREZA,float64,2033,0,0.0,5,False,
1997,p32_3,AUMENTADO O DISMINUIDO: DELINCUENCIA,float64,2033,0,0.0,5,False,
1997,p32_4,AUMENTADO O DISMINUIDO: DESEMPLEO,float64,2033,0,0.0,5,False,
1997,p32_5,AUMENTADO O DISMINUIDO: INFLACION,float64,2033,0,0.0,5,False,
1997,p33,¨SABE QUE SON LAS AFORES?,float64,2033,0,0.0,3,False,
1997,p33a,PALABRAS ¨QUE SON LAS AFORES?,float64,2033,961,47.27,27,False,
1997,p33b,CREACION DE AFORES BENEFICIA O PERJUDICA,float64,2033,961,47.27,6,False,
1997,p34,¨PAGA IMPUESTOS?,float64,2033,0,0.0,4,False,
1997,p34_a,COMO CONSIDERA IMPUESTOS QUE PAGA...,float64,2033,677,33.3,7,False,
1997,p35,¨ALGUN PARTIDO OBTUVO + DE 250 DIPUTADOS?,float64,2033,0,0.0,4,False,
1997,p35_a,¨QUE PARTIDO?,float64,2033,1602,78.8,6,False,
1997,p36,ESCOGER LIDER:POL.NVO. O POL.CONOCIDO,float64,2033,0,0.0,5,False,
1997,p37,¨ACUERDO SACERDOTES HABLEN DE POLITICA?,float64,2033,0,0.0,5,False,
1997,p38,ACUERDO GOBIERNO VIGILE SACERDOTES,float64,2033,0,0.0,5,False,
1997,p39,ESTABILIDAD POLITICA DEL PAIS,float64,2033,0,0.0,13,False,
1997,p40,PDTE.UN PARTIDO MAYORIA OTRO¨PUEDE GEN.INESTAB.POL.,float64,2033,0,0.0,4,False,
1997,p41_1,FRECUENCIA:SIGUE NOTICIAS,float64,2033,0,0.0,5,False,
1997,p41_2,FRECUENCIA:HABLA POLITICA CON AMIGOS,float64,2033,0,0.0,5,False,
1997,p42,CONS.BUENAS O MALAS ECONOMIA MAYORIA DIP.OTRO PART,float64,2033,0,0.0,5,False,
1997,p42a,PRINCIPAL RAZON CONSECUENCIAS BUENAS O MALAS,float64,2033,974,47.91,48,False,
1997,p43,CAPAZ PAN GOBERNAR MEXICO,float64,2033,0,0.0,6,False,
1997,p43a,QUE TAN SEGURO ESTA DE QUE PAN,float64,2033,226,11.12,6,False,
1997,p44,CAPAZ PRI GOBERNAR MEXICO,float64,2033,0,0.0,6,False,
1997,p44a,QUE TAN SEGURO ESTA DE QUE PRI,float64,2033,137,6.74,6,False,
1997,p45,CAPAZ PRI GOBERNAR MEXICO,float64,2033,0,0.0,6,False,
1997,p45a,QUE TAN SEGURO ESTA DE QUE PRD,float64,2033,282,13.87,6,False,
1997,p46,ACUERDO QUE SE HAYA FIRMADO TLC,float64,2033,0,0.0,6,False,
1997,p47,PRI NO MAYORIA P/APROB.LEYES¨QUE CREE...,float64,2033,0,0.0,5,False,
1997,p48,ACUERDO DIP.PAN APOYEN LEYES PROP.PDTE.,float64,2033,0,0.0,6,False,
1997,p49,ACUERDO DIP.PRD APOYEN LEYES PROP.PDTE.,float64,2033,0,0.0,6,False,
1997,p50_1,INFORMO:CONVERSACIONES CON FAMILIARES,float64,2033,0,0.0,2,False,
1997,p50_2,INFORMO:GRUPOS O ASOCIACIONES,float64,2033,0,0.0,2,False,
1997,p50_3,INFORMO:MITINES,float64,2033,0,0.0,2,False,
1997,p50_4,"INFORMO:ANUNCIO RADIO, TELEVISION",float64,2033,0,0.0,2,False,
1997,p50_5,INFORMO:VISITAS PARTIDO A SU CASA,float64,2033,0,0.0,2,False,
1997,p50_6,INFORMO:NOTICIEROS,float64,2033,0,0.0,2,False,
1997,p50_7,INFORMO:PERIODICOS,float64,2033,0,0.0,2,False,
1997,p50_8,INFORMO:FOLLETOS O VOLANTES,float64,2033,0,0.0,2,False,
1997,p50_9,INFORMO:PROPAGANDA EN CALLES,float64,2033,0,0.0,2,False,
1997,p50_10,INFORMO:CARTAS DEL PARTIDO,float64,2033,0,0.0,2,False,
1997,p50_11,INFORMO:OTRO,float64,2033,2005,98.62,14,False,
1997,p51_1,DE ESTOS MEDIOS:¨MAS IMP.P/DECIDIR VOTO,float64,2033,1,0.05,32,False,
1997,p51_2,DE ESTOS MEDIOS:¨MAS IMP.P/DECIDIR VOTO,float64,2033,1457,71.67,23,False,
1997,p52_1,CAMARAS CONGRESO:DIPUTADOS Y SENADORES,float64,2033,0,0.0,2,False,
1997,p52_2,CAMARAS CONGRESO:DIPUTADOS,float64,2033,0,0.0,2,False,
1997,p52_3,CAMARAS CONGRESO:SENADORES,float64,2033,2,0.1,2,False,
1997,p52_4,CAMARAS CONGRESO:OTRO,float64,2033,1994,98.08,8,False,
1997,p53,¨CUANTOS A¥OS DURA UN DIPUTADO EN SU CARGO?,float64,2033,0,0.0,4,False,
1997,p53b,¨Y EL PDTE DE LA REPUBLICA,float64,2033,0,0.0,4,False,
1997,p54,QUE TANTO PERMITIRIA PAN CORRUPCION GOB.,float64,2033,0,0.0,5,False,
1997,p55,QUE TANTO PERMITIRIA PRI CORRUPCION GOB.,float64,2033,0,0.0,5,False,
1997,p56,QUE TANTO PERMITIRIA PRD CORRUPCION GOB.,float64,2033,0,0.0,5,False,
1997,p57,NOMBRE GOB.ACTUAL DE SU ESTADO,float64,2033,0,0.0,38,False,
1997,p58,OPINION LEVANTANMIENTO ARMADOS PAIS,float64,2033,0,0.0,13,False,
1997,p59,CANAL X EL QUE SE ENTERA PASA PAIS CM,float64,2033,0,0.0,61,False,
1997,p59_1,CANAL X EL QUE SE ENTERA PASA PAIS OTRO,float64,2033,2033,100.0,0,False,
1997,p60,NOTICIERO TELEVISION QUE VE MAS,float64,2033,206,10.13,42,False,
1997,p61,ESTACION RADIO SE ENTERA PASA PAIS,float64,2033,1,0.05,290,False,
1997,p61_1,ESTACION RADIO CD. O ESTADO,float64,2033,2033,100.0,0,False,
1997,p62,NOTICIERO RADIO QUE ESCUCHA MAS,float64,2033,1056,51.94,139,False,
1997,p63,PERIODICO SE ENTERA PASA PAIS,float64,2033,0,0.0,120,False,
1997,p63_1,PERIODICO CD. O ESTADO,float64,2033,2033,100.0,0,False,
1997,p64,MEDIO COMUNICACION CONFIA MAS,float64,2033,0,0.0,6,False,
1997,p65,QUE RECUERDA MAS ANUNCIOS PAN,float64,2033,0,0.0,42,False,
1997,p66,OPINION SOBRE PAN,float64,2033,547,26.91,5,False,
1997,p67,QUE RECUERDA MAS ANUNCIOS PRI,float64,2033,0,0.0,46,False,
1997,p68,OPINION SOBRE PRI,float64,2033,470,23.12,5,False,
1997,p69,QUE RECUERDA MAS ANUNCIOS PRD,float64,2033,0,0.0,38,False,
1997,p70,OPINION SOBRE PRD,float64,2033,478,23.51,5,False,
1997,p71,COMPA¥IA PARA MANEJAR TELEFONOS CALLE,float64,2033,0,0.0,5,False,
1997,p72,DE QUIEN CULPA CORRUPCION GOBIERNO,float64,2033,0,0.0,13,False,
1997,p73,CUAL SIG.COSAS ES MAS IMPORTANTE,float64,2033,0,0.0,6,False,
1997,p73b,SEGUNDA COSAS ES MAS IMPORTANTE,float64,2033,0,0.0,6,False,
1997,p74,"APRUEBA:GOB.LLEVARA AGUA PUEBLO,PROTESTA",float64,2033,0,0.0,5,False,
1997,p75,TIENE CREDENCIAL ELECTOR,float64,2033,0,0.0,4,False,
1997,p76,TRAE CREDENCIAL DE ELECTOR,float64,2033,191,9.39,5,False,
1997,p77,QUE MAS GUSTA CREDENCIAL ELECTOR,float64,2033,511,25.14,24,False,
1997,p78,MARCA EN ELECCIONES FEDERALES 1997,float64,2033,511,25.14,8,False,
1997,p79,IZQ.CENTRO DER.DEF.POS.POL.USANDO ESTAS PALABRAS,float64,2033,0,0.0,3,False,
1997,p79a,IZQ.CENTRO DER.POSICION,float64,2033,1455,71.57,6,False,
1997,p79b,QUE QUIERE DECIR IZQUIERDA,float64,2033,1874,92.18,23,False,
1997,p79c,QUE QUIERE DECIR DERECHA,float64,2033,1813,89.18,29,False,
1997,pd1,CANDIDATO PAN,float64,2033,1178,57.94,4,False,
1997,pd2,CANDIDATO PRD,float64,2033,1178,57.94,3,False,
1997,pd3,CANDIDATO PRI,float64,2033,1178,57.94,3,False,
1997,pd4,CANDIDATO PVEM,float64,2033,1178,57.94,4,False,
1997,pd5,VOTO PARA JEFE DE GOB.DF,float64,2033,0,0.0,4,False,
1997,pd7,SI HUBIERA PODIDO HACERLO X...,float64,2033,0,0.0,11,False,
1997,pd8,HONRADO CCP DEL PAN,float64,2033,0,0.0,13,False,
1997,pd9,HONRADO ADM DEL PRI,float64,2033,0,0.0,13,False,
1997,pd10,HONRADO CCS DEL PRD,float64,2033,0,0.0,12,False,
1997,pd11,CAPAZ PARA GOBERNAR CCP DEL PAN,float64,2033,0,0.0,13,False,
1997,pd12,CAPAZ PARA GOBERNAR ADM DEL PRI,float64,2033,0,0.0,13,False,
1997,pd13,CAPAZ PARA GOBERNAR CCS DEL PRD,float64,2033,0,0.0,13,False,
1997,pd14,SI CCS CAND.DEL PRI¨HUBIERA VOTADO X EL?,float64,2033,0,0.0,5,False,
1997,pd15,SI PML CAND.DEL PRD¨HUBIERA VOTADO X EL?,float64,2033,1178,57.94,4,False,
1997,pd16,SI CCS CAND.DEL PAN¨HUBIERA VOTADO X EL?,float64,2033,1178,57.94,4,False,
1997,sex,Sexo,float64,2033,0,0.0,2,False,
1997,edad,Edad,float64,2033,0,0.0,5,False,
1997,escol,Escolaridad entrevistado,float64,2033,0,0.0,9,False,
1997,escol_1,Que carrera o estudios hizo,float64,2033,1709,84.06,49,False,
1997,se4,Actividad la semana pasada...,float64,2033,0,0.0,7,False,
1997,se7,Que es usted en el lugar donde trabaja,float64,2033,1056,51.94,7,False,
1997,se8,Cuantos empleados tiene la empresa...?,float64,2033,1318,64.83,83,False,
1997,se9,En que NIVEL se considera que est  usted,float64,2033,1282,63.06,10,False,
1997,se10,Pertenece a alg£n sindicato,float64,2033,1181,58.09,3,False,
1997,se10a,Alguien + en casa pertenece a sindicato,float64,2033,1181,58.09,4,False,
1997,se11,Empresa cuenta con inst.fijas,float64,2033,1182,58.14,3,False,
1997,se12,Instituci¢n en donde trabaja,float64,2033,1181,58.09,7,False,
1997,se13,Actividad de la empresa donde trabaja...,float64,2033,1056,51.94,9,False,
1997,se13a,Actividad industrial se dedica empresa...,float64,2033,1931,94.98,29,False,
1997,se14,Usted es propietario de tierra que trabaja,float64,2033,1906,93.75,3,False,
1997,se14_1,Su propiedad es de que tipo...?,float64,2033,1953,96.06,3,False,
1997,se14_2,Que es usted jornalero o peon...?,float64,2033,1986,97.69,3,False,
1997,se142a,Otro (especifique)...,float64,2033,2029,99.8,3,False,
1997,ingre,Rango ingreso familiar,float64,2033,0,0.0,8,False,
1997,se16,Cuantas personas dependen de ingr familiar,float64,2033,1,0.05,26,False,
1997,se17,Tiene telefono en su casa,float64,2033,0,0.0,3,False,
1997,se19,Cual es grado maximo estudios de su papa,float64,2033,0,0.0,11,False,
1997,se20,Estado Civil,float64,2033,0,0.0,6,False,
1997,se21,Principal fuente de ingresos,float64,2033,2,0.1,16,False,
1997,se22,Casado:A que se dedica su esposo,float64,2033,1297,63.8,32,False,
1997,se23,Cuantas personas viven en su hogar,float64,2033,14,0.69,22,False,
1997,se24,Cuantas personas men.18 a¤os viven en su hogar,float64,2033,499,24.55,16,False,
1997,se25,Cual es su religion,float64,2033,0,0.0,19,False,
1997,se26,Con que frecuencia asiste al templo,float64,2033,104,5.12,7,False,
1997,se27,Que tan frecuente reza,float64,2033,104,5.12,6,False,
1997,se28,A que clase pertenece,float64,2033,1,0.05,8,False,
1997,se29,Como se considera (Raza),float64,2033,1,0.05,5,False,
1997,hora_2,,float64,2033,0,0.0,17,False,
1997,min_2,,float64,2033,0,0.0,60,False,
1997,b1,Actividad,float64,2033,0,0.0,7,False,
1997,b2,Ocupaci¢n,float64,2033,0,0.0,8,False,
1997,b3,Sector,float64,2033,0,0.0,9,False,
1997,b4,Num. Empleados,float64,2033,0,0.0,8,False,
1997,b5,Profesi¢n,float64,2033,0,0.0,8,False,
1997,b6,Cuellos (area),float64,2033,0,0.0,9,False,
1997,b7,Nivel,float64,2033,0,0.0,8,False,
1997,b8,Ocupaci¢n agricultores,float64,2033,0,0.0,4,False,
1997,b9,Tipo de propiedad,float64,2033,0,0.0,4,False,
1997,b10,CODIGO 10,float64,2033,0,0.0,1,False,
1997,b11,Especif trab en transicion,float64,2033,0,0.0,7,False,
1997,b12,Ocupacion padre,float64,2033,0,0.0,10,False,
1997,b13,Nivel padre,float64,2033,0,0.0,7,False,
1997,pelea,HOY ELEC JEFE GOD. DF ¨POR CUAL VOTO,float64,2033,1178,57.94,12,False,
1997,peleb,HOY ELEC DIPUTADOS FED. ¨POR CUAL VOTO,float64,2033,0,0.0,15,False,
1997,tini,,float64,2033,0,0.0,1987,False,
1997,tfin,,float64,2033,0,0.0,1970,False,
1997,dominio,DOMINIO,float64,2033,0,0.0,4,False,
1997,TIPO,,str,2033,0,0.0,2,False,
1997,TIPO_N,TIPO NUMÉRICA,float64,2033,0,0.0,2,False,
1997,eficaciapol,,float64,2033,0,0.0,2,False,
1997,efipolext,,float64,2033,0,0.0,2,False,
1997,PID,,float64,2033,0,0.0,3,False,
1997,NSE,,float64,2033,0,0.0,6,False,
1997,AÑO,,float64,2033,0,0.0,1,False,
1997,INCUMBENT,,float64,2033,0,0.0,1,False,
1997,IIP4,,float64,2033,0,0.0,4,False,
1997,PONDFIN,,float64,2033,0,0.0,487,False,
1997,PONDERADOR,,float64,2033,0,0.0,1043,False,
1997,vote1997a,RECODE of peleb (HOY ELEC DIPUTADOS FED. ¨POR CUAL VOTO),float64,2033,491,24.15,5,False,
1997,vote1997b,RECODE of peleb (HOY ELEC DIPUTADOS FED. ¨POR CUAL VOTO),float64,2033,647,31.82,4,False,
1997,pid1997a,RECODE of p3_1 (SIMPATIZA ¨QUE PARTIDO?),float64,2033,0,0.0,6,False,
1997,pid1997b,RECODE of p3_1 (SIMPATIZA ¨QUE PARTIDO?),float64,2033,37,1.82,5,False,
1997,copartisan,RECODE of pid1997b (RECODE of p3_1 (SIMPATIZA ¨QUE PARTIDO?)),float64,2033,37,1.82,3,False,
1997,approval1997a,RECODE of p23 (ACUERDO COMO ESTA GOBERNANDO PDTE EZP),float64,2033,0,0.0,5,False,
1997,approval1997b,RECODE of p23 (ACUERDO COMO ESTA GOBERNANDO PDTE EZP),float64,2033,60,2.95,4,False,
1997,ideology1997a,RECODE of p16_1 (SE CONSIDERA DE IZQUIERDA O DE DERECHA),float64,2033,0,0.0,12,False,
1997,ideology1997b,RECODE of p16_1 (SE CONSIDERA DE IZQUIERDA O DE DERECHA),float64,2033,507,24.94,11,False,
1997,ideology1997c,RECODE of p16_1 (SE CONSIDERA DE IZQUIERDA O DE DERECHA),float64,2033,0,0.0,4,False,
1997,satisfaction1997a,RECODE of p1 (SATISFECHO FORMA FUNCIONA DEMOCRACIA MEXICO),float64,2033,0,0.0,5,False,
1997,satisfaction1997b,RECODE of p1 (SATISFECHO FORMA FUNCIONA DEMOCRACIA MEXICO),float64,2033,133,6.54,4,False,
1997,pan1997a,RECODE of p7_1 (CALIFACION: PAN),float64,2033,0,0.0,12,False,
1997,pan1997b,RECODE of p7_1 (CALIFACION: PAN),float64,2033,262,12.89,11,False,
1997,pri1997a,RECODE of p7_2 (CALIFACION: PRI),float64,2033,0,0.0,12,False,
1997,pri1997b,RECODE of p7_2 (CALIFACION: PRI),float64,2033,154,7.58,11,False,
1997,prd1997a,RECODE of p7_3 (CALIFACION: PRD),float64,2033,0,0.0,12,False,
1997,prd1997b,RECODE of p7_3 (CALIFACION: PRD),float64,2033,257,12.64,11,False,
1997,precinct,,float64,2033,0,0.0,2,False,
1997,precinct1997,RECODE of precinct,float64,2033,0,0.0,2,False,
1997,education1997,RECODE of escol (Escolaridad entrevistado),float64,2033,0,0.0,4,False,
1997,income1997b,RECODE of ingre (Rango ingreso familiar),float64,2033,179,8.8,4,False,
1997,income1997c,RECODE of income1997b (RECODE of ingre (Rango ingreso familiar)),float64,2033,179,8.8,4,False,
1997,religion1997a,RECODE of se25 (Cual es su religion),float64,2033,0,0.0,4,False,
1997,religion1997b,RECODE of se25 (Cual es su religion),float64,2033,19,0.93,3,False,
1997,religion1997c,RECODE of se25 (Cual es su religion),float64,2033,33,1.62,4,False,
1997,age1997b,RECODE of edad (Edad),float64,2033,3,0.15,4,False,
1997,female1997,RECODE of sex (Sexo),float64,2033,0,0.0,2,False,
1997,isco08_1_ES,ISCO-08 2 díg. Opción A (todos) — etiquetas ES,float64,2033,0,0.0,4,False,
1997,isco08_2_ES,ISCO-08 2 díg. Opción B (solo válidos) — etiquetas ES,float64,2033,1907,93.8,2,False,
1997,isco08_1_ENG,ISCO-08 2-digit Option A (all) — EN labels,float64,2033,0,0.0,4,False,
1997,isco08_2_ENG,ISCO-08 2-digit Option B (valid only) — EN labels,float64,2033,1907,93.8,2,False,
2000,id,,str,1766,0,0.0,1766,False,
2000,clave,,float64,1766,0,0.0,90,False,
2000,ESTADO,,float64,1766,0,0.0,22,False,
2000,MUN,,float64,1766,0,0.0,33,False,
2000,EDO_MPIO,,float64,1766,0,0.0,39,False,
2000,seccion,,float64,1766,0,0.0,118,False,
2000,mza,,float64,1766,0,0.0,4,False,
2000,TIPOB,,float64,1766,0,0.0,4,False,
2000,folio,,float64,1766,0,0.0,15,False,
2000,fol_1,,float64,1766,0,0.0,2,False,
2000,sup,,float64,1766,0,0.0,31,False,
2000,hora,,float64,1766,0,0.0,17,False,
2000,min,,float64,1766,0,0.0,60,False,
2000,dia,,float64,1766,0,0.0,16,False,
2000,p1,PUDO VOTAR EN ELECCIONES DEL 2 DE JULIO,float64,1766,0,0.0,3,False,
2000,p2,¿CUANDO DECIDIO POR QUIEN VOTAR?,float64,1766,325,18.4,9,False,
2000,p4,SATISFECHO COMO FUNCIONA LA DEMOCRACIA,float64,1766,0,0.0,6,False,
2000,p5,ELECCIONES PASADAS FUERON LIMPIAS O NO,float64,1766,0,0.0,7,False,
2000,p6,¿SIMPATIZA CON ALGUN PARTIDO POLITICO?,float64,1766,0,0.0,4,False,
2000,p6a,SI ¿CON CUAL PARTIDO?,float64,1766,856,48.47,10,False,
2000,p6b,SIMPATIZA UN POCO MAS CON ALGUN PARTIDO,float64,1766,913,51.7,4,False,
2000,p6c,SI ¿CON CUAL PARTIDO?,float64,1766,1539,87.15,7,False,
2000,p6d,¿QUE TANTO SIMPATIZA CON ESE PARTIDO?,float64,1766,650,36.81,5,False,
2000,p7,PARTIDOS SE PREOCUPAN POR LA GENTE?,float64,1766,1,0.06,7,False,
2000,p8,PARTIDOS POLITICOS SON NECESARIOS?,float64,1766,0,0.0,7,False,
2000,p9,RECUERDA NOMBRES DE DIPUTADOS FEDERALES,float64,1766,1,0.06,4,False,
2000,p9_1,SI ¿CUALES SON SUS NOMBRES?,float64,1766,1306,73.95,204,False,
2000,p9_2,SI ¿CUALES SON SUS NOMBRES?,float64,1766,1577,89.3,126,False,
2000,p9_3,SI ¿CUALES SON SUS NOMBRES?,float64,1766,1709,96.77,44,False,
2000,p9_4,SI ¿CUALES SON SUS NOMBRES?,float64,1766,1750,99.09,16,False,
2000,p9_5,SI ¿CUALES SON SUS NOMBRES?,float64,1766,1759,99.6,7,False,
2000,p9_6,SI ¿CUALES SON SUS NOMBRES?,float64,1766,1761,99.72,5,False,
2000,p9_7,SI ¿CUALES SON SUS NOMBRES?,float64,1766,1765,99.94,1,False,
2000,p9_8,SI ¿CUALES SON SUS NOMBRES?,float64,1766,1765,99.94,1,False,
2000,p10_1,¿COMO CALIFICARIA AL PAN DEL 0 AL 10?,float64,1766,0,0.0,14,False,
2000,p10_2,¿COMO CALIFICARIA AL PRI DEL 0 AL 10?,float64,1766,0,0.0,14,False,
2000,p10_3,¿COMO CALIFICARIA AL PRD DEL 0 AL 10?,float64,1766,0,0.0,14,False,
2000,p10_4,¿COMO CALIFICARIA AL PT  DEL 0 AL 10?,float64,1766,0,0.0,14,False,
2000,p10_5,¿COMO CALIFICARIA AL PVEM DEL 0 AL 10?,float64,1766,0,0.0,14,False,
2000,p10_6,¿COMO CALIFICARIA AL PARM DEL 0 AL 10?,float64,1766,0,0.0,14,False,
2000,p10_7,¿COMO CALIFICARIA AL PCD DEL 0 AL 10?,float64,1766,0,0.0,14,False,
2000,p10_8,¿COMO CALIFICARIA AL PDS DEL 0 AL 10?,float64,1766,0,0.0,14,False,
2000,p11_1,¿COMO CALIFICARIA A CARLOS SALINAS?,float64,1766,0,0.0,14,False,
2000,p11_2,¿COMO CALIFICARIA A VICENTE FOX?,float64,1766,0,0.0,14,False,
2000,p11_3,¿COMO CALIFICARIA A AMALIA GARCIA?,float64,1766,0,0.0,14,False,
2000,p11_4,¿COMO CALIFICARIA A CUAUHTEMOC CARDENA?,float64,1766,0,0.0,14,False,
2000,p11_5,¿COMO CALIFICARIA A JAVIER ALATORRE?,float64,1766,0,0.0,14,False,
2000,p11_6,¿COMO CALIFICARIA A LUIS FELIPE BRAVO?,float64,1766,0,0.0,14,False,
2000,p11_7,¿COMO CALIFICARIA A JOAQUIN LOPEZ-DORIGA?,float64,1766,0,0.0,14,False,
2000,p11_8,¿COMO CALIFICARIA A FRANCISCO LABASTIDA?,float64,1766,0,0.0,14,False,
2000,p11_9,¿COMO CALIFICARIA A DULCE MARIA SAURI?,float64,1766,0,0.0,14,False,
2000,p11_10,¿COMO CALIFICARIA A ERNESTO ZEDILLO?,float64,1766,0,0.0,14,False,
2000,p12,¿QUE PIENSA DE LA SITUACION ECONOMICA?,float64,1766,1,0.06,7,False,
2000,p13,SIT/ECO HA MEJORADO EN ULTIMOS 12 MESES,float64,1766,0,0.0,6,False,
2000,p13_1,¿DIRIA QUE HA MEJORADO MUCHO O POCO?,float64,1766,1382,78.26,4,False,
2000,p13_2,¿DIRIA QUE HA EMPEORADO MUCHO O POCO?,float64,1766,1270,71.91,4,False,
2000,p14,PRINCIPAL RESPONSABLE DE SIT/ECONOMICA,float64,1766,59,3.34,35,False,
2000,p15,DIPUTADOS SE PREOCUPAN POR LA GENTE,float64,1766,0,0.0,7,False,
2000,p16,HA TENIDO CONTACTO CON ALGUN DIPUTADO FED,float64,1766,0,0.0,4,False,
2000,p17,¿IMPORTA QUE PARTIDO ES EL QUE GOBIERNA?,float64,1766,0,0.0,7,False,
2000,p18,¿VOTO INFLUYE EN LO QUE SUCEDA EN PAIS?,float64,1766,0,0.0,7,False,
2000,p19,LA GENTE DICE LO QUE SIENTE DEL GOBIERNO,float64,1766,1,0.06,7,False,
2000,p20_1,¿DONDE SE UBICA? IZQUIERDA O DERECHA,float64,1766,0,0.0,13,False,
2000,p20_2,¿DONDE UBICARIA AL PAN?,float64,1766,0,0.0,13,False,
2000,p20_3,¿DONDE UBICARIA AL PRI?,float64,1766,0,0.0,13,False,
2000,p20_4,¿DONDE UBICARIA AL PRD?,float64,1766,0,0.0,13,False,
2000,p20_5,¿DONDE UBICARIA AL PT?,float64,1766,0,0.0,13,False,
2000,p20_6,¿DONDE UBICARIA AL PVE?,float64,1766,0,0.0,13,False,
2000,p20_7,¿DONDE UBICARIA AL PCD?,float64,1766,0,0.0,13,False,
2000,p20_8,¿DONDE UBICARIA AL PDS?,float64,1766,0,0.0,13,False,
2000,p20_9,¿DONDE UBICARIA AL PARM?,float64,1766,0,0.0,13,False,
2000,p21,ASUNTO + IMPORTANTE QUE AFRENTADO EL GOB,float64,1766,5,0.28,45,False,
2000,p22,QUE TAN BUENO O MAL TRABAJO HECHO PTE EZP,float64,1766,425,24.07,7,False,
2000,malvsri2,¿CON CUAL DICHO SE IDENTIFICA MAS?,float64,1766,0,0.0,6,False,
2000,malvsri1,¿CON CUAL DICHO SE IDENTIFICA MAS?,float64,1766,0,0.0,5,False,
2000,p25,¿VOTO EN/ELEC PARA DIPS Y SENS EN 97?,float64,1766,0,0.0,4,False,
2000,p27_1,CUAL CUALIDAD DESEARIA EN PRIMER LUGAR?,float64,1766,0,0.0,5,False,
2000,p27_2,CUAL CUALIDAD DESEARIA EN SEGUNDO LUGAR?,float64,1766,17,0.96,5,False,
2000,p27_3,CUAL CUALIDAD DESEARIA EN TERCER LUGAR?,float64,1766,18,1.02,5,False,
2000,p28,RECUERDA PARTIDO MAS SIMPATIZABA SU MAMA,float64,1766,0,0.0,3,False,
2000,p28a,SI ¿CUAL?,float64,1766,571,32.33,14,False,
2000,p29,RECUERDA PARTIDO MAS SIMPATIZABA SU PAPA,float64,1766,0,0.0,3,False,
2000,p29a,SI ¿CUAL?,float64,1766,537,30.41,15,False,
2000,p30,CUAL FRASE DESCRIBE MEJOR UN BUEN TRABAJO,float64,1766,1,0.06,6,False,
2000,p31,HOY ELE ¿X CUAL CANDIDATO VOTARIA PDTE?,float64,1766,0,0.0,9,False,
2000,p32,ULTIMO AÑO ¿SIT/ECO PERSONAL MEJORADO?,float64,1766,0,0.0,6,False,
2000,p32a,¿DIRIA QUE HA MEJORADO MUCHO O POCO?,float64,1766,1137,64.38,4,False,
2000,p32b,¿DIRIA QUE HA EMPEORADO MUCHO O POCO?,float64,1766,1311,74.24,4,False,
2000,p33,PRINCIPAL RESPONSABLE DE SU SIT/ECONOMICA,float64,1766,36,2.04,34,False,
2000,p34,COMO CREE QUE SERA SIT/ECO PAIS EN 1 AÑO,float64,1766,1,0.06,6,False,
2000,p34a,¿DIRIA QUE VA A MEJORAR MUCHO O POCO?,float64,1766,813,46.04,4,False,
2000,p34b,¿DIRIA QUE VA A EMPEORAR MUCHO O POCO?,float64,1766,1589,89.98,4,False,
2000,p34c,RESPONSABLE SIT/ECO PAIS EN UN AÑO,float64,1766,403,22.82,31,False,
2000,p35,SIT/ECO PERSONAL AÑO QUE ENTRA SERA MEJOR,float64,1766,0,0.0,6,False,
2000,p35a,¿DIRIA QUE VA A MEJORAR MUCHO O POCO?,float64,1766,732,41.45,4,False,
2000,p35b,¿DIRIA QUE VA A EMPEORAR MUCHO O POCO?,float64,1766,1645,93.15,4,False,
2000,p35c,RESPONSABLE SIT/ECO PERSONAL EN UN AÑO,float64,1766,348,19.71,32,False,
2000,p36,¿QUE TAN ESTABLE SIT/POLITICA DEL PAIS?,float64,1766,0,0.0,13,False,
2000,p37,¿COMO ESTA LA SITUACION GENERAL DE PAIS?,float64,1766,0,0.0,6,False,
2000,p37a,QUE TAN SEGURO SIT/ESTA MEJOR AHORA,float64,1766,867,49.09,6,False,
2000,p37b,QUE TAN SEGURO SIT/ESTA IGUAL DE BIEN,float64,1766,1649,93.37,5,False,
2000,p37c,QUE TAN SEGURO SIT/ESTA IGUAL DE MAL,float64,1766,1457,82.5,7,False,
2000,p37d,QUE TAN SEGURO SIT/ESTA PEOR AHORA,float64,1766,1423,80.58,7,False,
2000,p38,RESPONSABLE SITUACION DEL PAIS ESTE ...,float64,1766,98,5.55,34,False,
2000,p39_1,CONSIDERA QUE EL DESEMPLEO HA AUMENTADO,float64,1766,0,0.0,4,False,
2000,p39_2,CONSIDERA LA DELINCUENCIA HA AUMENTADO,float64,1766,0,0.0,5,False,
2000,p39_3,CONSIDERA QUE LA INFLACION HA AUMENTADO,float64,1766,0,0.0,5,False,
2000,p39_4,CONSIDERA QUE LA CORRUPCION HA AUMENTADO,float64,1766,0,0.0,5,False,
2000,p39_5,CONSIDERA QUE LA POBREZA HA AUMENTADO,float64,1766,1,0.06,4,False,
2000,p40,QUE TANTO GOB PAN ENCABEZADO POR FOX,float64,1766,0,0.0,7,False,
2000,p40a,QUE TAN SEGURO FOX HARA MUCHO MAS,float64,1766,1197,67.78,7,False,
2000,p40b,QUE TAN SEGURO FOX HARA ALGO MAS,float64,1766,1033,58.49,7,False,
2000,p40c,QUE TAN SEGURO FOX HARA IGUAL,float64,1766,1645,93.15,6,False,
2000,p40d,QUE TAN SEGURO FOX HARA ALGO MENOS,float64,1766,1693,95.87,5,False,
2000,p40e,QUE TAN SEGURO FOX HARA MUCHO MENOS,float64,1766,1707,96.66,6,False,
2000,p41a,USO PROPAGANDA DE ALGUN CANDIDATO EN ROPA,float64,1766,0,0.0,4,False,
2000,p41b,PUSO PROPAGANDA EN SU COCHE,float64,1766,0,0.0,4,False,
2000,p41c,"PUSO ALGUN ANUNCIO EN SU VENTANA, FACHADA",float64,1766,0,0.0,4,False,
2000,p41d,REPARTIO PROPAGANDA DE LOS CANDIDATOS,float64,1766,0,0.0,4,False,
2000,p41e,ASISTIO A MITINES O ACTOS DE CAMPAÑA,float64,1766,0,0.0,4,False,
2000,p41e1,ASISTIO DE MANERA VOLUNTARIA O ...,float64,1766,1453,82.28,3,False,
2000,p41f,APOYO ECONOMICAMENTE ALGUN PARTIDO,float64,1766,0,0.0,4,False,
2000,p41g,TRABAJO USTED PARA ALGUN PARTIDO,float64,1766,0,0.0,4,False,
2000,p41h,TRATO DE PERSUADIR A OTROS PARA QUE...,float64,1766,0,0.0,4,False,
2000,p42a,COMO CALIFICARIA A CARDENAS EN HONRADEZ,float64,1766,0,0.0,13,False,
2000,p42b,COMO CALIFICARIA A LABASTIDA EN HONRADEZ,float64,1766,0,0.0,13,False,
2000,p42c,COMO CALIFICARIA A FOX EN HONRADEZ,float64,1766,0,0.0,13,False,
2000,p43a,COMO CAL/A CARDENAS EXPER/PARA GOBERNAR,float64,1766,0,0.0,13,False,
2000,p43b,COMO CAL/A LABASTIDA EXPER/PARA GOBERNAR,float64,1766,0,0.0,13,False,
2000,p43c,COMO CAL/A FOX EXPER/PARA GOBERNAR,float64,1766,0,0.0,13,False,
2000,p44a,COMO CAL/A CARDENAS EN OPCION DE CAMBIO,float64,1766,0,0.0,13,False,
2000,p44b,COMO CAL/A LABASTIDA EN OPCION DE CAMBIO,float64,1766,0,0.0,13,False,
2000,p44c,COMO CAL/A FOX EN SER OPCION DE CAMBIO,float64,1766,0,0.0,13,False,
2000,p45a,ACCIONES: FIRMO QUEJA EN VS DEL GOBIERNO,float64,1766,0,0.0,3,False,
2000,p45b,ACCIONES: PARTICIPO EN ORGANIZAR QUEJA,float64,1766,0,0.0,4,False,
2000,p45c,ACCIONES: PARTICIPO EN MARCHAS,float64,1766,0,0.0,3,False,
2000,p45d,ACCIONES: PARTICIPO EN ALGUN PLANTON,float64,1766,0,0.0,4,False,
2000,p45e,ACCIONES: PARTICIPO EN TOMA DE OFICINAS,float64,1766,0,0.0,4,False,
2000,p45f,ACCIONES: PARTICIPO INVACIONES DE TIERRA,float64,1766,0,0.0,4,False,
2000,p45g,ACCIONES: PARTICIPO BLOQUEO VIAS PUBLICAS,float64,1766,0,0.0,4,False,
2000,p45h,ACCIONES: PARTICIPO LEVANTAMIENTOS ARMADOS,float64,1766,0,0.0,4,False,
2000,p46a,PROBALE: FIRME QUEJA EN VS DEL GOBIERNO,float64,1766,0,0.0,6,False,
2000,p46b,PROBALE: PARTICIPE EN ORGANIZAR QUEJA,float64,1766,0,0.0,6,False,
2000,p46c,PROBALE: PARTICIPE EN MARCHAS,float64,1766,0,0.0,6,False,
2000,p46d,PROBALE: PERTICIPE EN UN PLATON,float64,1766,0,0.0,6,False,
2000,p46e,PROBALE: PARTICIPE EN TOMA DE OFICINAS,float64,1766,0,0.0,6,False,
2000,p46f,PROBALE: PARTICIPE INVACIONES DE TIERRA,float64,1766,1,0.06,6,False,
2000,p46g,PROBALE: PARTICIPE BLOQUEO VIAS PUBLICAS,float64,1766,1,0.06,6,False,
2000,p46h,PROBALE: PARTICIPE LEVANTAMIENTOS ARMADOS,float64,1766,1,0.06,6,False,
2000,p47a,PARTICIPA ORGANIZACIONES: SINDICATOS,float64,1766,1,0.06,4,False,
2000,p47b,PARTICIPA ORGANIZACIONES: EJIDALES,float64,1766,1,0.06,4,False,
2000,p47c,PARTICIPA ORGANIZACIONES: CAMPESINAS,float64,1766,1,0.06,4,False,
2000,p47d,PARTICIPA ORGANIZACIONES: EMPRESARIALES,float64,1766,1,0.06,4,False,
2000,p47e,PARTICIPA ORGANIZACIONES: INDIGENAS,float64,1766,1,0.06,4,False,
2000,p47f,PARTICIPA ORGANIZACIONES: RELIGIOSAS,float64,1766,1,0.06,4,False,
2000,p47g,PARTICIPA ORGANIZACIONES: PROFESIONALES,float64,1766,1,0.06,4,False,
2000,p47h,PARTICIPA ORGANIZACIONES: VECINALES,float64,1766,1,0.06,4,False,
2000,p47i,PARTICIPA ORGANIZACIONES: DEPORTIVAS,float64,1766,1,0.06,4,False,
2000,p47j,PARTICIPA ORGANIZACIONES: ARTISITICAS,float64,1766,1,0.06,4,False,
2000,p47k,PARTICIPA ORGANIZACIONES: JUVENILES,float64,1766,1,0.06,4,False,
2000,p47l,PARTICIPA ORGANIZACIONES: DCHOS HUMANOS,float64,1766,1,0.06,4,False,
2000,p47m,PARTICIPA ORGANIZACIONES: MUJERES,float64,1766,1,0.06,4,False,
2000,p47n,PARTICIPA ORGANIZACIONES: ECOLOGISTAS,float64,1766,1,0.06,4,False,
2000,p47o,PARTICIPA ORGANIZACIONES: DE CARIDAD,float64,1766,1,0.06,4,False,
2000,p47p,PARTICIPA ORGANIZACIONES: OBSERVACION ELE,float64,1766,1,0.06,4,False,
2000,p47q,PARTICIPA ORGANIZACIONES: OTROS,float64,1766,10,0.57,4,False,
2000,p48_1,"COMERCIAL ""CON EL ESFUERZO DE TODOS...""",float64,1766,0,0.0,10,False,
2000,p48_2,"COMERCIAL ""MEXICO CUENTA CON TIGO ...""",float64,1766,0,0.0,9,False,
2000,p48_3,"COMERCIAL ""QUE EL PODER SIRVA A LA GENTE""",float64,1766,0,0.0,9,False,
2000,p48_4,"COMERCIAL ""CON MEXICO A LA VICTORIA""",float64,1766,0,0.0,8,False,
2000,p48_5,"COMERCIAL ""YA GANAMOS""",float64,1766,0,0.0,8,False,
2000,p48_6,"COMERCIAL ""EN MEXICO SOMOS MUCHO + QUE 2""",float64,1766,0,0.0,9,False,
2000,p48_7,"COMERCIAL ""QUE SE ESCUCHE FUERTE...""",float64,1766,0,0.0,9,False,
2000,p49,¿A QUIEN PREFERIA COMO LIDER?,float64,1766,0,0.0,5,False,
2000,p50,¿QUE TAN SEGUIDO COMENTA TEMAS POLITICA?,float64,1766,0,0.0,7,False,
2000,p51,¿CON QUIEN PLATICA MAS DE POLITICA?,float64,1766,611,34.6,23,False,
2000,p52,SABE POR QUIEN VOTO PARA PDTE EL 2/JUL,float64,1766,651,36.86,8,False,
2000,p53,¿CUANTOS DIA LEYO EL PERIODICO?,float64,1766,1,0.06,10,False,
2000,p53a,LEYO NOTAS SOBRE LA POLITICA EN MEXICO,float64,1766,1094,61.95,4,False,
2000,p53b,CUANTA ATENCION PUSO NOT/SOBRE POLITICA,float64,1766,1290,73.05,6,False,
2000,p54,¿CUANTOS DIAS VIO NOTICIERO DE TV?,float64,1766,0,0.0,10,False,
2000,p54a,CUANTA ATENCION PUSO NOT/SOBRE POLITICA,float64,1766,337,19.08,7,False,
2000,p55,¿CUANTAS HORAS ESCUCHA EL RADIO AL DIA?,float64,1766,0,0.0,7,False,
2000,p56_1,¿QUE NOTICIERO DE RADIO ESCUCHA MAS?,float64,1766,615,34.82,52,False,
2000,p56_2,NOMBRE NOTICIERO Y CONDUCTOR,float64,1766,1554,88.0,61,False,
2000,p57,RECUERDA ANUNCIO TV DE VICENTE FOX,float64,1766,0,0.0,41,False,
2000,p58,RECUERDA ANUNCIO TV DE LABASTIDA,float64,1766,0,0.0,41,False,
2000,p59,RECUERDA ANUNCIO TV DE CARDENAS,float64,1766,0,0.0,28,False,
2000,p60,RECUERDA ANUNCIO TV DE GOBIERNO,float64,1766,0,0.0,32,False,
2000,p61_1,EQUIPO DE CAM ¿VISITO DOMICILIO?,float64,1766,0,0.0,4,False,
2000,p61_11,¿DE QUE PARTIDO? FOX DEL PAN-PVEM,float64,1766,1226,69.42,2,False,
2000,p61_12,¿DE QUE PARTIDO? LABASTIDA DEL PRI,float64,1766,1226,69.42,2,False,
2000,p61_13,¿DE QUE PARTIDO? CARDENAS DEL PRD-PT,float64,1766,1226,69.42,2,False,
2000,p61_14,¿DE QUE PARTIDO? MUÑOZ LEDO DEL PARM,float64,1766,1226,69.42,2,False,
2000,p61_15,¿DE QUE PARTIDO? CAMACHO DEL PCD,float64,1766,1226,69.42,2,False,
2000,p61_16,¿DE QUE PARTIDO? RINCON GALLARDO DEL PDS,float64,1766,1226,69.42,2,False,
2000,p61_17,¿DE QUE PARTIDO? OTRO PARTIDO/CANDIDATO,float64,1766,1226,69.42,2,False,
2000,p61_2,EQUIPO DE CAM ¿LE ENCIO CARTAS?,float64,1766,2,0.11,4,False,
2000,p61_21,¿DE QUE PARTIDO? FOX DEL PAN-PVEM,float64,1766,972,55.04,2,False,
2000,p61_22,¿DE QUE PARTIDO? LABASTIDA DEL PRI,float64,1766,972,55.04,2,False,
2000,p61_23,¿DE QUE PARTIDO? CARDENAS DEL PRD-PT,float64,1766,972,55.04,2,False,
2000,p61_24,¿DE QUE PARTIDO? MUÑOZ LEDO DEL PARM,float64,1766,973,55.1,2,False,
2000,p61_25,¿DE QUE PARTIDO? CAMACHO DEL PCD,float64,1766,972,55.04,2,False,
2000,p61_26,¿DE QUE PARTIDO? RINCON GALLARDO DEL PDS,float64,1766,972,55.04,2,False,
2000,p61_27,¿DE QUE PARTIDO? OTRO PARTIDO/CANDIDATO,float64,1766,972,55.04,2,False,
2000,p61_3,EQUIPO DE CAM ¿LE DIO ALGUN REGALO?,float64,1766,0,0.0,4,False,
2000,p61_31,¿DE QUE PARTIDO? FOX DEL PAN-PVEM,float64,1766,1535,86.92,2,False,
2000,p61_32,¿DE QUE PARTIDO? LABASTIDA DEL PRI,float64,1766,1535,86.92,2,False,
2000,p61_33,¿DE QUE PARTIDO? CARDENAS DEL PRD-PT,float64,1766,1536,86.98,2,False,
2000,p61_34,¿DE QUE PARTIDO? MUÑOZ LEDO DEL PARM,float64,1766,1536,86.98,2,False,
2000,p61_35,¿DE QUE PARTIDO? CAMACHO DEL PCD,float64,1766,1536,86.98,2,False,
2000,p61_36,¿DE QUE PARTIDO? RINCON GALLARDO DEL PDS,float64,1766,1536,86.98,2,False,
2000,p61_37,¿DE QUE PARTIDO? OTRO PARTIDO/CANDIDATO,float64,1766,1536,86.98,2,False,
2000,p62,PLATICA DE POLITICA FUERA DE SU HOGAR,float64,1766,0,0.0,5,False,
2000,p63,COMO SE LLAMA PERSONA CON QUIEN PLATICA,float64,1766,853,48.3,11,False,
2000,p64,¿CUAL ES SU RELACION CON ESA PERSONA?,float64,1766,890,50.4,11,False,
2000,p65,POR QUIEN VOTO ESA PERSONA EL 2/JUL,float64,1766,893,50.57,7,False,
2000,p66,¿QUE FUE MAS IMPORTANTE PARA USTED?,float64,1766,0,0.0,6,False,
2000,pacu,¿ACUERDO COMO ESTA GOBERNANDO PDTE EZP?,float64,1766,0,0.0,6,False,
2000,p68,¿TIENE USTED CREDENCIAL DE ELECTOR?,float64,1766,0,0.0,4,False,
2000,p69,TRAE SU CREDENCIAL PARA QUE MUESTRE...,float64,1766,151,8.55,5,False,
2000,p70,"¿QUE LE GUSTA, QUE SE PODRIA MEJORAR?",float64,1766,536,30.35,40,False,
2000,p71,¿QUE LE HAN PUESTO UNA VE O UN CIRULO?,float64,1766,527,29.84,8,False,
2000,p72,¿QUE CALIF/LE DARIA A EZP COMO PDTE?,float64,1766,0,0.0,12,False,
2000,impuesto,¿USTED PAGA IMPUESTOS?,float64,1766,1,0.06,4,False,
2000,impuest1,¿COMO CONSIDERA LOS IMPUESTOS QUE PAGA?,float64,1766,550,31.14,7,False,
2000,pcam,¿CAMARAS QUE TIENE EL CONGRESO DE MEXICO?,float64,1766,0,0.0,2,False,
2000,pdip,¿CUANTO DURA UN DIPUTADO EN SU CARGO?,float64,1766,0,0.0,2,False,
2000,pgob,NOMBRE DEL GOBERNADOR ACTUAL DE SU EDO,float64,1766,2,0.11,36,False,
2000,p77,PARTIDO OBTUVO MAYOR NUMERO DE SENADORES,float64,1766,1,0.06,12,False,
2000,p70a,"¿QUE LE GUSTA, QUE SE PODRIA MEJORAR?",float64,1766,1563,88.51,38,False,
2000,esex,,float64,1766,1766,100.0,0,False,
2000,rechazo,,float64,1766,1766,100.0,0,False,
2000,uno,,float64,1766,0,0.0,1,False,
2000,sex,Sexo,float64,1766,1,0.06,2,False,
2000,edad,Edad,float64,1766,0,0.0,5,False,
2000,escol,Escolaridad entrevistado,float64,1766,0,0.0,9,False,
2000,escol_1,Que carrera o estudios hizo,float64,1766,1472,83.35,55,False,
2000,se4,Actividad la semana pasada...,float64,1766,0,0.0,10,False,
2000,se5,¿Trabaja de tiempo completo?,float64,1766,735,41.62,7,False,
2000,se6,¿Qué hace en su trabajo actual?,float64,1766,735,41.62,59,False,
2000,se7,Puesto que tiene en su trabajo principal,float64,1766,735,41.62,67,False,
2000,se8,Y qué es usted en el lugar donde trabaja,float64,1766,735,41.62,7,False,
2000,se9,¿En qué tipo de institucion trabaja?,float64,1766,739,41.85,7,False,
2000,se10,A qué tipo de actividad se dedica inst,float64,1766,735,41.62,9,False,
2000,se11,Pertenece a algun sindicato...,float64,1766,0,0.0,3,False,
2000,se11a,Alguien + en hogar pertenece a sindicato,float64,1766,0,0.0,4,False,
2000,se12,Ingreso familiar mensual en su hogar,float64,1766,0,0.0,124,False,
2000,se12a,Donde ubicaría ingreso familiar mesual,float64,1766,1559,88.28,3,False,
2000,se13,¿Cuántas personas dependen de ingreso?,float64,1766,1,0.06,6,False,
2000,se14,¿Hay telefono en su hogar?,float64,1766,0,0.0,3,False,
2000,se15,Grado maximo de estudios de su papá,float64,1766,1,0.06,11,False,
2000,se16,¿Me puede decir su estado civil?,float64,1766,1,0.06,6,False,
2000,se17,¿A qué se dedica su esposo (a)?,float64,1766,737,41.73,60,False,
2000,se18,¿Quién es fuente principal de ingresos?,float64,1766,0,0.0,18,False,
2000,se19,¿Y a qué se dedica...?,float64,1766,1304,73.84,60,False,
2000,se20,¿Cuántas personas viven en su hogar?,float64,1766,0,0.0,28,False,
2000,se21,¿Personas menores de 18 años viven aquí?,float64,1766,0,0.0,23,False,
2000,se22,"Como se sonsidera indigena, mestizo...?",float64,1766,0,0.0,5,False,
2000,se23,¿Me podría decir cuál es su religión?,float64,1766,0,0.0,21,False,
2000,se24,¿Con que frecuencia asiste al templo?,float64,1766,109,6.17,7,False,
2000,se25,¿Con que frecuencia reza usted?,float64,1766,109,6.17,6,False,
2000,se26,¿Habla alguna lengua indígena?,float64,1766,0,0.0,3,False,
2000,se26a,¿Sus padres hablaban alguna lengua indígena?,float64,1766,113,6.4,3,False,
2000,se27,¿Dónde lo habla con mayor frecuencia?,float64,1766,1653,93.6,6,False,
2000,horfin,,float64,1766,1766,100.0,0,False,
2000,minfin,,float64,1766,1766,100.0,0,False,
2000,sehor,,float64,1766,0,0.0,15,False,
2000,semin,,float64,1766,0,0.0,60,False,
2000,sever,,float64,1766,4,0.23,1,False,
2000,pelea,2/JUL ELE PDTE REP ¿X CUAL PARTIDO VOTO?,float64,1766,325,18.4,8,False,
2000,peleb,2/JUL ELE DIP FED ¿X CUAL PARTIDO VOTO?,float64,1766,325,18.4,8,False,
2000,pelec,2/JUL ELE SENADORES ¿X CUAL PARTIDO VOTO?,float64,1766,325,18.4,8,False,
2000,peled,JUL/97 ELE DIP FED ¿X CUAL PARTIDO VOTO?,float64,1766,608,34.43,15,False,
2000,tini,,float64,1766,4,0.23,1722,False,
2000,tfin,,float64,1766,4,0.23,1730,False,
2000,volatil,,float64,1766,1766,100.0,0,False,
2000,dominio,,float64,1766,0,0.0,5,False,
2000,TIPO_N,Tipo de sección,float64,1766,0,0.0,2,False,
2000,TIPO,,str,1766,0,0.0,2,False,
2000,escol2,,float64,1766,0,0.0,3,False,
2000,PID,,float64,1766,0,0.0,3,False,
2000,INGRESO,,float64,1766,0,0.0,10,False,
2000,AÑO,,float64,1766,0,0.0,1,False,
2000,INCUMBENT,,float64,1766,0,0.0,1,False,
2000,NSE,,float64,1766,0,0.0,6,False,
2000,IIP4,,float64,1766,0,0.0,4,False,
2000,PONDFIN,,float64,1766,0,0.0,263,False,
2000,PONDERADOR,,float64,1766,0,0.0,727,False,
2000,vote2000a,RECODE of pelea (2/JUL ELE PDTE REP ¿X CUAL PARTIDO VOTO?),float64,1766,325,18.4,5,False,
2000,vote2000b,RECODE of pelea (2/JUL ELE PDTE REP ¿X CUAL PARTIDO VOTO?),float64,1766,425,24.07,4,False,
2000,pid2000a,RECODE of p6a (SI ¿CON CUAL PARTIDO?),float64,1766,1,0.06,6,False,
2000,pid2000b,RECODE of p6a (SI ¿CON CUAL PARTIDO?),float64,1766,41,2.32,5,False,
2000,copartisan,RECODE of pid2000b (RECODE of p6a (SI ¿CON CUAL PARTIDO?)),float64,1766,41,2.32,3,False,
2000,approval2000a,RECODE of pacu (¿ACUERDO COMO ESTA GOBERNANDO PDTE EZP?),float64,1766,0,0.0,5,False,
2000,approval2000b,RECODE of pacu (¿ACUERDO COMO ESTA GOBERNANDO PDTE EZP?),float64,1766,45,2.55,4,False,
2000,ideology2000a,RECODE of p20_1 (¿DONDE SE UBICA? IZQUIERDA O DERECHA),float64,1766,0,0.0,12,False,
2000,ideology2000b,RECODE of p20_1 (¿DONDE SE UBICA? IZQUIERDA O DERECHA),float64,1766,502,28.43,11,False,
2000,ideology2000c,RECODE of p20_1 (¿DONDE SE UBICA? IZQUIERDA O DERECHA),float64,1766,0,0.0,4,False,
2000,satisfaction2000a,RECODE of p4 (SATISFECHO COMO FUNCIONA LA DEMOCRACIA),float64,1766,0,0.0,5,False,
2000,satisfaction2000b,RECODE of p4 (SATISFECHO COMO FUNCIONA LA DEMOCRACIA),float64,1766,77,4.36,4,False,
2000,pan2000a,RECODE of p10_1 (¿COMO CALIFICARIA AL PAN DEL 0 AL 10?),float64,1766,0,0.0,12,False,
2000,pan2000b,RECODE of p10_1 (¿COMO CALIFICARIA AL PAN DEL 0 AL 10?),float64,1766,106,6.0,11,False,
2000,pri2000a,RECODE of p10_2 (¿COMO CALIFICARIA AL PRI DEL 0 AL 10?),float64,1766,0,0.0,12,False,
2000,pri2000b,RECODE of p10_2 (¿COMO CALIFICARIA AL PRI DEL 0 AL 10?),float64,1766,66,3.74,11,False,
2000,prd2000a,RECODE of p10_3 (¿COMO CALIFICARIA AL PRD DEL 0 AL 10?),float64,1766,0,0.0,12,False,
2000,prd2000b,RECODE of p10_3 (¿COMO CALIFICARIA AL PRD DEL 0 AL 10?),float64,1766,107,6.06,11,False,
2000,precinct,,float64,1766,0,0.0,2,False,
2000,precinct2000,RECODE of precinct,float64,1766,0,0.0,2,False,
2000,education2000,RECODE of escol (Escolaridad entrevistado),float64,1766,0,0.0,4,False,
2000,income2000a,RECODE of se12 (Ingreso familiar mensual en su hogar),float64,1766,283,16.02,4,False,
2000,income2000c,RECODE of income2000a (RECODE of se12 (Ingreso familiar mensual en su hogar)),float64,1766,283,16.02,4,False,
2000,religion2000a,RECODE of se23 (¿Me podría decir cuál es su religión?),float64,1766,0,0.0,4,False,
2000,religion2000b,RECODE of se23 (¿Me podría decir cuál es su religión?),float64,1766,9,0.51,3,False,
2000,religion2000c,RECODE of se23 (¿Me podría decir cuál es su religión?),float64,1766,9,0.51,4,False,
2000,age2000b,RECODE of edad (Edad),float64,1766,6,0.34,4,False,
2000,female2000,RECODE of sex (Sexo),float64,1766,1,0.06,2,False,
2000,isco08_1_ES,ISCO-08 2 díg. Opción A (todos) — etiquetas ES,float64,1766,0,0.0,30,False,
2000,isco08_2_ES,ISCO-08 2 díg. Opción B (solo válidos) — etiquetas ES,float64,1766,1038,58.78,27,False,
2000,isco08_1_ENG,ISCO-08 2-digit Option A (all) — EN labels,float64,1766,0,0.0,30,False,
2000,isco08_2_ENG,ISCO-08 2-digit Option B (valid only) — EN labels,float64,1766,1038,58.78,27,False,
2003,id,,str,1991,0,0.0,1991,False,
2003,ver,VERSIÓN,float64,1991,0,0.0,2,False,
2003,dominio,,float64,1991,0,0.0,2,False,
2003,encue,ENCUESTADOR,float64,1991,0,0.0,96,False,
2003,edo,ESTADO,float64,1991,0,0.0,28,False,
2003,muni,MUNICIPIO,float64,1991,0,0.0,62,False,
2003,seccion,,float64,1991,0,0.0,195,False,
2003,dto,DISTRITO ELECTORAL FEDERAL,float64,1991,0,0.0,29,False,
2003,mz,MANZANA,float64,1991,0,0.0,3,False,
2003,folio,,float64,1991,0,0.0,10,False,
2003,tipo,TIPO,str,1991,0,0.0,3,False,
2003,mr,MARQUE RECHAZO,float64,1991,0,0.0,8,False,
2003,hr_ini,INICIO DE ENTREVISTA: HORA,float64,1991,0,0.0,16,False,
2003,min_ini,INICIO DE ENTREVISTA: MINUTO,float64,1991,0,0.0,60,False,
2003,p1_1,Hablar con otras personas para convencerlas de votar por un partido o candidato,float64,1991,0,0.0,3,False,
2003,p1_1a,"¿Con que frecuencia hizo usted esto, usted diría que fue?",float64,1991,0,0.0,6,False,
2003,p1_2,"¿Usted mostró su apoyo a algún partido o candidato, asistiendo a mítines, ponien",float64,1991,0,0.0,2,False,
2003,p1_2a,"¿Con que frecuencia hizo usted esto, usted diría que fue?",float64,1991,0,0.0,6,False,
2003,p2,"Durante la pasada campaña electoral, ¿lo contactó algún candidato o alguien de a",float64,1991,0,0.0,4,False,
2003,p3,¿Usted votó en las pasadas elecciones del 6 de julio para diputados federales ?,float64,1991,0,0.0,4,False,
2003,p3a,¿Por qué no pudo usted votar?,float64,1991,0,0.0,21,False,
2003,p3b,"Si usted hubiera ido a votar, ¿por cuál partido habría votado?",float64,1991,0,0.0,16,False,
2003,p5,¿Cuál cree usted que ha sido el asunto más importante que ha enfrentado el país,float64,1991,0,0.0,35,False,
2003,p6,¿Qué tan buen o qué tan mal trabajo ha hecho el gobierno del presidente Fox en l,float64,1991,0,0.0,7,False,
2003,p7,¿qué tan buen o qué tan mal trabajo ha hecho el presidente Fox en los años que l,float64,1991,0,0.0,6,False,
2003,p8,"¿está usted muy satisfecho, satisfecho, poco satisfecho o nada satisfecho con la",float64,1991,0,0.0,6,False,
2003,p9,Algunas personas dicen que sí importa cuál partido es el que gobierna. Otras per,float64,1991,0,0.0,7,False,
2003,p10,"Algunas personas piensan que, independientemente de por quién se vote,  el voto",float64,1991,0,0.0,7,False,
2003,p11,¿qué tan de acuerdo o en desacuerdo está con la siguiente afirmación ¿La democra,float64,1991,0,0.0,6,False,
2003,p12,¿Pudo usted votar en las elecciones presidenciales de 2000?,float64,1991,0,0.0,4,False,
2003,p14,¿qué tan buen o qué tan mal trabajo ha hecho el partido por el que usted votó en,float64,1991,0,0.0,8,False,
2003,p15,¿Qué tanto el proceso electoral en México (campañas y votaciones) asegura que lo,float64,1991,0,0.0,6,False,
2003,p16,¿alguno de los partidos en México representa sus puntos de vista razonablemente,float64,1991,0,0.0,4,False,
2003,p16a,¿Qué partido representa mejor sus puntos de vista?,float64,1991,0,0.0,10,False,
2003,p17,¿alguno de los líderes o presidentes de los partidos políticosque participaron e,float64,1991,0,0.0,4,False,
2003,p17a,¿Quién es ese político que representa mejor sus puntos de vista?,float64,1991,0,0.0,119,False,
2003,p18,¿simpatiza usted con algún partido político en particular?,float64,1991,0,0.0,4,False,
2003,p18a_1,¿Con cuál partido?(Primera mencion),float64,1991,0,0.0,12,False,
2003,p18a_2,¿Con cuál partido?(Segunda mencion),float64,1991,0,0.0,11,False,
2003,p18a_3,¿Con cuál partido?(Tercera mencion),float64,1991,0,0.0,11,False,
2003,p18b,¿Con cuál de estos partidos que mencionó simpatiza usted un poco más?,float64,1991,0,0.0,10,False,
2003,p18c,¿Siente usted un poco más de simpatía por algún partido político que por los otr,float64,1991,0,0.0,5,False,
2003,p18d,¿Por cuál partido?,float64,1991,0,0.0,12,False,
2003,p18e,"¿Qué tanto simpatiza usted con ese partido que mencionó,  mucho, bastante o poco",float64,1991,0,0.0,6,False,
2003,p19_1,"¿Cómo calificaría al PAN?, donde 0 es NO LE GUSTA TANDA y 10 es LE GUSTA MUCHO",float64,1991,0,0.0,14,False,
2003,p19_2,"¿Cómo calificaría al PRI?, donde 0 es NO LE GUSTA TANDA y 10 es LE GUSTA MUCHO",float64,1991,0,0.0,14,False,
2003,p19_3,"¿Cómo calificaría al PRD?, donde 0 es NO LE GUSTA TANDA y 10 es LE GUSTA MUCHO",float64,1991,0,0.0,14,False,
2003,p19_4,"¿Cómo calificaría al PVEM?, donde 0 es NO LE GUSTA TANDA y 10 es LE GUSTA MUCHO",float64,1991,0,0.0,14,False,
2003,p19_5,"¿Cómo calificaría al PT?, donde 0 es NO LE GUSTA TANDA y 10 es LE GUSTA MUCHO",float64,1991,0,0.0,14,False,
2003,p19_6,"¿Cómo calificaría a Convergencia?, donde 0 es NO LE GUSTA TANDA y 10 es LE GUSTA",float64,1991,0,0.0,14,False,
2003,p20_1,"¿dónde ubicaría usted, al PAN?, donde 0 es IZQUIERDA y 10 es DERECHA",float64,1991,0,0.0,13,False,
2003,p20_2,"¿dónde ubicaría usted, al PRI?, donde 0 es IZQUIERDA y 10 es DERECHA",float64,1991,0,0.0,13,False,
2003,p20_3,"¿dónde ubicaría usted, al PRD?, donde 0 es IZQUIERDA y 10 es DERECHA",float64,1991,0,0.0,13,False,
2003,p20_4,"¿dónde ubicaría usted, al PVEM?, donde 0 es IZQUIERDA y 10 es DERECHA",float64,1991,0,0.0,13,False,
2003,p20_5,"¿dónde ubicaría usted, al PT?, donde 0 es IZQUIERDA y 10 es DERECHA",float64,1991,0,0.0,13,False,
2003,p20_6,"¿dónde ubicaría usted, a Convergencia?, donde 0 es IZQUIERDA y 10 es DERECHA",float64,1991,0,0.0,13,False,
2003,p21a,"¿Ha contactado a algún político o funcionario del gobierno en persona, mediante",float64,1991,0,0.0,4,False,
2003,p21aa,¿De cuál nivel de gobierno?,float64,1991,0,0.0,7,False,
2003,p21b,"Dígame por favor si en los últimos 5 años, ¿Usted ha participado en alguna manif",float64,1991,0,0.0,4,False,
2003,p21c,"Para expresar su opinión, en los últimos 5 años&¿se ha organizado con otras pers",float64,1991,0,0.0,4,False,
2003,p21d,Dígame por favor si en los últimos 5 años...¿Usted ha participado en alguna toma,float64,1991,0,0.0,4,False,
2003,p21e,Dígame por favor si en los últimos 5 años...¿Usted ha bloqueado calles o carrete,float64,1991,0,0.0,4,False,
2003,p22,¿Qué tanto respeto hay para la libertad individual y los derechos humanos hoy dí,float64,1991,0,0.0,6,False,
2003,p23,¿Qué tan extendida cree usted que está la corrupción entre los políticos de Méxi,float64,1991,0,0.0,6,False,
2003,p24,"En política la gente habla a menudo de la ""izquierda"" y la ""derecha"".¿Dónde se u",float64,1991,0,0.0,13,False,
2003,p25,¿cuáles son las cámaras que tiene el Congreso de México?,float64,1991,0,0.0,6,False,
2003,p26,¿cuántos años dura un diputado en su cargo (puesto)?,float64,1991,0,0.0,4,False,
2003,p27,¿me puede decir el nombre del GOBERNADOR DE SU ESTADO?,float64,1991,0,0.0,41,False,
2003,p28,¿está usted de acuerdo o en desacuerdo con la manera como está gobernando el pre,float64,1991,0,0.0,6,False,
2003,p29,Algunas personas dicen que los diputados no se preocupan por las necesidades de,float64,1991,0,0.0,7,False,
2003,p30,Algunas personas dicen que las campañas políticas son necesarias y útiles para d,float64,1991,0,0.0,13,False,
2003,p31,"En algunos países, la gente piensa que sus elecciones son limpias. En otros país",float64,1991,0,0.0,7,False,
2003,p31a,"En general, ¿aprueba totalmente, aprueba, desaprueba, o desaprueba totalmente el",float64,1991,0,0.0,6,False,
2003,p32,"Para usted, el cambio vivido en México desde la elección de Fox hasta hoy, ¿es m",float64,1991,0,0.0,5,False,
2003,p33,"A tres años del triunfo de Vicente Fox, ¿usted cree que ya es tiempo de que se n",float64,1991,0,0.0,4,False,
2003,p34,¿Qué piensa usted acerca de la situación económica de México en estos días?¿Dirí,float64,1991,0,0.0,7,False,
2003,p35,¿Diría usted que durante los últimos doce meses la situación económica del país,float64,1991,0,0.0,6,False,
2003,p35a,¿Diría usted que ha mejorado mucho o poco?,float64,1991,0,0.0,5,False,
2003,p35b,¿Diría usted que ha empeorado mucho o poco?,float64,1991,0,0.0,5,False,
2003,p36,¿quién considera usted que es el principal responsable de que la situación econó,float64,1991,0,0.0,30,False,
2003,p37,¿con cuál de los siguientes dichos se identifica usted más?,float64,1991,0,0.0,6,False,
2003,p38,"Durante el último año, ¿considera usted que su situación económica personal ha m",float64,1991,0,0.0,6,False,
2003,p38a,¿Diría usted que ha mejorado mucho o poco?,float64,1991,0,0.0,5,False,
2003,p38b,¿Diría usted que ha empeorado mucho o poco?,float64,1991,0,0.0,5,False,
2003,p39,¿quién considera usted que es el principal responsable de que su situación econó,float64,1991,0,0.0,33,False,
2003,p40,"Comparada con el último año del gobierno de Ernesto Zedillo, ¿cómo cree usted qu",float64,1991,0,0.0,6,False,
2003,p41,¿quién considera usted que es el principal responsable de que la situación del p,float64,1991,0,0.0,28,False,
2003,p42,"Comparada con el último año del gobierno de Ernesto Zedillo,¿cómo cree usted que",float64,1991,0,0.0,6,False,
2003,p43,¿quién considera usted que es el principal responsable de que la situación gener,float64,1991,0,0.0,30,False,
2003,p44,"Comparado con lo que ha hecho Vicente Fox en la primera parte de su gobierno, ¿q",float64,1991,0,0.0,7,False,
2003,p44a,¿qué tan seguro está usted de que Vicente Fox hará  mucho más de lo que ha hecho,float64,1991,0,0.0,8,False,
2003,p44b,¿qué tan seguro está usted de que Vicente Fox hará algo más de lo que ha hecho h,float64,1991,0,0.0,8,False,
2003,p44c,¿qué tan seguro está usted de que Vicente Fox hará lo mismo que ha hecho hasta e,float64,1991,0,0.0,8,False,
2003,p44d,¿qué tan seguro está usted de que Vicente Fox hará algo menos de lo que ha hecho,float64,1991,0,0.0,7,False,
2003,p44e,qué tan seguro está usted de que Vicente Fox hará mucho menos de lo que ha hecho,float64,1991,0,0.0,8,False,
2003,p45,En general ¿está usted de acuerdo o en desacuerdo con la manera como está gobern,float64,1991,0,0.0,6,False,
2003,p46,¿Qué es lo que más recuerda  de algún comercial de televisión del  PAN durante l,float64,1991,0,0.0,42,False,
2003,p47,¿Qué es lo que más recuerda de algún comercial de televisión del PRI durante su,float64,1991,0,0.0,41,False,
2003,p48,¿Qué es lo que más recuerda de algún comercial de televisión del PRD?,float64,1991,0,0.0,38,False,
2003,p49,¿Qué es lo que más recuerda de algún comercial de televisión del Partido Verde E,float64,1991,0,0.0,31,False,
2003,p49a,¿Qué es lo que más recuerda de algún comercial de televisión de la Alianza PRI-P,float64,1991,0,0.0,31,False,
2003,p50,¿Qué es lo que más recuerda de algún comercial de televisión del gobierno (la Pr,float64,1991,0,0.0,36,False,
2003,p50_1,¿Qué es lo que más recuerda de algún comercial de televisión del gobierno de su,float64,1991,0,0.0,50,False,
2003,p51,¿está usted de acuerdo o en desacuerdo con la manera como está gobernando su pre,float64,1991,0,0.0,6,False,
2003,p52,¿Recibe usted o algún miembro de su familia algún tipo de apoyo de algún program,float64,1991,0,0.0,4,False,
2003,p52a,¿Cuál?,float64,1991,0,0.0,19,False,
2003,p52b,¿De qué gobierno es la ayuda que usted recibe?,float64,1991,0,0.0,7,False,
2003,p53,¿Las personas que le dan estos apoyos mencionan si provienen de algún partido?,float64,1991,0,0.0,4,False,
2003,p53a,¿De qué partido le han mencionado que proviene el apoyo?,float64,1991,0,0.0,7,False,
2003,p54,"Para darse a conocer, algunos candidatos envían cartas, reparten obsequios y org",float64,1991,0,0.0,4,False,
2003,p54_1a,¿De qué partido o candidato?  del PAN,float64,1991,0,0.0,3,False,
2003,p54_1b,¿De qué partido o candidato? del PRI,float64,1991,0,0.0,3,False,
2003,p54_1c,¿De qué partido o candidato? de la Alianza PRI-PVEM,float64,1991,0,0.0,3,False,
2003,p54_1d,¿De qué partido o candidato? del PRD,float64,1991,0,0.0,3,False,
2003,p54_1e,¿De qué partido o candidato? del PVEM,float64,1991,0,0.0,3,False,
2003,p54_1f,¿De qué partido o candidato? de OTRO,float64,1991,0,0.0,3,False,
2003,p55,¿Alguno de los equipos de campaña  de los candidatos a diputados federales le en,float64,1991,0,0.0,4,False,
2003,p55_1a,"¿De qué partido o candidato recibió cartas o propaganda (volantes, trípticos, fo",float64,1991,0,0.0,3,False,
2003,p55_1b,"¿De qué partido o candidato recibió cartas o propaganda (volantes, trípticos, fo",float64,1991,0,0.0,3,False,
2003,p55_1c,"¿De qué partido o candidato recibió cartas o propaganda (volantes, trípticos, fo",float64,1991,0,0.0,3,False,
2003,p55_1d,"¿De qué partido o candidato recibió cartas o propaganda (volantes, trípticos, fo",float64,1991,0,0.0,3,False,
2003,p55_1e,"¿De qué partido o candidato recibió cartas o propaganda (volantes, trípticos, fo",float64,1991,0,0.0,3,False,
2003,p55_1f,"¿De qué partido o candidato recibió cartas o propaganda (volantes, trípticos, fo",float64,1991,0,0.0,3,False,
2003,p56,¿Alguno de los equipos de campaña  de los candidatos a diputados federales le di,float64,1991,0,0.0,4,False,
2003,p56_1a,¿dígame por favor que le dió? Ropa,float64,1991,0,0.0,3,False,
2003,p56_1b,¿dígame por favor que le dió? Bolsa de cemento,float64,1991,0,0.0,3,False,
2003,p56_1c,¿dígame por favor que le dió? Fertilizantges y/o semillas,float64,1991,0,0.0,3,False,
2003,p56_1d,¿dígame por favor que le dió? Bombas de irrigación,float64,1991,0,0.0,3,False,
2003,p56_1e,¿dígame por favor que le dió? Fumigadores,float64,1991,0,0.0,3,False,
2003,p56_1f,¿dígame por favor que le dió? Máquinas de cocer o de lavar ropa,float64,1991,0,0.0,2,False,
2003,p56_1g,¿dígame por favor que le dió? Biciletas,float64,1991,0,0.0,3,False,
2003,p56_1h,¿dígame por favor que le dió? Útiles escolares,float64,1991,0,0.0,3,False,
2003,p56_1i,¿dígame por favor que le dió? Despensas,float64,1991,0,0.0,3,False,
2003,p56_1j,¿dígame por favor que le dió? Dinero en efectivo,float64,1991,0,0.0,3,False,
2003,p56_1k,¿dígame por favor que le dió? Desayunos y almuerzos el día de la elección,float64,1991,0,0.0,3,False,
2003,p56_1l,¿dígame por favor que le dió? OTRO,float64,1991,0,0.0,3,False,
2003,p56_1m,¿dígame por favor que le dió? NS,float64,1991,0,0.0,3,False,
2003,p56_1n,¿dígame por favor que le dió? NC,float64,1991,0,0.0,3,False,
2003,p56_2a,¿De qué partido o candidato recibió regalo? PAN,float64,1991,0,0.0,3,False,
2003,p56_2b,¿De qué partido o candidato recibió regalo? PRI,float64,1991,0,0.0,3,False,
2003,p56_2c,¿De qué partido o candidato recibió regalo? Alianza PRI-PVEM,float64,1991,0,0.0,3,False,
2003,p56_2d,¿De qué partido o candidato recibió regalo? PRD,float64,1991,0,0.0,3,False,
2003,p56_2e,¿De qué partido o candidato recibió regalo? PVEM,float64,1991,0,0.0,3,False,
2003,p56_2f,¿De qué partido o candidato recibió regalo? OTRO,float64,1991,0,0.0,3,False,
2003,p56_3,¿Se sintió usted inclinado a votar por este partido o candidato por haber recibi,float64,1991,0,0.0,5,False,
2003,p57a,¿Actualmente participa Ud. de manera voluntaria en alguna de las siguientes orga,float64,1991,0,0.0,4,False,
2003,p57b,¿Actualmente participa Ud. de manera voluntaria en alguna de las siguientes orga,float64,1991,0,0.0,4,False,
2003,p57c,¿Actualmente participa Ud. de manera voluntaria en alguna de las siguientes orga,float64,1991,0,0.0,4,False,
2003,p57d,¿Actualmente participa Ud. de manera voluntaria en alguna de las siguientes orga,float64,1991,0,0.0,4,False,
2003,p57e,¿Actualmente participa Ud. de manera voluntaria en alguna de las siguientes orga,float64,1991,0,0.0,4,False,
2003,p57f,¿Actualmente participa Ud. de manera voluntaria en alguna de las siguientes orga,float64,1991,0,0.0,4,False,
2003,p57g,¿Actualmente participa Ud. de manera voluntaria en alguna de las siguientes orga,float64,1991,0,0.0,4,False,
2003,p58,Cuando usted decidió por quien votar en las elecciones pasadas ¿qué fue más impo,float64,1991,0,0.0,8,False,
2003,p59,¿Usted paga impuestos?,float64,1991,0,0.0,4,False,
2003,p59a,Comparado con los servicios que recibe a cambio¿cómo considera los impuestos que,float64,1991,0,0.0,8,False,
2003,p60,Algunas personas piensan que los partidos políticos en México no se preocupan  p,float64,1991,0,0.0,7,False,
2003,p61,Algunas personas dicen que los partidos políticos en México son necesarios para,float64,1991,0,0.0,7,False,
2003,p62_1,Le voy a leer una lista de algunas instituciones públicas. ¿qué tanto confía ust,float64,1991,0,0.0,6,False,
2003,p62_2,Le voy a leer una lista de algunas instituciones públicas. ¿qué tanto confía ust,float64,1991,0,0.0,6,False,
2003,p62_3,Le voy a leer una lista de algunas instituciones públicas. ¿qué tanto confía ust,float64,1991,0,0.0,6,False,
2003,p62_4,Le voy a leer una lista de algunas instituciones públicas. ¿qué tanto confía ust,float64,1991,0,0.0,6,False,
2003,p62_5,Le voy a leer una lista de algunas instituciones públicas. ¿qué tanto confía ust,float64,1991,0,0.0,6,False,
2003,p62_6,Le voy a leer una lista de algunas instituciones públicas. ¿qué tanto confía ust,float64,1991,0,0.0,6,False,
2003,p62_7,Le voy a leer una lista de algunas instituciones públicas. ¿qué tanto confía ust,float64,1991,0,0.0,6,False,
2003,p62_8,Le voy a leer una lista de algunas instituciones públicas. ¿qué tanto confía ust,float64,1991,0,0.0,6,False,
2003,p62_9,Le voy a leer una lista de algunas instituciones públicas. ¿qué tanto confía ust,float64,1991,0,0.0,6,False,
2003,p63_1,Le voy a leer una lista de personas. ¿qué tanto confía usted en cada una de ella,float64,1991,0,0.0,6,False,
2003,p63_2,Le voy a leer una lista de personas. ¿qué tanto confía usted en cada una de ella,float64,1991,0,0.0,6,False,
2003,p63_3,Le voy a leer una lista de personas. ¿qué tanto confía usted en cada una de ella,float64,1991,0,0.0,6,False,
2003,p63_4,Le voy a leer una lista de personas. ¿qué tanto confía usted en cada una de ella,float64,1991,0,0.0,6,False,
2003,p63_5,Le voy a leer una lista de personas. ¿qué tanto confía usted en cada una de ella,float64,1991,0,0.0,6,False,
2003,p64,¿Tiene usted credencial de elector?,float64,1991,0,0.0,3,False,
2003,p64a,¿Por qué no tiene usted credencial para votar?,float64,1991,0,0.0,13,False,
2003,p65,Queremos saber su opinión sobre cómo mejorar la credencial de elector. ¿Trae su,float64,1991,0,0.0,5,False,
2003,p66,¿Qué es lo que más le gusta de la credencial y en qué se puede mejorar?,float64,1991,0,0.0,27,False,
2003,p67,"En las casillas de algunos estados, a los votantes les marcan en la credencial u",float64,1991,0,0.0,6,False,
2003,p68_1,Le voy a leer una lista de organizaciones sociales. ¿Me podría decir que tanta c,float64,1991,0,0.0,6,False,
2003,p68_2,Le voy a leer una lista de organizaciones sociales. ¿Me podría decir que tanta c,float64,1991,0,0.0,6,False,
2003,p68_3,Le voy a leer una lista de organizaciones sociales. ¿Me podría decir que tanta c,float64,1991,0,0.0,6,False,
2003,p68_4,Le voy a leer una lista de organizaciones sociales. ¿Me podría decir que tanta c,float64,1991,0,0.0,6,False,
2003,p68_5,Le voy a leer una lista de organizaciones sociales. ¿Me podría decir que tanta c,float64,1991,0,0.0,6,False,
2003,p68_6,Le voy a leer una lista de organizaciones sociales. ¿Me podría decir que tanta c,float64,1991,0,0.0,6,False,
2003,p68_7,Le voy a leer una lista de organizaciones sociales. ¿Me podría decir que tanta c,float64,1991,0,0.0,6,False,
2003,p69,Como usted sabe el grado de obediencia a las leyes y el cumplimiento de las disp,float64,1991,0,0.0,13,False,
2003,p70,"Usando la misma escala, ¿en dónde ubicaría usted al gobierno?, donde 0 es no cum",float64,1991,0,0.0,13,False,
2003,p70_1,"¿en dónde  se ubicaría usted?, donde 0 es no cumplen nada la ley y 10 cumplen to",float64,1991,0,0.0,13,False,
2003,p71,"Para tener el control de la Cámara de Diputados, un partido político debe tener",float64,1991,0,0.0,4,False,
2003,p71a,¿Qué partido?,float64,1991,0,0.0,9,False,
2003,p72,"Como resultado de las pasadas elecciones tendremos la siguiente situación, el Pr",float64,1991,0,0.0,4,False,
2003,p73,"En su opinión, que la  mayoría de los diputados sean de partidos distintos al PA",float64,1991,0,0.0,5,False,
2003,p73a,Si en los próximos tres años la situación económica del país............¿Quién c,float64,1991,0,0.0,5,False,
2003,p74_1,Que propone el PAN ¿qué se permita sin restricciones o que no se permita?,float64,1991,0,0.0,5,False,
2003,p74_2,Que propone el PRI ¿qué se permita sin restricciones o que no se permita?,float64,1991,0,0.0,5,False,
2003,p74_3,Que propone el PRD ¿qué se permita sin restricciones o que no se permita?,float64,1991,0,0.0,5,False,
2003,p74_4,Que propone el GOBIERNO DEL PRESIDENTE FOX ¿qué se permita sin restricciones o q,float64,1991,0,0.0,5,False,
2003,p74_5,Que prefiere USTED ¿qué se permita sin restricciones o que no se permita?,float64,1991,0,0.0,5,False,
2003,p75,También se discute si se debe o no permitir inversión extranjera en la producció,float64,1991,0,0.0,35,False,
2003,p76_1,Los partidos políticos tienen posiciones distintas sobre cómo deben ser las rela,float64,1991,0,0.0,13,False,
2003,p76_2,Los partidos políticos tienen posiciones distintas sobre cómo deben ser las rela,float64,1991,0,0.0,13,False,
2003,p76_3,Los partidos políticos tienen posiciones distintas sobre cómo deben ser las rela,float64,1991,0,0.0,13,False,
2003,p76_4,Los partidos políticos tienen posiciones distintas sobre cómo deben ser las rela,float64,1991,0,0.0,13,False,
2003,p76a,"Y en la misma escala, ¿dónde se ubicaría Usted?, donde 0 es que practicamente NO",float64,1991,0,0.0,13,False,
2003,p77_1,¿sabe usted qué porcentaje de IVA a alimentos y medicinas propone que se cobre E,float64,1991,0,0.0,16,False,
2003,p77_2,¿sabe usted qué porcentaje de IVA a alimentos y medicinas propone que se cobre E,float64,1991,0,0.0,17,False,
2003,p77_3,¿sabe usted qué porcentaje de IVA a alimentos y medicinas propone que se cobre E,float64,1991,0,0.0,16,False,
2003,p77_4,¿sabe usted qué porcentaje de IVA a alimentos y medicinas propone que se cobre E,float64,1991,0,0.0,18,False,
2003,p78,"Y entre cero y quince por ciento, ¿usted cuánto cree que se debe cobrar de IVA a",float64,1991,0,0.0,15,False,
2003,p79,"Después de esperar un año a que el gobierno les llevara agua, los habitantes de",float64,1991,0,0.0,5,False,
2003,pelea1,El 6 de julio de 2003 hubo elecciones para DIPUTADOS FEDERALES ¿Por cuál partido,float64,1991,1144,57.46,15,False,
2003,pelea3,El 6 de julio de 2003 hubo elecciones para DIPUTADOS FEDERALES ¿Por cuál partido,float64,1991,1408,70.72,14,False,
2003,PREFERENCIAS,,float64,1991,0,0.0,14,False,
2003,pele2000,El pasado 2 de julio de 2000 fueron las elecciones para Presidente de la Repúbli,float64,1991,0,0.0,9,False,
2003,s1,SEXO,float64,1991,0,0.0,2,False,
2003,s2,¿Cuántos años cumplidos tiene usted?,float64,1991,0,0.0,70,False,
2003,s3,¿Hasta qué año escolar estudió usted (grado máximo)?,float64,1991,0,0.0,11,False,
2003,s3_1,¿Qué carrera estudia (estudió)?,float64,1991,0,0.0,44,False,
2003,s4,¿Cuál fue su actividad principal la semana pasada?,float64,1991,0,0.0,9,False,
2003,s4a,¿Cuál fue su última ocupación principal es decir en donde  pasaba usted el mayor,float64,1991,0,0.0,44,False,
2003,s5,"¿Trabaja de tiempo completo, de medio tiempo, sólo por ratos o ayudando a la fam",float64,1991,0,0.0,7,False,
2003,s6,¿Cuál es su principal ocupación en el trabajo en el que pasa usted el mayor tiem,float64,1991,0,0.0,144,False,
2003,s7,¿Y cuál es el puesto o cargo que tiene en su trabajo principal?,float64,1991,0,0.0,173,False,
2003,s8,¿Y qué es usted en el lugar donde trabaja?,float64,1991,0,0.0,6,False,
2003,s9,"¿En qué tipo de institución, organismo o empresa trabaja usted?",float64,1991,0,0.0,10,False,
2003,s10,¿A qué tipo de actividad se dedica la institución o empresa donde usted trabaja?,float64,1991,0,0.0,10,False,
2003,s11,"¿Pertenece usted a algún sindicato, organización o asociación laboral (comercial",float64,1991,0,0.0,4,False,
2003,s11a,¿Alguien más en su hogar pertenece a algún sindicato o asociación?,float64,1991,0,0.0,4,False,
2003,s11b_1,Por favor dígame si usted pertenece o no a alguna de las siguientes asociaciones,float64,1991,0,0.0,2,False,
2003,s11b_2,Por favor dígame si usted pertenece o no a alguna de las siguientes asociaciones,float64,1991,0,0.0,2,False,
2003,s11b_3,Por favor dígame si usted pertenece o no a alguna de las siguientes asociaciones,float64,1991,0,0.0,2,False,
2003,s12,"Sumando los ingresos de todas las personas que trabajan en su casa,  ¿cuál es el",float64,1991,0,0.0,125,False,
2003,s12a,¿en cuál ubicaría el ingreso familiar mensual de su hogar?,float64,1991,0,0.0,10,False,
2003,s13,¿Cuántas personas dependen de este ingreso familiar?,float64,1991,0,0.0,17,False,
2003,s14,¿Cuenta usted con servicio telefónico en su vivienda?,float64,1991,0,0.0,4,False,
2003,s15,¿Cuál es  (fue) el grado máximo de estudios de su papá (mamá)?,float64,1991,0,0.0,11,False,
2003,s16,¿Me puede decir su estado civil?,float64,1991,0,0.0,6,False,
2003,s17,¿Cuál fue la actividad principal de su esposo (a) o pareja la semana pasada?,float64,1991,0,0.0,10,False,
2003,s17a,"¿Su esposo (a) o pareja trabaja de tiempo completo, de medio tiempo o sólo por r",float64,1991,0,0.0,7,False,
2003,s17b,"¿Cuál es la principal ocupación de su esposo (a) o pareja, es decir el trabajo e",float64,1991,0,0.0,121,False,
2003,s17c,¿Y qué es su esposo (a) o pareja en el lugar donde trabaja?,float64,1991,0,0.0,7,False,
2003,s17d,"¿En qué tipo de institución, organismo o empresa trabaja su esposo (a) o pareja?",float64,1991,0,0.0,10,False,
2003,s17e,¿A qué tipo de actividad se dedica la institución o empresa donde trabaja su esp,float64,1991,0,0.0,10,False,
2003,s18,"En su hogar, ¿quién es la fuente principal de ingresos?",float64,1991,0,0.0,19,False,
2003,s19,¿Y a qué se dedica........?,float64,1991,0,0.0,76,False,
2003,s20,¿Cuántas personas viven en su hogar?,float64,1991,0,0.0,17,False,
2003,s21,¿Cuántas personas menores de 18 años viven en su hogar?,float64,1991,0,0.0,13,False,
2003,s22,"¿Cómo se considera usted: indígena, mestizo, blanco  o de otra raza?",float64,1991,0,0.0,5,False,
2003,s23,¿Me podría decir actualmente cuál es su religión?,float64,1991,0,0.0,17,False,
2003,s24,¿Con qué frecuencia asiste usted a la iglesia o al templo?,float64,1991,0,0.0,9,False,
2003,s25,¿Cómo considera su grado de religiosidad?,float64,1991,0,0.0,6,False,
2003,s25a,¿Con qué frecuencia reza usted?,float64,1991,0,0.0,7,False,
2003,s26,¿Habla Ud. alguna lengua indígena o dialecto?,float64,1991,0,0.0,2,False,
2003,s26a,¿Dónde lo habla con mayor frecuencia?,float64,1991,0,0.0,7,False,
2003,s26b,¿Sus padres hablan (hablaban) alguna lengua indígena o dialecto?,float64,1991,0,0.0,4,False,
2003,s27,¿Qué idioma habla usualmente en su hogar?,float64,1991,0,0.0,11,False,
2003,hr_fin,FIN DE ENTREVISTA: HORA,float64,1991,0,0.0,16,False,
2003,min_fin,FIN DE ENTREVISTA: MINUTO,float64,1991,0,0.0,60,False,
2003,PID,,float64,1991,0,0.0,3,False,
2003,edad,,float64,1991,0,0.0,5,False,
2003,INGRESO,,float64,1991,0,0.0,7,False,
2003,AÑO,,float64,1991,0,0.0,1,False,
2003,INCUMBENT,,float64,1991,0,0.0,1,False,
2003,NSE,,float64,1991,0,0.0,6,False,
2003,IIP4,,float64,1991,0,0.0,4,False,
2003,PONDFIN,PONDERADOR FINAL DEFLACTADO CALCULADO COMO PONDE*NORES*PONDSEX*(1991/58761522),float64,1991,0,0.0,150,False,
2003,PONDERADOR,,float64,1991,0,0.0,457,False,
2003,vote2003a,,float64,1991,561,28.18,5,False,
2003,vote2003b,,float64,1991,727,36.51,4,False,
2003,pid2003a,RECODE of p18a_1 (¿Con cuál partido?(Primera mencion)),float64,1991,0,0.0,6,False,
2003,pid2003b,RECODE of p18a_1 (¿Con cuál partido?(Primera mencion)),float64,1991,37,1.86,5,False,
2003,copartisan,RECODE of pid2003b (RECODE of p18a_1 (¿Con cuál partido?(Primera mencion))),float64,1991,37,1.86,3,False,
2003,approval2003a,RECODE of p28 (¿está usted de acuerdo o en desacuerdo con la manera como está go,float64,1991,0,0.0,5,False,
2003,approval2003b,RECODE of p28 (¿está usted de acuerdo o en desacuerdo con la manera como está go,float64,1991,67,3.37,4,False,
2003,ideology2003a,"RECODE of p24 (En política la gente habla a menudo de la ""izquierda"" y la ""derec",float64,1991,0,0.0,12,False,
2003,ideology2003b,"RECODE of p24 (En política la gente habla a menudo de la ""izquierda"" y la ""derec",float64,1991,563,28.28,11,False,
2003,ideology2003c,"RECODE of p24 (En política la gente habla a menudo de la ""izquierda"" y la ""derec",float64,1991,0,0.0,4,False,
2003,satisfaction2003a,"RECODE of p8 (¿está usted muy satisfecho, satisfecho, poco satisfecho o nada sat",float64,1991,0,0.0,5,False,
2003,satisfaction2003b,"RECODE of p8 (¿está usted muy satisfecho, satisfecho, poco satisfecho o nada sat",float64,1991,87,4.37,4,False,
2003,pan2003a,"RECODE of p19_1 (¿Cómo calificaría al PAN?, donde 0 es NO LE GUSTA TANDA y 10 es",float64,1991,0,0.0,12,False,
2003,pan2003b,"RECODE of p19_1 (¿Cómo calificaría al PAN?, donde 0 es NO LE GUSTA TANDA y 10 es",float64,1991,119,5.98,11,False,
2003,pri2003a,"RECODE of p19_2 (¿Cómo calificaría al PRI?, donde 0 es NO LE GUSTA TANDA y 10 es",float64,1991,0,0.0,12,False,
2003,pri2003b,"RECODE of p19_2 (¿Cómo calificaría al PRI?, donde 0 es NO LE GUSTA TANDA y 10 es",float64,1991,115,5.78,11,False,
2003,prd2003a,"RECODE of p19_3 (¿Cómo calificaría al PRD?, donde 0 es NO LE GUSTA TANDA y 10 es",float64,1991,0,0.0,12,False,
2003,prd2003b,"RECODE of p19_3 (¿Cómo calificaría al PRD?, donde 0 es NO LE GUSTA TANDA y 10 es",float64,1991,215,10.8,11,False,
2003,precinct,TIPO,float64,1991,0,0.0,3,False,
2003,precinct2003,RECODE of precinct (TIPO),float64,1991,0,0.0,3,False,
2003,education2003,RECODE of s3 (¿Hasta qué año escolar estudió usted (grado máximo)?),float64,1991,3,0.15,4,False,
2003,income2003a,RECODE of s12 (Sumando los ingresos de todas las personas que trabajan en su cas,float64,1991,143,7.18,4,False,
2003,income2003c,RECODE of income2003a (RECODE of s12 (Sumando los ingresos de todas las personas,float64,1991,143,7.18,4,False,
2003,religion2003a,RECODE of s23 (¿Me podría decir actualmente cuál es su religión?),float64,1991,0,0.0,4,False,
2003,religion2003b,RECODE of s23 (¿Me podría decir actualmente cuál es su religión?),float64,1991,18,0.9,3,False,
2003,religion2003c,RECODE of s23 (¿Me podría decir actualmente cuál es su religión?),float64,1991,18,0.9,4,False,
2003,age2003,,float64,1991,5,0.25,69,False,
2003,age2003b,RECODE of s2 (¿Cuántos años cumplidos tiene usted?),float64,1991,5,0.25,4,False,
2003,female2003,RECODE of s1 (SEXO),float64,1991,0,0.0,2,False,
2003,isco08_1_ES,ISCO-08 2 díg. Opción A (todos) — etiquetas ES,float64,1991,0,0.0,22,False,
2003,isco08_2_ES,ISCO-08 2 díg. Opción B (solo válidos) — etiquetas ES,float64,1991,1915,96.18,19,False,
2003,isco08_1_ENG,ISCO-08 2-digit Option A (all) — EN labels,float64,1991,0,0.0,22,False,
2003,isco08_2_ENG,ISCO-08 2-digit Option B (valid only) — EN labels,float64,1991,1915,96.18,19,False,
2006,id,,str,1591,0,0.0,1591,False,
2006,D_R,,float64,1591,1591,100.0,0,False,
2006,encuesta,,float64,1591,0,0.0,156,False,
2006,ESTADO,,float64,1591,0,0.0,26,False,
2006,MPIO,,float64,1591,0,0.0,53,False,
2006,EDO_MPIO,,float64,1591,0,0.0,70,False,
2006,SECC,,float64,1591,0,0.0,157,False,
2006,mz,,float64,1591,0,0.0,5,False,
2006,folio,,float64,1591,0,0.0,10,False,
2006,TIPO,TIPO,str,1591,0,0.0,3,False,
2006,version,,float64,1591,0,0.0,2,False,
2006,rechazo,,float64,1591,0,0.0,8,False,
2006,hora_ini,,float64,1591,0,0.0,17,False,
2006,min_ini,,float64,1591,0,0.0,60,False,
2006,ps2,ÃÂ¿CuÃÂ¡ntos aÃÂ±os cumplidos tiene usted?,float64,1591,0,0.0,72,False,
2006,ps3,ÃÂ¿Hasta quÃÂ© aÃÂ±o escolar estudiÃÂ³ usted (grado mÃÂ¡ximo)?,float64,1591,0,0.0,10,False,
2006,ps3_1,ÃÂ¿QuÃÂ© carrera estudia (estudiÃÂ³)?,float64,1591,0,0.0,38,False,
2006,ps20,ÃÂ¿CuÃÂ¡ntas personas viven en su hogar?,float64,1591,0,0.0,16,False,
2006,ps21,ÃÂ¿CuÃÂ¡ntas personas menores de 18 aÃÂ±os viven en su hogar?,float64,1591,0,0.0,12,False,
2006,pi,"En las elecciones presidenciales que acaban de pasar, muchas personas no pudiero",float64,1591,0,0.0,4,False,
2006,pia,"Si usted hubiera ido a votar, ÃÂ¿por cuÃÂ¡l candidato habrÃÂ­a votado?",float64,1591,0,0.0,10,False,
2006,piii,ÃÂ¿Y en esta elecciÃÂ³n para presidente que acaba de pasar pensÃÂ³ usted en votar p,float64,1591,0,0.0,4,False,
2006,piiia_1,Por quiÃÂ©n (o quiÃÂ©nes)?,float64,1591,0,0.0,10,False,
2006,piiia_2,Por quiÃÂ©n (o quiÃÂ©nes)?,float64,1591,0,0.0,9,False,
2006,piiia_3,Por quiÃÂ©n (o quiÃÂ©nes)?,float64,1591,0,0.0,7,False,
2006,piv,ÃÂ¿Y hubo algÃÂºn o algunos candidatos por los que usted NUNCA hubiera votado?,float64,1591,0,0.0,4,False,
2006,piva_1,ÃÂ¿Por quiÃÂ©n(es)?,float64,1591,0,0.0,10,False,
2006,piva_2,ÃÂ¿Por quiÃÂ©n(es)?,float64,1591,0,0.0,8,False,
2006,piva_3,ÃÂ¿Por quiÃÂ©n(es)?,float64,1591,0,0.0,8,False,
2006,p1,"Pensando en las cosas que a usted le interesan en lo personal, ÃÂ¿cuÃÂ¡l fue el as",float64,1591,0,0.0,71,False,
2006,p1a,"ÃÂ¿Y pensando en las cosas que a usted le interesan en lo personal,  ÃÂ¿cuÃÂ¡l fue",float64,1591,0,0.0,90,False,
2006,p2,"Y pensando en el paÃÂ­s en general, ÃÂ¿cuÃÂ¡l cree usted que es el problema polÃÂ­ti",float64,1591,0,0.0,91,False,
2006,p2a,ÃÂ¿Y cuÃÂ¡l cree usted que es el Segundo problema polÃÂ­tico mÃÂ¡s importante que en,float64,1591,0,0.0,91,False,
2006,p3,"Pensando en el problema mÃÂ¡s importante que enfrenta MÃÂ©xico en estos momentos,",float64,1591,0,0.0,9,False,
2006,p3a,Y pensando en el segundo problema mÃÂ¡s importante que enfrenta MÃÂ©xico en estos,float64,1591,0,0.0,9,False,
2006,p4,Alg pers dicen q sÃÂ­ importa cuÃÂ¡l part es el q gobierna. Otras dicen q realment,float64,1591,0,0.0,7,False,
2006,p5,Alg pers piensan q el voto no influye en lo q sucede en el paÃÂ­s. Otras pers con,float64,1591,0,0.0,7,False,
2006,p6,"Pensando en tÃÂ©rminos generales, ÃÂ¿quÃÂ© tan buen o mal trabajo cree usted que ha",float64,1591,0,0.0,7,False,
2006,p7,ÃÂ¿Usted dirÃÂ­a que alguno de los partidos polÃÂ­ticos representa razonablemente b,float64,1591,0,0.0,4,False,
2006,p7a,ÃÂ¿CuÃÂ¡l partido representa mejor lo que Usted piensa?,float64,1591,0,0.0,11,False,
2006,p8,"Independientemente de lo que Usted piensa de los partidos, usted dirÃÂ­a que algu",float64,1591,0,0.0,4,False,
2006,p8a,ÃÂ¿CuÃÂ¡l candidato representa mejor lo que usted piensa?,float64,1591,0,0.0,10,False,
2006,p9a,"DespuÃÂ©s de leerle el nombre de cada partido, x favor califÃÂ­quelo de acdo c/la",float64,1591,0,0.0,14,False,
2006,p9b,"DespuÃÂ©s de leerle el nombre de cada partido, x favor califÃÂ­quelo de acdo c/la",float64,1591,0,0.0,14,False,
2006,p9c,"DespuÃÂ©s de leerle el nombre de cada partido, x favor califÃÂ­quelo de acdo c/la",float64,1591,0,0.0,14,False,
2006,p9d,"DespuÃÂ©s de leerle el nombre de cada partido, x favor califÃÂ­quelo de acdo c/la",float64,1591,0,0.0,14,False,
2006,p9e,"DespuÃÂ©s de leerle el nombre de cada partido, x favor califÃÂ­quelo de acdo c/la",float64,1591,0,0.0,14,False,
2006,p9f,"DespuÃÂ©s de leerle el nombre de cada partido, x favor califÃÂ­quelo de acdo c/la",float64,1591,0,0.0,14,False,
2006,p9g,"DespuÃÂ©s de leerle el nombre de cada partido, x favor califÃÂ­quelo de acdo c/la",float64,1591,0,0.0,14,False,
2006,p9h,"DespuÃÂ©s de leerle el nombre de cada partido, x favor califÃÂ­quelo de acdo c/la",float64,1591,0,0.0,14,False,
2006,p10a,ÃÂ¿Y quÃÂ© piensa de los candidatos presidenciales? 0 significa que a usted NO LE,float64,1591,0,0.0,14,False,
2006,p10b,ÃÂ¿Y quÃÂ© piensa de los candidatos presidenciales? 0 significa que a usted NO LE,float64,1591,0,0.0,14,False,
2006,p10c,ÃÂ¿Y quÃÂ© piensa de los candidatos presidenciales? 0 significa que a usted NO LE,float64,1591,0,0.0,14,False,
2006,p10g,ÃÂ¿Y quÃÂ© piensa de los candidatos presidenciales? 0 significa que a usted NO LE,float64,1591,0,0.0,14,False,
2006,p10h,ÃÂ¿Y quÃÂ© piensa de los candidatos presidenciales? 0 significa que a usted NO LE,float64,1591,0,0.0,14,False,
2006,p11a,"Usando la escala que aparece en la tarjeta 4, donde 0 significa izquierda y 10 d",float64,1591,0,0.0,13,False,
2006,p11b,"Usando la escala que aparece en la tarjeta 4, donde 0 significa izquierda y 10 d",float64,1591,0,0.0,13,False,
2006,p11c,"Usando la escala que aparece en la tarjeta 4, donde 0 significa izquierda y 10 d",float64,1591,0,0.0,13,False,
2006,p11d,"Usando la escala que aparece en la tarjeta 4, donde 0 significa izquierda y 10 d",float64,1591,0,0.0,13,False,
2006,p11e,"Usando la escala que aparece en la tarjeta 4, donde 0 significa izquierda y 10 d",float64,1591,0,0.0,13,False,
2006,p11f,"Usando la escala que aparece en la tarjeta 4, donde 0 significa izquierda y 10 d",float64,1591,0,0.0,13,False,
2006,p11g,"Usando la escala que aparece en la tarjeta 4, donde 0 significa izquierda y 10 d",float64,1591,0,0.0,13,False,
2006,p11h,"Usando la escala que aparece en la tarjeta 4, donde 0 significa izquierda y 10 d",float64,1591,0,0.0,13,False,
2006,p12a,"Y usando la misma escala, en dÃÂ³nde ubicarÃÂ­a usted a.? Felipe Calderon",float64,1591,0,0.0,13,False,
2006,p12b,"Y usando la misma escala, en dÃÂ³nde ubicarÃÂ­a usted a.? Roberto Madrazo",float64,1591,0,0.0,13,False,
2006,p12c,"Y usando la misma escala, en dÃÂ³nde ubicarÃÂ­a usted a.? AndrÃÂ©s Manuel LÃÂ³pez Ob",float64,1591,0,0.0,13,False,
2006,p12g,"Y usando la misma escala, en dÃÂ³nde ubicarÃÂ­a usted a.? Roberto Campa CifriÃÂ¡n",float64,1591,0,0.0,13,False,
2006,p12h,"Y usando la misma escala, en dÃÂ³nde ubicarÃÂ­a usted a.? Patricia Mercado",float64,1591,0,0.0,13,False,
2006,p13," y usando la escala que aparece en la tarjeta 4, donde 0 significa izquierda y 1",float64,1591,0,0.0,13,False,
2006,p14a,La gente tambiÃÂ©n habla de liberales y conservadores. Usando la escala que apare,float64,1591,0,0.0,13,False,
2006,p14b,La gente tambiÃÂ©n habla de liberales y conservadores. Usando la escala que apare,float64,1591,0,0.0,13,False,
2006,p14c,La gente tambiÃÂ©n habla de liberales y conservadores. Usando la escala que apare,float64,1591,0,0.0,13,False,
2006,p14d,La gente tambiÃÂ©n habla de liberales y conservadores. Usando la escala que apare,float64,1591,0,0.0,13,False,
2006,p14e,La gente tambiÃÂ©n habla de liberales y conservadores. Usando la escala que apare,float64,1591,0,0.0,13,False,
2006,p14f,La gente tambiÃÂ©n habla de liberales y conservadores. Usando la escala que apare,float64,1591,0,0.0,13,False,
2006,p14g,La gente tambiÃÂ©n habla de liberales y conservadores. Usando la escala que apare,float64,1591,0,0.0,13,False,
2006,p14h,La gente tambiÃÂ©n habla de liberales y conservadores. Usando la escala que apare,float64,1591,0,0.0,13,False,
2006,p15a,"Y usando la misma escala, en dÃÂ³nde ubicarÃÂ­a usted a Felipe CalderÃÂ³n",float64,1591,0,0.0,13,False,
2006,p15b,"Y usando la misma escala, en dÃÂ³nde ubicarÃÂ­a usted a Roberto Madrazo",float64,1591,0,0.0,13,False,
2006,p15c,"Y usando la misma escala, en dÃÂ³nde ubicarÃÂ­a usted a Andres Manuel Lopez Obrado",float64,1591,0,0.0,13,False,
2006,p15g,"Y usando la misma escala, en dÃÂ³nde ubicarÃÂ­a usted a Roberto Campa CifriÃÂ¡n",float64,1591,0,0.0,13,False,
2006,p15h,"Y usando la misma escala, en dÃÂ³nde ubicarÃÂ­a usted a Patricia Mercado",float64,1591,0,0.0,13,False,
2006,p16,"y usando la escala que aparece en la tarjeta 5, donde 0 significa liberal y 10 c",float64,1591,0,0.0,13,False,
2006,p17,ÃÂ¿Usted dirÃÂ­a que durante la campaÃÂ±a electoral que acaba de pasar hubo diferen,float64,1591,0,0.0,5,False,
2006,p18,"ÃÂ¿Usted siguiÃÂ³ la campaÃÂ±a electoral con mucha atenciÃÂ³n, con algo de atenciÃÂ³n",float64,1591,0,0.0,6,False,
2006,p19,"En general, ÃÂ¿estÃÂ¡ usted muy satisfecho, satisfecho, poco satisfecho o nada sat",float64,1591,0,0.0,6,False,
2006,p20,"Independientemente de por cuÃÂ¡l partido votÃÂ³ en la elecciÃÂ³n pasada, en general",float64,1591,0,0.0,4,False,
2006,p20a_1,ÃÂ¿Con cuÃÂ¡l partido?,float64,1591,697,43.81,10,False,
2006,p20a_2,ÃÂ¿Con cuÃÂ¡l partido?,float64,1591,0,0.0,11,False,
2006,p20a_3,ÃÂ¿Con cuÃÂ¡l partido?,float64,1591,0,0.0,9,False,
2006,p20b,ÃÂ¿Con cuÃÂ¡l de estos partidos que mencionÃÂ³ simpatiza usted un poco mÃÂ¡s?,float64,1591,0,0.0,10,False,
2006,p20c,ÃÂ¿Siente usted un poco mÃÂ¡s de simpatÃÂ­a por algÃÂºn partido polÃÂ­tico que por lo,float64,1591,0,0.0,5,False,
2006,p20d,ÃÂ¿Por cuÃÂ¡l partido?,float64,1591,0,0.0,10,False,
2006,p20e,"ÃÂ¿QuÃÂ© tanto simpatiza usted con ese partido que mencionÃÂ³,  mucho, bastante o p",float64,1591,0,0.0,6,False,
2006,p21,ÃÂ¿Pudo usted votar en la elecciÃÂ³n para diputados federales del pasado 2 de juli,float64,1591,0,0.0,5,False,
2006,p21a,"Si usted hubiera ido a votar para diputado federal, ÃÂ¿por cuÃÂ¡l partido habrÃÂ­a",float64,1591,0,0.0,10,False,
2006,p23,ÃÂ¿Y en esta elecciÃÂ³n de diputados pensÃÂ³ usted en votar por un partido distinto,float64,1591,0,0.0,4,False,
2006,p23a_1,Por cuÃÂ¡l?,float64,1591,0,0.0,10,False,
2006,p23a_2,Por cuÃÂ¡l?,float64,1591,0,0.0,8,False,
2006,p23a_3,Por cuÃÂ¡l?,float64,1591,0,0.0,5,False,
2006,p23b,ÃÂ¿Y hubo algÃÂºn o algunos partidos por los que usted NUNCA hubiera votado para d,float64,1591,0,0.0,4,False,
2006,p23c_1,ÃÂ¿Por cuÃÂ¡les?,float64,1591,0,0.0,10,False,
2006,p23c_2,ÃÂ¿Por cuÃÂ¡les?,float64,1591,0,0.0,8,False,
2006,p23c_3,ÃÂ¿Por cuÃÂ¡les?,float64,1591,0,0.0,9,False,
2006,p23d,ÃÂ¿Pudo usted votar en la elecciÃÂ³n para senadores del pasado 2 de julio de 2006?,float64,1591,0,0.0,5,False,
2006,p23e,"Si usted hubiera ido a votar para senadores, ÃÂ¿por cuÃÂ¡l partido habrÃÂ­a votado?",float64,1591,0,0.0,10,False,
2006,p25,ÃÂ¿Y en esta elecciÃÂ³n de senadores pensÃÂ³ usted en votar por un partido distinto,float64,1591,0,0.0,4,False,
2006,p25a_1,Por cuÃÂ¡l?,float64,1591,0,0.0,9,False,
2006,p25a_2,Por cuÃÂ¡l?,float64,1591,0,0.0,9,False,
2006,p25a_3,Por cuÃÂ¡l?,float64,1591,0,0.0,6,False,
2006,p25b,ÃÂ¿Y hubo algÃÂºn o algunos partidos por los que usted NUNCA hubiera votado para s,float64,1591,0,0.0,4,False,
2006,p25c_1,ÃÂ¿Por cuÃÂ¡les?,float64,1591,0,0.0,10,False,
2006,p25c_2,ÃÂ¿Por cuÃÂ¡les?,float64,1591,0,0.0,10,False,
2006,p25c_3,ÃÂ¿Por cuÃÂ¡les?,float64,1591,0,0.0,9,False,
2006,p26,ÃÂ¿Y usted votÃÂ³ en las pasadas elecciones del 2003 para diputados federales?,float64,1591,0,0.0,5,False,
2006,p26a,ÃÂ¿Me puede decir por cuÃÂ¡l partido votÃÂ³ en esa elecciÃÂ³n del 2003?,float64,1591,0,0.0,13,False,
2006,p27,"Con lo que usted sabe, ÃÂ¿cuÃÂ¡les son las cÃÂ¡maras que tiene el Congreso de MÃÂ©xi",float64,1591,0,0.0,6,False,
2006,p27a,"En general, ÃÂ¿cuÃÂ¡ntos aÃÂ±os dura un diputado en su cargo (puesto)?",float64,1591,0,0.0,4,False,
2006,p27b,"ÃÂ¿Por favor, me puede decir el nombre del actual Gobernador de su estado",float64,1591,0,0.0,4,False,
2006,p28,ÃÂ¿CuÃÂ¡l cree Ud. que ha sido el asunto mÃÂ¡s importante que ha enfrentado el gobi,float64,1591,794,49.91,65,False,
2006,p29,ÃÂ¿QuÃÂ© piensa usted acerca de la situaciÃÂ³n econÃÂ³mica de MÃÂ©xico en estos dÃÂ­as,float64,1591,0,0.0,7,False,
2006,p30,ÃÂ¿DirÃÂ­a usted que durante los ÃÂºltimos doce meses la situaciÃÂ³n econÃÂ³mica del,float64,1591,794,49.91,6,False,
2006,p30a,ÃÂ¿DirÃÂ­a usted que ha mejorado mucho o poco?,float64,1591,1405,88.31,3,False,
2006,p30b,ÃÂ¿DirÃÂ­a usted que ha empeorado mucho o poco?,float64,1591,1364,85.73,2,False,
2006,p31,"Y, ÃÂ¿quiÃÂ©n considera usted que es el principal responsable de que la situaciÃÂ³n",float64,1591,794,49.91,47,False,
2006,p32,"Por favor, dÃÂ­game ÃÂ¿con cuÃÂ¡l de los siguientes dichos se identifica usted mÃÂ¡s",float64,1591,0,0.0,6,False,
2006,p33,Durante el ÃÂºltimo aÃÂ±o ÃÂ¿considera usted que SU situaciÃÂ³n econÃÂ³mica personal,float64,1591,794,49.91,6,False,
2006,p34,"Comparada con el ÃÂºltimo aÃÂ±o del sexenio anterior, ÃÂ¿cÃÂ³mo cree usted que estÃÂ¡",float64,1591,794,49.91,6,False,
2006,p34a,"Y, ÃÂ¿quiÃÂ©n considera usted que es el principal responsable de que la situaciÃÂ³n",float64,1591,794,49.91,40,False,
2006,p35_1,"En el ÃÂºltimo aÃÂ±o, ÃÂ¿considera usted que...(ENCUESTADOR: LEER CADA OPCION) ha a",float64,1591,794,49.91,5,False,
2006,p35_2,"En el ÃÂºltimo aÃÂ±o, ÃÂ¿considera usted que...(ENCUESTADOR: LEER CADA OPCION) ha a",float64,1591,794,49.91,5,False,
2006,p35_3,"En el ÃÂºltimo aÃÂ±o, ÃÂ¿considera usted que...(ENCUESTADOR: LEER CADA OPCION) ha a",float64,1591,794,49.91,5,False,
2006,p35_4,"En el ÃÂºltimo aÃÂ±o, ÃÂ¿considera usted que...(ENCUESTADOR: LEER CADA OPCION) ha a",float64,1591,794,49.91,5,False,
2006,p35_5,"En el ÃÂºltimo aÃÂ±o, ÃÂ¿considera usted que...(ENCUESTADOR: LEER CADA OPCION) ha a",float64,1591,794,49.91,5,False,
2006,p36,Suponiendo que el TRIFE declara pdte electo a CalderÃÂ³n y comparado c/lo q ha he,float64,1591,794,49.91,7,False,
2006,p36a,"Y dÃÂ­game, ÃÂ¿quÃÂ© tan seguro estÃÂ¡ usted de que Felipe CalderÃÂ³n del  PAN harÃÂ¡",float64,1591,794,49.91,7,False,
2006,p36b,"Y dÃÂ­game, ÃÂ¿quÃÂ© tan seguro estÃÂ¡ usted de que Felipe CalderÃÂ³n del PAN  harÃÂ¡",float64,1591,794,49.91,8,False,
2006,p36c,"Y dÃÂ­game, ÃÂ¿quÃÂ© tan seguro estÃÂ¡ usted de que Felipe CalderÃÂ³n del PAN harÃÂ¡ i",float64,1591,794,49.91,8,False,
2006,p36d,"Y dÃÂ­game, ÃÂ¿quÃÂ© tan seguro estÃÂ¡ usted de que Felipe CalderÃÂ³n del PAN harÃÂ¡ a",float64,1591,794,49.91,8,False,
2006,p36e,"Y dÃÂ­game, ÃÂ¿quÃÂ© tan seguro estÃÂ¡ usted de que Felipe CalderÃÂ³n del PAN harÃÂ¡ m",float64,1591,794,49.91,7,False,
2006,p37,Suponiendo que el TRIFE declara pdte electo a AMLO y comparado con lo q ha hecho,float64,1591,794,49.91,7,False,
2006,p37a,"Y dÃÂ­game, ÃÂ¿quÃÂ© tan seguro estÃÂ¡ usted de que LÃÂ³pez Obrador del PRD harÃÂ¡ muc",float64,1591,794,49.91,7,False,
2006,p37b,"Y dÃÂ­game, ÃÂ¿quÃÂ© tan seguro estÃÂ¡ usted de que LÃÂ³pez Obrador del PRD  harÃÂ¡ al",float64,1591,794,49.91,7,False,
2006,p37c,"Y dÃÂ­game, ÃÂ¿quÃÂ© tan seguro estÃÂ¡ usted de que LÃÂ³pez Obrador del PRD harÃÂ¡ igu",float64,1591,794,49.91,8,False,
2006,p37d,"Y dÃÂ­game, ÃÂ¿quÃÂ© tan seguro estÃÂ¡ usted de que LÃÂ³pez Obrador del PRD harÃÂ¡ alg",float64,1591,794,49.91,7,False,
2006,p37e,"Y dÃÂ­game, ÃÂ¿quÃÂ© tan seguro estÃÂ¡ usted de que LÃÂ³pez Obrador del PRD harÃÂ¡ muc",float64,1591,794,49.91,8,False,
2006,p38,Algunos dicen que el prÃÂ³ximo presidente debe mantener el  rumbo del gobierno de,float64,1591,794,49.91,6,False,
2006,p39,"Si Felipe CalderÃÂ³n fuera el prÃÂ³ximo presidente, de las siguientes afirmaciones",float64,1591,794,49.91,7,False,
2006,p40,"Si AndrÃÂ©s Manuel LÃÂ³pez Obrador fuera el prÃÂ³ximo presidente, de las siguientes",float64,1591,794,49.91,7,False,
2006,p41,"ÃÂ¿En una escala de 0 a 10, quÃÂ© calificaciÃÂ³n le darÃÂ­a a Vicente Fox como presi",float64,1591,794,49.91,12,False,
2006,p42a,"Por favor, dÃÂ­game Donde 1 es nunca se justifica y 10 es siempre se justifica. D",float64,1591,797,50.09,11,False,
2006,p42b,"Por favor, dÃÂ­game Donde 1 es nunca se justifica y 10 es siempre se justifica. D",float64,1591,797,50.09,11,False,
2006,p42c,"Por favor, dÃÂ­game Donde 1 es nunca se justifica y 10 es siempre se justifica. E",float64,1591,797,50.09,11,False,
2006,p42d,"Por favor, dÃÂ­game Donde 1 es nunca se justifica y 10 es siempre se justifica. H",float64,1591,797,50.09,11,False,
2006,p42e,"Por favor, dÃÂ­game Donde 1 es nunca se justifica y 10 es siempre se justifica. P",float64,1591,797,50.09,11,False,
2006,p42f,"Por favor, dÃÂ­game Donde 1 es nunca se justifica y 10 es siempre se justifica. A",float64,1591,797,50.09,11,False,
2006,p42g,"Por favor, dÃÂ­game Donde 1 es nunca se justifica y 10 es siempre se justifica. D",float64,1591,797,50.09,11,False,
2006,p42h,"Por favor, dÃÂ­game Donde 1 es nunca se justifica y 10 es siempre se justifica. E",float64,1591,797,50.09,11,False,
2006,p43a,ÃÂ¿CÃÂ³mo colocarÃÂ­a sus puntos de vista en esta escala? 1 significa DeberÃÂ­a habe,float64,1591,797,50.09,11,False,
2006,p43b,ÃÂ¿CÃÂ³mo colocarÃÂ­a sus puntos de vista en esta escala? 1 significa DeberÃÂ­a aume,float64,1591,797,50.09,11,False,
2006,p43c,ÃÂ¿CÃÂ³mo colocarÃÂ­a sus puntos de vista en esta escala? 1 significa El gobierno d,float64,1591,797,50.09,11,False,
2006,p43d,ÃÂ¿CÃÂ³mo colocarÃÂ­a sus puntos de vista en esta escala? 1 significa La competenci,float64,1591,797,50.09,11,False,
2006,p43e,ÃÂ¿C/colocarÃÂ­a sus ptos d vista en esta escala? 1 sig Una soc = en donde la dif,float64,1591,797,50.09,11,False,
2006,p43f,ÃÂ¿C/colocarÃÂ­a sus ptos d vista en esta escala? 1 sig Debe permitirse la imparti,float64,1591,797,50.09,11,False,
2006,p44_1,QuÃÂ© tan de acuerdo o desacuerdo estÃÂ¡ usted con que. AndrÃÂ©s Manuel LÃÂ³pez Obra,float64,1591,0,0.0,6,False,
2006,p44_2,QuÃÂ© tan de acuerdo o desacuerdo estÃÂ¡ usted con que. Infunde orgullo ser asocia,float64,1591,794,49.91,6,False,
2006,p44_3,QuÃÂ© tan de acuerdo o desacuerdo estÃÂ¡ usted con que. LÃÂ³pez Obrador actÃÂºa mÃÂ¡s,float64,1591,0,0.0,6,False,
2006,p44_4,QuÃÂ© tan de acuerdo o desacuerdo estÃÂ¡ usted con que. Las acciones de LÃÂ³pez Obr,float64,1591,794,49.91,6,False,
2006,p44_5,QuÃÂ© tan de acuerdo o desacuerdo estÃÂ¡ usted con que. LÃÂ³pez Obrador mide las co,float64,1591,794,49.91,6,False,
2006,p44_6,QuÃÂ© tan de acuerdo o desacuerdo estÃÂ¡ usted con que. LÃÂ³pez Obrador expresa una,float64,1591,0,0.0,6,False,
2006,p45_1,QuÃÂ© tan de acuerdo o desacuerdo estÃÂ¡ usted con que. Felipe CalderÃÂ³n es un lÃÂ­,float64,1591,0,0.0,6,False,
2006,p45_2,QuÃÂ© tan de acuerdo o desacuerdo estÃÂ¡ usted con que. Infunde orgullo ser asocia,float64,1591,794,49.91,6,False,
2006,p45_3,QuÃÂ© tan de acuerdo o desacuerdo estÃÂ¡ usted con que. Felipe CalderÃÂ³n actÃÂºa mÃ,float64,1591,0,0.0,6,False,
2006,p45_4,QuÃÂ© tan de acuerdo o desacuerdo estÃÂ¡ usted con que. Las acciones de Felipe Cal,float64,1591,794,49.91,6,False,
2006,p45_5,QuÃÂ© tan de acuerdo o desacuerdo estÃÂ¡ usted con que. Felipe CalderÃÂ³n mide las,float64,1591,794,49.91,6,False,
2006,p45_6,QuÃÂ© tan de acuerdo o desacuerdo estÃÂ¡ usted con que. Felipe CalderÃÂ³n expresa u,float64,1591,0,0.0,6,False,
2006,p46,"En general, ÃÂ¿estÃÂ¡ usted de acuerdo o en desacuerdo con la manera como estÃÂ¡ go",float64,1591,0,0.0,6,False,
2006,p47_1,"De las siguientes cualidades, ÃÂ¿cuÃÂ¡l es la que mÃÂ¡s distingue a Felipe CalderÃÂ³",float64,1591,797,50.09,8,False,
2006,p47_2,"De las siguientes cualidades, ÃÂ¿cuÃÂ¡l es la que mÃÂ¡s distingue a Felipe CalderÃÂ³",float64,1591,797,50.09,8,False,
2006,p47_3,"De las siguientes cualidades, ÃÂ¿cuÃÂ¡l es la que mÃÂ¡s distingue a Felipe CalderÃÂ³",float64,1591,797,50.09,7,False,
2006,p47_4,"De las siguientes cualidades, ÃÂ¿cuÃÂ¡l es la que mÃÂ¡s distingue a Felipe CalderÃÂ³",float64,1591,797,50.09,7,False,
2006,p47_5,"De las siguientes cualidades, ÃÂ¿cuÃÂ¡l es la que mÃÂ¡s distingue a Felipe CalderÃÂ³",float64,1591,797,50.09,8,False,
2006,p47_6,"De las siguientes cualidades, ÃÂ¿cuÃÂ¡l es la que mÃÂ¡s distingue a Felipe CalderÃÂ³",float64,1591,797,50.09,8,False,
2006,p48_1,"De esas mismas cualidades, ÃÂ¿cuÃÂ¡l es la que mÃÂ¡s distingue a AndrÃÂ©s Manuel LÃÂ³",float64,1591,797,50.09,8,False,
2006,p48_2,"De esas mismas cualidades, ÃÂ¿cuÃÂ¡l es la que mÃÂ¡s distingue a AndrÃÂ©s Manuel LÃÂ³",float64,1591,797,50.09,8,False,
2006,p48_3,"De esas mismas cualidades, ÃÂ¿cuÃÂ¡l es la que mÃÂ¡s distingue a AndrÃÂ©s Manuel LÃÂ³",float64,1591,797,50.09,7,False,
2006,p48_4,"De esas mismas cualidades, ÃÂ¿cuÃÂ¡l es la que mÃÂ¡s distingue a AndrÃÂ©s Manuel LÃÂ³",float64,1591,797,50.09,7,False,
2006,p48_5,"De esas mismas cualidades, ÃÂ¿cuÃÂ¡l es la que mÃÂ¡s distingue a AndrÃÂ©s Manuel LÃÂ³",float64,1591,797,50.09,8,False,
2006,p48_6,"De esas mismas cualidades, ÃÂ¿cuÃÂ¡l es la que mÃÂ¡s distingue a AndrÃÂ©s Manuel LÃÂ³",float64,1591,797,50.09,8,False,
2006,p48a_1,"De las siguientes cualidades, ÃÂ¿cuÃÂ¡l es la que mÃÂ¡s distingue a Roberto Madrazo",float64,1591,797,50.09,7,False,
2006,hora_fin,<none>,float64,1591,1591,100.0,0,False,
2006,min_fin,<none>,float64,1591,1591,100.0,0,False,
2006,tie,<none>,float64,1591,1591,100.0,0,False,
2006,estatus,<none>,float64,1591,1591,100.0,0,False,
2006,cap,<none>,float64,1591,1591,100.0,0,False,
2006,maq,<none>,float64,1591,1591,100.0,0,False,
2006,fecha,<none>,float64,1591,1591,100.0,0,False,
2006,llave,<none>,float64,1591,0,0.0,160,False,
2006,p48a_2,"De las siguientes cualidades, ÃÂ¿cuÃÂ¡l es la que mÃÂ¡s distingue a Roberto Madrazo",float64,1591,797,50.09,7,False,
2006,p48a_3,"De las siguientes cualidades, ÃÂ¿cuÃÂ¡l es la que mÃÂ¡s distingue a Roberto Madrazo",float64,1591,797,50.09,7,False,
2006,p48a_4,"De las siguientes cualidades, ÃÂ¿cuÃÂ¡l es la que mÃÂ¡s distingue a Roberto Madrazo",float64,1591,797,50.09,7,False,
2006,p48a_5,"De las siguientes cualidades, ÃÂ¿cuÃÂ¡l es la que mÃÂ¡s distingue a Roberto Madrazo",float64,1591,797,50.09,7,False,
2006,p48a_6,"De las siguientes cualidades, ÃÂ¿cuÃÂ¡l es la que mÃÂ¡s distingue a Roberto Madrazo",float64,1591,797,50.09,8,False,
2006,p49a,Alg personas apoyan c/acciones a los candidatos  o  a los partidos en las campaÃ,float64,1591,0,0.0,4,False,
2006,p49b,Alg personas apoyan c/acciones a los candidatos  o  a los partidos en las campaÃ,float64,1591,0,0.0,4,False,
2006,p49c,Alg personas apoyan c/acciones a los candidatos  o  a los partidos en las campaÃ,float64,1591,0,0.0,4,False,
2006,p49d,Alg personas apoyan c/acciones a los candidatos  o  a los partidos en las campaÃ,float64,1591,0,0.0,4,False,
2006,p50,Trate de recordar los comerciales de los candidatos durante sus campaÃÂ±as antes,float64,1591,797,50.09,43,False,
2006,p51,ÃÂ¿QuÃÂ© es lo que mÃÂ¡s recuerda de algÃÂºn comercial de televisiÃÂ³n de Roberto Mad,float64,1591,797,50.09,44,False,
2006,p52,ÃÂ¿QuÃÂ© es lo que mÃÂ¡s recuerda de algÃÂºn comercial de televisiÃÂ³n de AndrÃÂ©s Man,float64,1591,797,50.09,52,False,
2006,p53,ÃÂ¿QuÃÂ© es lo que mÃÂ¡s recuerda de algÃÂºn comercial de televisiÃÂ³n del gobierno (,float64,1591,797,50.09,37,False,
2006,p54,ÃÂ¿QuÃÂ© es lo que mÃÂ¡s recuerda de algÃÂºn comercial de televisiÃÂ³n del Consejo Co,float64,1591,797,50.09,24,False,
2006,p55,"Durante las campaÃÂ±as electorales, ÃÂ¿vio usted algÃÂºn anuncio en contra de AndrÃ",float64,1591,797,50.09,4,False,
2006,p55a,ÃÂ¿CuÃÂ¡l anuncio en contra de AndrÃÂ©s Manuel LÃÂ³pez Obrador?,float64,1591,797,50.09,44,False,
2006,p55b_1,De quiÃÂ©n o de quÃÂ© partido son los anuncios que criticaban a AndrÃÂ©s Manuel LÃÂ³,float64,1591,797,50.09,3,False,
2006,p55b_2,De quiÃÂ©n o de quÃÂ© partido son los anuncios que criticaban a AndrÃÂ©s Manuel LÃÂ³,float64,1591,797,50.09,3,False,
2006,p55b_3,De quiÃÂ©n o de quÃÂ© partido son los anuncios que criticaban a AndrÃÂ©s Manuel LÃÂ³,float64,1591,797,50.09,3,False,
2006,p55b_4,De quiÃÂ©n o de quÃÂ© partido son los anuncios que criticaban a AndrÃÂ©s Manuel LÃÂ³,float64,1591,797,50.09,3,False,
2006,p55b_5,De quiÃÂ©n o de quÃÂ© partido son los anuncios que criticaban a AndrÃÂ©s Manuel LÃÂ³,float64,1591,797,50.09,3,False,
2006,p55b_6,De quiÃÂ©n o de quÃÂ© partido son los anuncios que criticaban a AndrÃÂ©s Manuel LÃÂ³,float64,1591,797,50.09,3,False,
2006,p55b_7,De quiÃÂ©n o de quÃÂ© partido son los anuncios que criticaban a AndrÃÂ©s Manuel LÃÂ³,float64,1591,797,50.09,3,False,
2006,p55c,ÃÂ¿Y usted cree que esas acusaciones contra AndrÃÂ©s Manuel LÃÂ³pez Obrador eran ci,float64,1591,797,50.09,5,False,
2006,p55d,ÃÂ¿Recuerda usted si durante las campaÃÂ±as electorales hubo alguna organizaciÃÂ³n,float64,1591,797,50.09,5,False,
2006,p55e,ÃÂ¿QuiÃÂ©n o cuÃÂ¡l?,float64,1591,797,50.09,18,False,
2006,p56,Durante las campaÃÂ±as electorales vio usted algÃÂºn anuncio en contra de Felipe C,float64,1591,797,50.09,4,False,
2006,p56a,ÃÂ¿CuÃÂ¡l anuncio en contra de Felipe CalderÃÂ³n?,float64,1591,797,50.09,17,False,
2006,p56b_1,De quiÃÂ©n o de quÃÂ© partido son los anuncios que criticaban a Felipe CalderÃÂ³n?,float64,1591,797,50.09,3,False,
2006,p56b_2,De quiÃÂ©n o de quÃÂ© partido son los anuncios que criticaban a Felipe CalderÃÂ³n?,float64,1591,797,50.09,3,False,
2006,p56b_3,De quiÃÂ©n o de quÃÂ© partido son los anuncios que criticaban a Felipe CalderÃÂ³n?,float64,1591,797,50.09,3,False,
2006,p56b_4,De quiÃÂ©n o de quÃÂ© partido son los anuncios que criticaban a Felipe CalderÃÂ³n?,float64,1591,797,50.09,3,False,
2006,p56b_5,De quiÃÂ©n o de quÃÂ© partido son los anuncios que criticaban a Felipe CalderÃÂ³n?,float64,1591,797,50.09,3,False,
2006,p56b_6,De quiÃÂ©n o de quÃÂ© partido son los anuncios que criticaban a Felipe CalderÃÂ³n?,float64,1591,797,50.09,3,False,
2006,p56c,ÃÂ¿Y usted cree que esas acusaciones contra Felipe CalderÃÂ³n eran ciertas o falsa,float64,1591,797,50.09,6,False,
2006,p57_1,"Le voy a mencionar algunas afirmaciones. Con lo que usted sabe, ÃÂ¿quÃÂ© tan ciert",float64,1591,797,50.09,5,False,
2006,p57_2,"Le voy a mencionar algunas afirmaciones. Con lo que usted sabe, ÃÂ¿quÃÂ© tan ciert",float64,1591,797,50.09,5,False,
2006,p57_3,"Le voy a mencionar algunas afirmaciones. Con lo que usted sabe, ÃÂ¿quÃÂ© tan ciert",float64,1591,797,50.09,5,False,
2006,p57_4,"Le voy a mencionar algunas afirmaciones. Con lo que usted sabe, ÃÂ¿quÃÂ© tan ciert",float64,1591,797,50.09,5,False,
2006,p57_5,"Le voy a mencionar algunas afirmaciones. Con lo que usted sabe, ÃÂ¿quÃÂ© tan ciert",float64,1591,797,50.09,5,False,
2006,p57_6,"Le voy a mencionar algunas afirmaciones. Con lo que usted sabe, ÃÂ¿quÃÂ© tan ciert",float64,1591,797,50.09,5,False,
2006,p58_1,"Y dÃÂ­game, ÃÂ¿quÃÂ© tan cierto es que. Si fuera presidente, LÃÂ³pez Obrador endeuda",float64,1591,797,50.09,5,False,
2006,p58_2,"Y dÃÂ­game, ÃÂ¿quÃÂ© tan cierto es que. HabrÃÂ­a mÃÂ¡s empleos si Felipe CalderÃÂ³n fu",float64,1591,797,50.09,5,False,
2006,p58_3,"Y dÃÂ­game, ÃÂ¿quÃÂ© tan cierto es que. LÃÂ³pez Obrador es un peligro para MÃÂ©xico",float64,1591,797,50.09,5,False,
2006,p58_4,"Y dÃÂ­game, ÃÂ¿quÃÂ© tan cierto es que. Felipe CalderÃÂ³n apoyÃÂ³ el FOBAPROA",float64,1591,797,50.09,5,False,
2006,p59,"Algunos han dicho que LÃÂ³pez Obrador es un riesgo para MÃÂ©xico. En su opiniÃÂ³n,",float64,1591,0,0.0,4,False,
2006,p60,ÃÂ¿Por quÃÂ© cree que es un riesgo: por su forma de ser o por las propuestas econÃ,float64,1591,0,0.0,7,False,
2006,p61,"Para tener el ctrl de la CÃÂ¡m de Dip, un partido polÃÂ­tico debe de tener + de la",float64,1591,794,49.91,4,False,
2006,p61a,ÃÂ¿QuÃÂ© partido?,float64,1591,794,49.91,7,False,
2006,p62,"La mayorÃÂ­a d los diputados van a ser de part distintos al PAN. En su opiniÃÂ³n,",float64,1591,794,49.91,5,False,
2006,p63,Si en los prÃÂ³ximos tres aÃÂ±os la situaciÃÂ³n econÃÂ³mica del paÃÂ­s (LEER RESPUEST,float64,1591,1217,76.49,4,False,
2006,p64,"Por favor dÃÂ­game, de los ÃÂºltimos siete dÃÂ­as,  ÃÂ¿cuÃÂ¡ntos dÃÂ­as usted hablÃÂ³ d",float64,1591,797,50.09,10,False,
2006,p65,ÃÂ¿QuiÃÂ©n cree usted que haya sido el candidato presidencial mÃÂ¡s preferido por l,float64,1591,797,50.09,11,False,
2006,p66,"Y de los ÃÂºltimos siete dÃÂ­as,  ÃÂ¿cuÃÂ¡ntos dÃÂ­as usted hablÃÂ³ de polÃÂ­tica con p",float64,1591,797,50.09,10,False,
2006,p67,ÃÂ¿QuiÃÂ©n cree usted que haya sido el candidato presidencial mÃÂ¡s preferido por l,float64,1591,797,50.09,11,False,
2006,p68,"Sin considerar a las personas que viven en su hogar, de los ÃÂºltimos siete dÃÂ­as",float64,1591,797,50.09,10,False,
2006,p69,ÃÂ¿QuiÃÂ©n cree usted que haya sido el candidato presidencial mÃÂ¡s preferido por l,float64,1591,797,50.09,11,False,
2006,p70,ÃÂ¿Tiene Usted credencial de elector?,float64,1591,0,0.0,4,False,
2006,p70a,"A alg personas no les gusta la credencial de elector, mientras a otras les parec",float64,1591,0,0.0,6,False,
2006,p70b,ÃÂ¿QuÃÂ© es lo que mÃÂ¡s le gusta y en quÃÂ© se podrÃÂ­a mejorar?,float64,1591,0,0.0,31,False,
2006,p70c,"En las casillas de alg edos, a los votantes les marcan en la cred una letra Ve,",float64,1591,0,0.0,7,False,
2006,p71,ÃÂ¿Alguna vez ha trabajado Usted en los Estados Unidos?,float64,1591,797,50.09,3,False,
2006,p72,ÃÂ¿Tiene usted algÃÂºn familiar en los Estados Unidos?,float64,1591,0,0.0,4,False,
2006,p72a,"ÃÂ¿CuÃÂ¡l es el parentesco entre usted y este familiar? (Padre, madre, hijo, herma",float64,1591,797,50.09,13,False,
2006,p72b,ÃÂ¿AlgÃÂºn otro familiar? ÃÂ¿Y cuÃÂ¡l es el parentesco?,float64,1591,797,50.09,15,False,
2006,p72c,ÃÂ¿Y algÃÂºn otro mÃÂ¡s? ÃÂ¿Y cuÃÂ¡l es el parentesco?,float64,1591,797,50.09,11,False,
2006,p73,"Por favor, dÃÂ­game ÃÂ¿quÃÂ© tan frecuentemente tiene contacto con sus familiares d",float64,1591,0,0.0,5,False,
2006,p74,"ÃÂ¿Durante los ÃÂºltimos 12 meses, sus parientes que viven en los Estados Unidos l",float64,1591,0,0.0,5,False,
2006,p74a,"ÃÂ¿QuÃÂ© tan importante es para su economÃÂ­a familiar este ingreso, muy importante",float64,1591,0,0.0,6,False,
2006,p75,ÃÂ¿Ha pensado en irse a vivir a los Estados Unidos en los siguientes 12 meses?,float64,1591,797,50.09,4,False,
2006,p76,"En alg paÃÂ­ses, la gente piensa q sus elecc son limpias. En otros paÃÂ­ses, q sus",float64,1591,0,0.0,7,False,
2006,p77,"Independientemente del partido por el cuÃÂ¡l usted vota, ÃÂ¿quiÃÂ©n de los candidat",float64,1591,0,0.0,10,False,
2006,ps1,Sexo:,float64,1591,0,0.0,2,False,
2006,ps4,ÃÂ¿CuÃÂ¡l fue su actividad principal la semana pasada?,float64,1591,0,0.0,11,False,
2006,ps4a,DÃÂ­game por favor ÃÂ¿CuÃÂ¡l fue su ÃÂºltima ocupaciÃÂ³n principal es decir en donde,float64,1591,0,0.0,34,False,
2006,ps5,"ÃÂ¿Trabaja de tiempo completo, de medio tiempo, sÃÂ³lo por ratos o ayudando a la f",float64,1591,0,0.0,6,False,
2006,ps6,ÃÂ¿CuÃÂ¡l es su principal ocupaciÃÂ³n en el trabajo en el que pasa usted el mayor t,float64,1591,0,0.0,95,False,
2006,ps7,ÃÂ¿Y cuÃÂ¡l es el puesto o cargo que tiene en su trabajo principal?,float64,1591,0,0.0,73,False,
2006,ps8,ÃÂ¿Y quÃÂ© es usted en el lugar donde trabaja?,float64,1591,0,0.0,8,False,
2006,ps9,"ÃÂ¿En quÃÂ© tipo de instituciÃÂ³n, organismo o empresa trabaja usted?",float64,1591,0,0.0,10,False,
2006,ps10,ÃÂ¿A quÃÂ© tipo de actividad se dedica la instituciÃÂ³n o empresa donde usted traba,float64,1591,0,0.0,10,False,
2006,ps11,"ÃÂ¿Pertenece usted a algÃÂºn sindicato, organizaciÃÂ³n o asociaciÃÂ³n laboral?",float64,1591,0,0.0,4,False,
2006,ps11a,ÃÂ¿Alguien mÃÂ¡s en su hogar pertenece a algÃÂºn sindicato o asociaciÃÂ³n laboral?,float64,1591,0,0.0,4,False,
2006,ps11b_1,Por favor dÃÂ­game si usted pertenece o no a alguna de las siguientes asociacione,float64,1591,0,0.0,2,False,
2006,ps11b_2,Por favor dÃÂ­game si usted pertenece o no a alguna de las siguientes asociacione,float64,1591,0,0.0,2,False,
2006,ps11b_3,Por favor dÃÂ­game si usted pertenece o no a alguna de las siguientes asociacione,float64,1591,0,0.0,2,False,
2006,ps12,"Sumando los ingresos de todas las personas que trabajan en su casa,  ÃÂ¿cuÃÂ¡l es",float64,1591,0,0.0,106,False,
2006,ps12a,"Ahora, dÃÂ­game, tomando en cuenta los rangos que le muestro en esta tarjeta (ENT",float64,1591,0,0.0,9,False,
2006,ps13,ÃÂ¿CuÃÂ¡ntas personas dependen de este ingreso familiar?,float64,1591,0,0.0,27,False,
2006,ps14,ÃÂ¿Cuenta usted con servicio telefÃÂ³nico en su vivienda?,float64,1591,0,0.0,4,False,
2006,ps15,ÃÂ¿CuÃÂ¡l es  (fue) el grado mÃÂ¡ximo de estudios de su papÃÂ¡ (mamÃÂ¡)?,float64,1591,0,0.0,11,False,
2006,ps16,ÃÂ¿Me puede decir su estado civil?,float64,1591,0,0.0,6,False,
2006,ps17,ÃÂ¿CuÃÂ¡l fue la actividad principal de su esposo (a) o pareja la semana pasada?,float64,1591,0,0.0,10,False,
2006,ps17a,"ÃÂ¿Su esposo (a) o pareja trabaja de tiempo completo, de medio tiempo o sÃÂ³lo por",float64,1591,0,0.0,5,False,
2006,ps17b,"ÃÂ¿CuÃÂ¡l es la principal ocupaciÃÂ³n de su esposo (a) o pareja, es decir el trabaj",float64,1591,0,0.0,78,False,
2006,ps17c,ÃÂ¿Y quÃÂ© es su esposo (a) o pareja en el lugar donde trabaja?,float64,1591,0,0.0,7,False,
2006,ps17d,"ÃÂ¿En quÃÂ© tipo de instituciÃÂ³n, organismo o empresa trabaja su esposo (a) o pare",float64,1591,0,0.0,10,False,
2006,ps17e,ÃÂ¿A quÃÂ© tipo de actividad se dedica la instituciÃÂ³n o empresa donde trabaja su,float64,1591,0,0.0,10,False,
2006,ps18,"En su hogar, ÃÂ¿quiÃÂ©n es la fuente principal de ingresos?",float64,1591,0,0.0,13,False,
2006,ps19,ÃÂ¿Y a quÃÂ© se dedica,float64,1591,0,0.0,60,False,
2006,ps22,"En algunos paÃÂ­ses la gente tiene caracterÃÂ­sticas similares. En otros paÃÂ­ses,",float64,1591,0,0.0,7,False,
2006,ps23,ÃÂ¿Me podrÃÂ­a decir actualmente cuÃÂ¡l es su religiÃÂ³n?,float64,1591,0,0.0,13,False,
2006,ps24,ÃÂ¿Con quÃÂ© frecuencia asiste usted a la iglesia o al templo?,float64,1591,0,0.0,9,False,
2006,ps25,ÃÂ¿CÃÂ³mo considera su grado de religiosidad,float64,1591,0,0.0,6,False,
2006,ps25a,ÃÂ¿Con quÃÂ© frecuencia reza usted?,float64,1591,0,0.0,7,False,
2006,ps26,ÃÂ¿Habla Ud. alguna lengua indÃÂ­gena o dialecto?,float64,1591,0,0.0,3,False,
2006,ps26a,ÃÂ¿DÃÂ³nde lo habla con mayor frecuencia?,float64,1591,0,0.0,5,False,
2006,ps26b,ÃÂ¿Sus padres hablan (hablaban) alguna lengua indÃÂ­gena o dialecto?,float64,1591,0,0.0,4,False,
2006,ps27,ÃÂ¿QuÃÂ© idioma habla usualmente en su hogar?,float64,1591,0,0.0,10,False,
2006,pelepre,El pasado 2 de julio de 2006 fueron las elecciones para Presidente de la RepÃÂºbl,float64,1591,239,15.02,13,False,
2006,peledip,El pasado 2 de julio fueron las elecciones para SENADORES. ÃÂ¿Por cuÃÂ¡l partido v,float64,1591,0,0.0,12,False,
2006,pelesen,El pasado 2 de julio fueron las elecciones para diputados federales. ÃÂ¿Por cuÃÂ¡l,float64,1591,256,16.09,9,False,
2006,dominio,,float64,1591,0,0.0,4,False,
2006,EDAD,,float64,1591,0,0.0,5,False,
2006,REAL,,float64,1591,0,0.0,2,False,
2006,PID,,float64,1591,0,0.0,3,False,
2006,incumbent,,float64,1591,0,0.0,1,False,
2006,AÃÂO,,float64,1591,0,0.0,1,False,
2006,NSE,,float64,1591,0,0.0,6,False,
2006,PONDERADOR,,float64,1591,0,0.0,527,False,
2006,PONDFIN,,float64,1591,0,0.0,166,False,
2006,vote2006a,RECODE of pelepre (El pasado 2 de julio de 2006 fueron las elecciones para Presi,float64,1591,239,15.02,5,False,
2006,vote2006b,RECODE of pelepre (El pasado 2 de julio de 2006 fueron las elecciones para Presi,float64,1591,339,21.31,4,False,
2006,pid2006a,RECODE of p20a_1 (ÃÂ¿Con cuÃÂ¡l partido?),float64,1591,0,0.0,6,False,
2006,pid2006b,RECODE of p20a_1 (ÃÂ¿Con cuÃÂ¡l partido?),float64,1591,29,1.82,5,False,
2006,copartisan,RECODE of pid2006b (RECODE of p20a_1 (ÃÂ¿Con cuÃÂ¡l partido?)),float64,1591,29,1.82,3,False,
2006,approval2006a,"RECODE of p46 (En general, ÃÂ¿estÃÂ¡ usted de acuerdo o en desacuerdo con la maner",float64,1591,0,0.0,5,False,
2006,approval2006b,"RECODE of p46 (En general, ÃÂ¿estÃÂ¡ usted de acuerdo o en desacuerdo con la maner",float64,1591,22,1.38,4,False,
2006,ideology2006a,"RECODE of p13 ( y usando la escala que aparece en la tarjeta 4, donde 0 signific",float64,1591,0,0.0,12,False,
2006,ideology2006b,"RECODE of p13 ( y usando la escala que aparece en la tarjeta 4, donde 0 signific",float64,1591,345,21.68,11,False,
2006,ideology2006c,"RECODE of p13 ( y usando la escala que aparece en la tarjeta 4, donde 0 signific",float64,1591,0,0.0,4,False,
2006,satisfaction2006a,"RECODE of p19 (En general, ÃÂ¿estÃÂ¡ usted muy satisfecho, satisfecho, poco satisf",float64,1591,0,0.0,5,False,
2006,satisfaction2006b,"RECODE of p19 (En general, ÃÂ¿estÃÂ¡ usted muy satisfecho, satisfecho, poco satisf",float64,1591,46,2.89,4,False,
2006,pan2006a,"RECODE of p9a (DespuÃÂ©s de leerle el nombre de cada partido, x favor califÃÂ­quel",float64,1591,0,0.0,12,False,
2006,pan2006b,"RECODE of p9a (DespuÃÂ©s de leerle el nombre de cada partido, x favor califÃÂ­quel",float64,1591,72,4.53,11,False,
2006,pri2006a,"RECODE of p9b (DespuÃÂ©s de leerle el nombre de cada partido, x favor califÃÂ­quel",float64,1591,0,0.0,12,False,
2006,pri2006b,"RECODE of p9b (DespuÃÂ©s de leerle el nombre de cada partido, x favor califÃÂ­quel",float64,1591,63,3.96,11,False,
2006,prd2006a,"RECODE of p9c (DespuÃÂ©s de leerle el nombre de cada partido, x favor califÃÂ­quel",float64,1591,0,0.0,12,False,
2006,prd2006b,"RECODE of p9c (DespuÃÂ©s de leerle el nombre de cada partido, x favor califÃÂ­quel",float64,1591,77,4.84,11,False,
2006,amlo2006a,RECODE of p10c (ÃÂ¿Y quÃÂ© piensa de los candidatos presidenciales? 0 significa qu,float64,1591,0,0.0,12,False,
2006,amlo2006b,RECODE of p10c (ÃÂ¿Y quÃÂ© piensa de los candidatos presidenciales? 0 significa qu,float64,1591,88,5.53,11,False,
2006,precinct,TIPO,float64,1591,0,0.0,3,False,
2006,precinct2006,RECODE of precinct (TIPO),float64,1591,0,0.0,3,False,
2006,education2006,RECODE of ps3 (ÃÂ¿Hasta quÃÂ© aÃÂ±o escolar estudiÃÂ³ usted (grado mÃÂ¡ximo)?),float64,1591,10,0.63,4,False,
2006,income2006a,RECODE of ps12 (Sumando los ingresos de todas las personas que trabajan en su ca,float64,1591,234,14.71,4,False,
2006,income2006c,RECODE of income2006a (RECODE of ps12 (Sumando los ingresos de todas las persona,float64,1591,234,14.71,4,False,
2006,religion2006a,RECODE of ps23 (ÃÂ¿Me podrÃÂ­a decir actualmente cuÃÂ¡l es su religiÃÂ³n?),float64,1591,0,0.0,4,False,
2006,religion2006b,RECODE of ps23 (ÃÂ¿Me podrÃÂ­a decir actualmente cuÃÂ¡l es su religiÃÂ³n?),float64,1591,10,0.63,3,False,
2006,religion2006c,RECODE of ps23 (ÃÂ¿Me podrÃÂ­a decir actualmente cuÃÂ¡l es su religiÃÂ³n?),float64,1591,10,0.63,4,False,
2006,age2006,,float64,1591,3,0.19,71,False,
2006,age2006b,RECODE of ps2 (ÃÂ¿CuÃÂ¡ntos aÃÂ±os cumplidos tiene usted?),float64,1591,3,0.19,4,False,
2006,female2006,RECODE of ps1 (Sexo:),float64,1591,0,0.0,2,False,
2006,IIP4,,float64,1591,0,0.0,4,False,
2006,isco08_1_ES,ISCO-08 2 díg. Opción A (todos) — etiquetas ES,float64,1591,0,0.0,20,False,
2006,isco08_2_ES,ISCO-08 2 díg. Opción B (solo válidos) — etiquetas ES,float64,1591,1529,96.1,17,False,
2006,isco08_1_ENG,ISCO-08 2-digit Option A (all) — EN labels,float64,1591,0,0.0,20,False,
2006,isco08_2_ENG,ISCO-08 2-digit Option B (valid only) — EN labels,float64,1591,1529,96.1,17,False,
2009,id,,str,2400,0,0.0,2400,False,
2009,encuesta,,float64,2400,0,0.0,119,False,
2009,ESTADO,,float64,2400,0,0.0,28,False,
2009,MPIO,,float64,2400,0,0.0,67,False,
2009,EDO_MPIO,,float64,2400,0,0.0,102,False,
2009,secc,,float64,2400,0,0.0,228,False,
2009,mz,,float64,2400,0,0.0,5,False,
2009,folio,,float64,2400,0,0.0,10,False,
2009,version,,str,2400,0,0.0,6,False,
2009,rechazo,,float64,2400,0,0.0,10,False,
2009,dia,,float64,2400,0,0.0,12,False,
2009,mes,,float64,2400,0,0.0,2,False,
2009,hora_ini,,float64,2400,0,0.0,16,False,
2009,min_ini,,float64,2400,0,0.0,60,False,
2009,dia_ent,,float64,2400,0,0.0,31,False,
2009,mes_ent,,float64,2400,0,0.0,12,False,
2009,hora_fin,,float64,2400,0,0.0,17,False,
2009,min_fin,,float64,2400,0,0.0,60,False,
2009,fecha,,str,2400,0,0.0,8,False,
2009,ps2,ÃÂ¿CuÃÂ¡ntos aÃÂ±os cumplidos tiene usted?,float64,2400,0,0.0,73,False,
2009,ps3,ÃÂ¿Hasta quÃÂ© aÃÂ±o escolar estudiÃÂ³ usted (grado mÃÂ¡ximo)?,float64,2400,0,0.0,11,False,
2009,ps3_1,ÃÂ¿QuÃÂ© carrera estudia (estudiÃÂ³)?,float64,2400,1,0.04,59,False,
2009,ps20,ÃÂ¿CuÃÂ¡ntas personas viven en su hogar incluyÃÂ©ndolo a usted?,float64,2400,0,0.0,16,False,
2009,ps21,ÃÂ¿CuÃÂ¡ntas personas menores de 18 aÃÂ±os viven en su hogar?,float64,2400,0,0.0,12,False,
2009,pi,ÃÂ¿usted votÃÂ³ en las pasadas elecciones del 5 de julio de 2009 para diputados fe,float64,2400,0,0.0,4,False,
2009,pia,"Si usted hubiera ido a votar, ÃÂ¿por cuÃÂ¡l partido habrÃÂ­a votado?",float64,2400,0,0.0,12,False,
2009,piii,ÃÂ¿Y en esta elecciÃÂ³n para diputados que acaba de pasar pensÃÂ³ usted en votar po,float64,2400,0,0.0,4,False,
2009,piiia_1,ÃÂ¿Por cuÃÂ¡l (o cuÃÂ¡les)? 1a Menc.,float64,2400,1,0.04,13,False,
2009,piiia_2,ÃÂ¿Por cuÃÂ¡l (o cuÃÂ¡les)?  2a Menc.,float64,2400,419,17.46,13,False,
2009,piiia_3,ÃÂ¿Por cuÃÂ¡l (o cuÃÂ¡les)?  3a Menc.,float64,2400,547,22.79,13,False,
2009,piv, ÃÂ¿Y hubo algÃÂºn o algunos partidos por los que usted NUNCA hubiera votado?,float64,2400,0,0.0,4,False,
2009,piva_1,ÃÂ¿Por cuÃÂ¡l (es)?  1era menciÃÂ³n,float64,2400,0,0.0,12,False,
2009,piva_2,ÃÂ¿Por cuÃÂ¡l (es)?  2da menciÃÂ³n,float64,2400,508,21.17,12,False,
2009,piva_3,ÃÂ¿Por cuÃÂ¡l (es)?  3era menciÃÂ³n,float64,2400,829,34.54,13,False,
2009,P1,"Pensando en las cosas que a usted le interesan en lo personal, ÃÂ¿cuÃÂ¡l fue el as",float64,2400,0,0.0,51,False,
2009,P1A,"ÃÂ¿Y pensando en las cosas que a usted le interesan en lo personal,  ÃÂ¿cuÃÂ¡l fue",float64,2400,0,0.0,46,False,
2009,P2,"Y pensando en el paÃÂ­s en general, ÃÂ¿cuÃÂ¡l cree usted que es el problema polÃÂ­ti",float64,2400,0,0.0,34,False,
2009,P2a,ÃÂ¿Y cuÃÂ¡l cree usted que es el segundo problema polÃÂ­tico mÃÂ¡s importante que en,float64,2400,0,0.0,35,False,
2009,p3,"Pensando en el problema mÃÂ¡s importante que enfrenta MÃÂ©xico en estos momentos,",float64,2400,0,0.0,12,False,
2009,p3a,Y pensando en el segundo problema mÃÂ¡s importante que enfrenta MÃÂ©xico en estos,float64,2400,1,0.04,12,False,
2009,p4,"Usando la escala, donde UNO significa que NO importa quÃÂ© partido es el que gobi",float64,2400,0,0.0,7,False,
2009,p5," Usando la escala, donde UNO significa que el voto NO influye mucho en lo que le",float64,2400,0,0.0,7,False,
2009,p6,"Pensando en tÃÂ©rminos generales, ÃÂ¿quÃÂ© tan buen o mal trabajo cree usted que ha",float64,2400,0,0.0,7,False,
2009,p7,ÃÂ¿Usted dirÃÂ­a que alguno de los partidos polÃÂ­ticos representa razonablemente b,float64,2400,0,0.0,4,False,
2009,p7a,ÃÂ¿CuÃÂ¡l partido representa mejor lo que usted piensa?,float64,2400,1004,41.83,12,False,
2009,p8,"Independientemente de lo que usted piensa de los partidos, ÃÂ¿usted dirÃÂ­a que al",float64,2400,0,0.0,4,False,
2009,p8a,ÃÂ¿CuÃÂ¡l lÃÂ­der representa mejor lo que usted piensa?,float64,2400,1167,48.62,38,False,
2009,p9a,ÃÂ¿CÃÂ³mo calificarÃÂ­a al PAN usando la escala del  0 al 10?,float64,2400,0,0.0,14,False,
2009,p9b,ÃÂ¿CÃÂ³mo calificarÃÂ­a al PRI usando la escala del  0 al 10?,float64,2400,0,0.0,14,False,
2009,p9c,ÃÂ¿CÃÂ³mo calificarÃÂ­a al PRD usando la escala del  0 al 10?,float64,2400,0,0.0,14,False,
2009,p9d,ÃÂ¿CÃÂ³mo calificarÃÂ­a al Partido Verde usando la escala del  0 al 10?,float64,2400,0,0.0,14,False,
2009,p9e,ÃÂ¿CÃÂ³mo calificarÃÂ­a al PT usando la escala del  0 al 10?,float64,2400,0,0.0,14,False,
2009,p9f,ÃÂ¿CÃÂ³mo calificarÃÂ­a a Convergencia usando la escala del  0 al 10?,float64,2400,0,0.0,14,False,
2009,p9g,ÃÂ¿CÃÂ³mo calificarÃÂ­a a Nueva Alianza usando la escala del  0 al 10?,float64,2400,0,0.0,14,False,
2009,p9h,ÃÂ¿CÃÂ³mo calificarÃÂ­a al Partido SocialdemÃÂ³crata usando la escala del  0 al 10?,float64,2400,0,0.0,14,False,
2009,p10a,ÃÂ¿CÃÂ³mo calificarÃÂ­a aÃÂ usando la escala del  0 al 10?  Felipe CalderÃÂ³n Hinojo,float64,2400,0,0.0,14,False,
2009,p10b,ÃÂ¿CÃÂ³mo calificarÃÂ­a aÃÂ usando la escala del  0 al 10?  Enrique PeÃÂ±a Nieto,float64,2400,0,0.0,14,False,
2009,p10c,ÃÂ¿CÃÂ³mo calificarÃÂ­a aÃÂ usando la escala del  0 al 10?  Marcelo Ebrard,float64,2400,0,0.0,14,False,
2009,p10d,ÃÂ¿CÃÂ³mo calificarÃÂ­a aÃÂ usando la escala del  0 al 10?  AndrÃÂ©s Manuel LÃÂ³pez O,float64,2400,0,0.0,14,False,
2009,p11a,"Usando la escala, donde 0 significa izq y 10 der. ÃÂ¿dÃÂ³nde ubicarÃÂ­a usted al  P",float64,2400,0,0.0,14,False,
2009,p11b,"Usando la escala, donde 0 significa izq y 10 der. ÃÂ¿dÃÂ³nde ubicarÃÂ­a usted al  y",float64,2400,0,0.0,14,False,
2009,p11c,"Usando la escala, donde 0 significa izq y 10 der. ÃÂ¿dÃÂ³nde ubicarÃÂ­a usted al  y",float64,2400,0,0.0,14,False,
2009,p11d,"Usando la escala, donde 0 significa izq y 10 der. ÃÂ¿dÃÂ³nde ubicarÃÂ­a usted al  y",float64,2400,0,0.0,14,False,
2009,p11e,"Usando la escala, donde 0 significa izq y 10 der. ÃÂ¿dÃÂ³nde ubicarÃÂ­a usted al  y",float64,2400,0,0.0,14,False,
2009,p11f,"Usando la escala, donde 0 significa izq y 10 der. ÃÂ¿dÃÂ³nde ubicarÃÂ­a usted al  a",float64,2400,0,0.0,14,False,
2009,p11g,"Usando la escala, donde 0 significa izq y 10 der. ÃÂ¿dÃÂ³nde ubicarÃÂ­a usted al  y",float64,2400,0,0.0,14,False,
2009,p11h,"Usando la escala, donde 0 significa izq y 10 der. ÃÂ¿dÃÂ³nde ubicarÃÂ­a usted al  y",float64,2400,0,0.0,14,False,
2009,p12a,"Y usando la misma escala, ÃÂ¿en dÃÂ³nde ubicarÃÂ­a usted a Felipe CalderÃÂ³n Hinojos",float64,2400,0,0.0,14,False,
2009,p12b,"Y usando la misma escala, ÃÂ¿en dÃÂ³nde ubicarÃÂ­a usted a Enrique PeÃÂ±a Nieto",float64,2400,0,0.0,14,False,
2009,p12c,"Y usando la misma escala, ÃÂ¿en dÃÂ³nde ubicarÃÂ­a usted a Marcelo Ebrard",float64,2400,0,0.0,14,False,
2009,p12d,"Y usando la misma escala, ÃÂ¿en dÃÂ³nde ubicarÃÂ­a usted a AndrÃÂ©s Manuel LÃÂ³pez Ob",float64,2400,0,0.0,14,False,
2009,p13,"y usando la escala que aparece en la misma tarjeta, donde 0 significa izquierda",float64,2400,0,0.0,13,False,
2009,p14a,"Usando la escala, donde 0 significa liberal y 10 conservador, ÃÂ¿dÃÂ³nde ubicarÃÂ­a",float64,2400,0,0.0,14,False,
2009,p14b,"Usando la escala, donde 0 significa liberal y 10 conservador, ÃÂ¿dÃÂ³nde ubicarÃÂ­a",float64,2400,0,0.0,14,False,
2009,p14c,"Usando la escala, donde 0 significa liberal y 10 conservador, ÃÂ¿dÃÂ³nde ubicarÃÂ­a",float64,2400,0,0.0,14,False,
2009,p14d,"Usando la escala, donde 0 significa liberal y 10 conservador, ÃÂ¿dÃÂ³nde ubicarÃÂ­a",float64,2400,0,0.0,14,False,
2009,p14e,"Usando la escala, donde 0 significa liberal y 10 conservador, ÃÂ¿dÃÂ³nde ubicarÃÂ­a",float64,2400,0,0.0,14,False,
2009,p14f,"Usando la escala, donde 0 significa liberal y 10 conservador, ÃÂ¿dÃÂ³nde ubicarÃÂ­a",float64,2400,0,0.0,14,False,
2009,p14g,"Usando la escala, donde 0 significa liberal y 10 conservador, ÃÂ¿dÃÂ³nde ubicarÃÂ­a",float64,2400,0,0.0,14,False,
2009,p14h,"Usando la escala, donde 0 significa liberal y 10 conservador, ÃÂ¿dÃÂ³nde ubicarÃÂ­a",float64,2400,0,0.0,14,False,
2009,p15a,"Y usando la misma escala, en dÃÂ³nde ubicarÃÂ­a usted a  Felipe CalderÃÂ³n Hinojosa",float64,2400,0,0.0,14,False,
2009,p15b,"Y usando la misma escala, en dÃÂ³nde ubicarÃÂ­a usted a  Enrique PeÃÂ±a Nieto",float64,2400,0,0.0,14,False,
2009,p15c,"Y usando la misma escala, en dÃÂ³nde ubicarÃÂ­a usted a  Marcelo Ebrard",float64,2400,0,0.0,14,False,
2009,p15d,"Y usando la misma escala, en dÃÂ³nde ubicarÃÂ­a usted a  AndrÃÂ©s Manuel LÃÂ³pez Obr",float64,2400,0,0.0,14,False,
2009,p16,"y usando la escala, donde 0 significa liberal y 10 conservador. ÃÂ¿DÃÂ³nde se ubic",float64,2400,0,0.0,13,False,
2009,p17,ÃÂ¿Usted dirÃÂ­a que durante la campaÃÂ±a electoral que acaba de pasar hubo diferen,float64,2400,0,0.0,5,False,
2009,p18,"ÃÂ¿Usted siguiÃÂ³ la campaÃÂ±a electoral con mucha atenciÃÂ³n, con algo de atenciÃÂ³n",float64,2400,0,0.0,6,False,
2009,p19,"En general, ÃÂ¿estÃÂ¡ usted muy satisfecho, satisfecho, poco satisfecho o nada sat",float64,2400,0,0.0,6,False,
2009,p20,"Independientemente de por cuÃÂ¡l partido votÃÂ³ en la elecciÃÂ³n pasada, en general",float64,2400,1,0.04,4,False,
2009,p20a_1,ÃÂ¿Con cuÃÂ¡l partido?  1era menciÃÂ³n,float64,2400,1,0.04,11,False,
2009,p20a_2,ÃÂ¿Con cuÃÂ¡l partido?  2da menciÃÂ³n,float64,2400,983,40.96,11,False,
2009,p20a_3,ÃÂ¿Con cuÃÂ¡l partido?  3era menciÃÂ³n,float64,2400,1218,50.75,13,False,
2009,p20b,ÃÂ¿Con cuÃÂ¡l de estos partidos que mencionÃÂ³ simpatiza usted un poco mÃÂ¡s?,float64,2400,0,0.0,12,False,
2009,p20c,ÃÂ¿Siente usted un poco mÃÂ¡s de simpatÃÂ­a por algÃÂºn partido polÃÂ­tico que por lo,float64,2400,1,0.04,5,False,
2009,p20d,ÃÂ¿Por cuÃÂ¡l partido?,float64,2400,0,0.0,12,False,
2009,p20e,"ÃÂ¿QuÃÂ© tanto simpatiza usted con ese partido que mencionÃÂ³,  mucho, bastante o p",float64,2400,801,33.38,6,False,
2009,p21,ÃÂ¿Usted votÃÂ³ en las elecciones del 2006 para presidente de la RepÃÂºblica?,float64,2400,0,0.0,5,False,
2009,p21a,"ÃÂ¿Y en las elecciones presidenciales del aÃÂ±o 2006, por cuÃÂ¡l candidato votÃÂ³?",float64,2400,0,0.0,9,False,
2009,p22,ÃÂ¿Pudo usted votar en la elecciÃÂ³n para diputados federales del 2006?,float64,2400,0,0.0,5,False,
2009,p22a,ÃÂ¿Me puede decir por cuÃÂ¡l partido votÃÂ³ en esa elecciÃÂ³n del 2006 para diputado,float64,2400,0,0.0,12,False,
2009,p23,ÃÂ¿Pudo usted votar en la elecciÃÂ³n del 2006 para senadores?,float64,2400,0,0.0,5,False,
2009,p23a,ÃÂ¿Me puede decir por cuÃÂ¡l partido votÃÂ³ en esa elecciÃÂ³n del 2006 para senadore,float64,2400,1,0.04,12,False,
2009,p24,"Con lo que usted sabe, ÃÂ¿cuÃÂ¡les son las cÃÂ¡maras que tiene el Congreso de MÃÂ©xi",float64,2400,0,0.0,6,False,
2009,p24a,"En general, ÃÂ¿cuÃÂ¡ntos aÃÂ±os dura un diputado en su cargo (puesto)?",float64,2400,0,0.0,4,False,
2009,p24b,"ÃÂ¿Por favor, me puede decir el nombre del actual Gobernador de su estado?",float64,2400,0,0.0,4,False,
2009,p25,"En las elecciones que acaban de pasar, muchas personas no pudieron votar porque",float64,2400,2,0.08,4,False,
2009,p25a,"Si usted hubiera ido a votar, ÃÂ¿por cuÃÂ¡l partido habrÃÂ­a votado?",float64,2400,2,0.08,11,False,
2009,p26,"Pensando en la reciente elecciÃÂ³n, dÃÂ­game el nombre de alguno de los candidatos",float64,2400,3,0.12,8,False,
2009,p27,ÃÂ¿a usted que tanto le gustaron los comerciales/anuncios que transmitieron los p,float64,2400,0,0.0,7,False,
2009,p28,"ÃÂ¿usted cree que debe haber mÃÂ¡s anuncios, debe haber la misma cantidad de anunc",float64,2400,0,0.0,6,False,
2009,p29,ÃÂ¿QuÃÂ© tanto tomÃÂ³ en cuenta la publicidad de los partidos polÃÂ­ticos para decid,float64,2400,0,0.0,6,False,
2009,pacu, ÃÂ¿estÃÂ¡ usted de acuerdo o en desacuerdo con la manera como estÃÂ¡ gobernando el,float64,2400,0,0.0,6,False,
2009,p30,ÃÂ¿quÃÂ© tanto le interesa a usted la polÃÂ­tica y lo que hace el gobierno: muchÃÂ­s,float64,2400,0,0.0,7,False,
2009,p31,ÃÂ¿QuÃÂ© tanto el proceso electoral en MÃÂ©xico (campaÃÂ±as y votaciones) asegura qu,float64,2400,0,0.0,6,False,
2009,pacugob,ÃÂ¿estÃÂ¡ usted de acuerdo o en desacuerdo con la manera como estÃÂ¡ gobernando el,float64,2400,0,0.0,6,False,
2009,P32a_1,ÃÂ¿CuÃÂ¡l es el noticiero de televisiÃÂ³n que usted ve mÃÂ¡s frecuentemente?  MenciÃ,float64,2400,0,0.0,35,False,
2009,P32a_2,ÃÂ¿CuÃÂ¡l es el noticiero de televisiÃÂ³n que usted ve mÃÂ¡s frecuentemente?  MenciÃ,float64,2400,1537,64.04,32,False,
2009,p33,ÃÂ¿vio usted alguna noticia o reportaje sobre las campaÃÂ±as electorales en TV?,float64,2400,0,0.0,4,False,
2009,p33a,"ÃÂ¿DirÃÂ­a que vio muchÃÂ­simas, algunas, o pocas noticias o reportajes sobre las c",float64,2400,0,0.0,6,False,
2009,p33b,"Y dÃÂ­game, ÃÂ¿quÃÂ© tanta atenciÃÂ³n le puso a estas noticias o reportajes  sobre l",float64,2400,0,0.0,8,False,
2009,P34A_1,ÃÂ¿CuÃÂ¡l es el noticiero de radio que usted oye mÃÂ¡s frecuentemente?  MenciÃÂ³n 1,str,2400,0,0.0,143,False,
2009,P34A_2,ÃÂ¿CuÃÂ¡l es el noticiero de radio que usted oye mÃÂ¡s frecuentemente?  MenciÃÂ³n 2,str,2400,0,0.0,51,False,
2009,p35,ÃÂ¿escuchÃÂ³ usted alguna noticia o reportaje sobre las campaÃÂ±as electorales en r,float64,2400,1200,50.0,4,False,
2009,p35a,"ÃÂ¿DirÃÂ­a que vio muchÃÂ­simas, algunas, o pocas noticias o reportajes sobre las c",float64,2400,1,0.04,7,False,
2009,p35b,"Y dÃÂ­game, ÃÂ¿quÃÂ© tanta atenciÃÂ³n le puso a estas noticias o reportajes  sobre l",float64,2400,0,0.0,9,False,
2009,P36A_1,ÃÂ¿CuÃÂ¡l es el periÃÂ³dico que usted lee con mÃÂ¡s frecuencia?  MenciÃÂ³n 1,float64,2400,1,0.04,48,False,
2009,P36A_2,ÃÂ¿CuÃÂ¡l es el periÃÂ³dico que usted lee con mÃÂ¡s frecuencia?  MenciÃÂ³n 2,float64,2400,976,40.67,34,False,
2009,p37,ÃÂ¿Vio o leyÃÂ³ usted alguna noticia o reportaje sobre las campaÃÂ±as electorales e,float64,2400,1,0.04,5,False,
2009,p37a,"ÃÂ¿DirÃÂ­a que vio o leyÃÂ³ muchÃÂ­simas, algunas, o pocas noticias o reportajes sob",float64,2400,1,0.04,7,False,
2009,p37b,"Y dÃÂ­game, ÃÂ¿quÃÂ© tanta atenciÃÂ³n le puso a estas noticias o reportajes sobre la",float64,2400,1,0.04,9,False,
2009,p38,"ÃÂ¿Vio, leyÃÂ³, o escuchÃÂ³ usted alguna noticia o reportaje sobre las campaÃÂ±as el",float64,2400,1200,50.0,4,False,
2009,p39_1,ÃÂ¿QuÃÂ© tanta confianza tiene usted en la informaciÃÂ³n que le dan los noticieros,float64,2400,1200,50.0,6,False,
2009,p39_2,ÃÂ¿QuÃÂ© tanta confianza tiene usted en la informaciÃÂ³n que le dan los noticieros,float64,2400,1200,50.0,6,False,
2009,p39_3,ÃÂ¿QuÃÂ© tanta confianza tiene usted en la informaciÃÂ³n que le dan los noticieros,float64,2400,1200,50.0,6,False,
2009,p40,ÃÂ¿Recuerda haber visto en las ÃÂºltimas semanas en la televisiÃÂ³n algÃÂºn comercia,float64,2400,0,0.0,5,False,
2009,p40_1a,ÃÂ¿De cuÃÂ¡les? PAN,float64,2400,1,0.04,4,False,
2009,p40_1b,ÃÂ¿De cuÃÂ¡les? PRI,float64,2400,1,0.04,4,False,
2009,p40_1c,ÃÂ¿De cuÃÂ¡les? PRD,float64,2400,0,0.0,4,False,
2009,p40_1d,ÃÂ¿De cuÃÂ¡les? PVEM,float64,2400,1,0.04,4,False,
2009,p40_1e,ÃÂ¿De cuÃÂ¡les? PT,float64,2400,1,0.04,4,False,
2009,p40_1f,ÃÂ¿De cuÃÂ¡les? Convergencia,float64,2400,1,0.04,4,False,
2009,p40_1g,ÃÂ¿De cuÃÂ¡les? Nueva Alianza,float64,2400,1,0.04,4,False,
2009,p40_1h,ÃÂ¿De cuÃÂ¡les?  Partido SocialdemÃÂ³crata,float64,2400,1,0.04,4,False,
2009,p40_1i,ÃÂ¿De cuÃÂ¡les? OTRO,float64,2400,1,0.04,4,False,
2009,p41,ÃÂ¿cuÃÂ¡les anuncios vio usted mÃÂ¡s los de las elecciones para diputado o los de l,float64,2400,0,0.0,7,False,
2009,p42,ÃÂ¿cuÃÂ¡les anuncios le gustaron mÃÂ¡s: los de las elecciones para diputado o los d,float64,2400,0,0.0,7,False,
2009,P43,ÃÂ¿QuÃÂ© es lo que mÃÂ¡s recuerda de los anuncios del PAN?,float64,2400,1,0.04,27,False,
2009,p43a,DespuÃÂ©s de ver anuncios del PAN su opiniÃÂ³n sobre este partido ÃÂ¿mejorÃÂ³ o empe,float64,2400,4,0.17,8,False,
2009,P44,ÃÂ¿QuÃÂ© es lo que mÃÂ¡s recuerda de los anuncios del PRI?,float64,2400,2,0.08,44,False,
2009,p44a,DespuÃÂ©s de ver anuncios del PRI su opiniÃÂ³n sobre este partido ÃÂ¿mejorÃÂ³ o empe,float64,2400,5,0.21,8,False,
2009,P45,ÃÂ¿QuÃÂ© es lo que mÃÂ¡s recuerda de los anuncios del PRD?,float64,2400,1,0.04,27,False,
2009,p45a,DespuÃÂ©s de ver anuncios del PRD su opiniÃÂ³n sobre este partido ÃÂ¿mejorÃÂ³ o empe,float64,2400,7,0.29,8,False,
2009,P46,ÃÂ¿QuÃÂ© es lo que mÃÂ¡s recuerda de los anuncios del Partido Verde?,float64,2400,1,0.04,21,False,
2009,p46a,"DespuÃÂ©s de ver anuncios del Partido Verde, ÃÂ¿su opiniÃÂ³n sobre este partido mej",float64,2400,6,0.25,8,False,
2009,P47,ÃÂ¿QuÃÂ© es lo que mÃÂ¡s recuerda  de los anuncios del Partido del Trabajo (PT)?,float64,2400,1,0.04,12,False,
2009,p47a,DespuÃÂ©s de ver anuncios del del Trabajo (PT) su opiniÃÂ³n sobre este partido mej,float64,2400,2,0.08,8,False,
2009,P48,ÃÂ¿QuÃÂ© es lo que mÃÂ¡s recuerda de los anuncios de Convergencia?,float64,2400,1,0.04,14,False,
2009,p48a,DespuÃÂ©s de ver anuncios de Convergencia su opiniÃÂ³n sobre este partido mejorÃÂ³,float64,2400,7,0.29,8,False,
2009,P49,ÃÂ¿QuÃÂ© es lo que mÃÂ¡s recuerda de los anuncios de Nueva Alianza?,float64,2400,1,0.04,12,False,
2009,p49a,DespuÃÂ©s de ver anuncios de Nueva Alianza su opiniÃÂ³n sobre este partido mejorÃÂ³,float64,2400,7,0.29,8,False,
2009,P50,ÃÂ¿QuÃÂ© es lo que mÃÂ¡s recuerda de los anuncios del Partido SocialdemÃÂ³crata?,float64,2400,1,0.04,13,False,
2009,p50a,DespuÃÂ©s de ver anuncios del Partido SocialdemÃÂ³crata su opiniÃÂ³n sobre este par,float64,2400,10,0.42,8,False,
2009,p51,"Y dÃÂ­game, ÃÂ¿quÃÂ© tanta atenciÃÂ³n le puso a los anuncios de los partidos polÃÂ­ti",float64,2400,0,0.0,8,False,
2009,P51A,ÃÂ¿QuÃÂ© es lo que mÃÂ¡s recuerda de algÃÂºn comercial de televisiÃÂ³n del Gobierno F,float64,2400,1,0.04,33,False,
2009,P51B,"Y, ÃÂ¿quÃÂ© es lo que mÃÂ¡s recuerda de algÃÂºn comercial de televisiÃÂ³n del Gobiern",float64,2400,2,0.08,35,False,
2009,P52,"El IFE tambiÃÂ©n difundiÃÂ³ muchos anuncios en la campaÃÂ±a, ÃÂ¿QuÃÂ© es lo que mÃÂ¡s",float64,2400,1,0.04,22,False,
2009,p53a,"ÃÂ¿Recuerda usted haber visto durante las campaÃÂ±as algÃÂºn anuncio, letrero, mant",float64,2400,1,0.04,5,False,
2009,P53A_1,ÃÂ¿QuÃÂ© es lo que mÃÂ¡s recuerda de ese anuncio?,float64,2400,7,0.29,34,False,
2009,p53a_2,DespuÃÂ©s de ver anuncios del PAN su opiniÃÂ³n sobre este partido ÃÂ¿mejorÃÂ³ o empe,float64,2400,1,0.04,8,False,
2009,p53b,"ÃÂ¿Recuerda usted haber visto durante las campaÃÂ±as algÃÂºn anuncio, letrero, mant",float64,2400,2,0.08,5,False,
2009,P53B_1,ÃÂ¿QuÃÂ© es lo que mÃÂ¡s recuerda de ese anuncio?,float64,2400,1200,50.0,47,False,
2009,p53b_2,DespuÃÂ©s de ver anuncios del PRI su opiniÃÂ³n sobre este partido ÃÂ¿mejorÃÂ³ o empe,float64,2400,3,0.12,8,False,
2009,p53c,"ÃÂ¿Recuerda usted haber visto durante las campaÃÂ±as algÃÂºn anuncio, letrero, mant",float64,2400,0,0.0,5,False,
2009,P53C_1,ÃÂ¿QuÃÂ© es lo que mÃÂ¡s recuerda de ese anuncio?,float64,2400,6,0.25,25,False,
2009,p53c_2,DespuÃÂ©s de ver anuncios del PRD su opiniÃÂ³n sobre este partido ÃÂ¿mejorÃÂ³ o empe,float64,2400,3,0.12,8,False,
2009,p53d,"ÃÂ¿Recuerda usted haber visto durante las campaÃÂ±as algÃÂºn anuncio, letrero, mant",float64,2400,1,0.04,5,False,
2009,P53D_1,ÃÂ¿QuÃÂ© es lo que mÃÂ¡s recuerda de ese anuncio?,float64,2400,3,0.12,22,False,
2009,p53d_2,DespuÃÂ©s de ver anuncios del PVEM su opiniÃÂ³n sobre este partido ÃÂ¿mejorÃÂ³ o emp,float64,2400,1,0.04,8,False,
2009,p53e,"ÃÂ¿Recuerda usted haber visto durante las campaÃÂ±as algÃÂºn anuncio, letrero, mant",float64,2400,0,0.0,5,False,
2009,P53E_1,ÃÂ¿QuÃÂ© es lo que mÃÂ¡s recuerda de ese anuncio?,float64,2400,1,0.04,14,False,
2009,p53f,"ÃÂ¿Recuerda usted haber visto durante las campaÃÂ±as algÃÂºn anuncio, letrero, mant",float64,2400,0,0.0,5,False,
2009,P53F_1,ÃÂ¿QuÃÂ© es lo que mÃÂ¡s recuerda de ese anuncio?,float64,2400,1,0.04,11,False,
2009,p53g,"ÃÂ¿Recuerda usted haber visto durante las campaÃÂ±as algÃÂºn anuncio, letrero, mant",float64,2400,0,0.0,5,False,
2009,P53G_1,ÃÂ¿QuÃÂ© es lo que mÃÂ¡s recuerda de ese anuncio?,float64,2400,2,0.08,12,False,
2009,p53h,"ÃÂ¿Recuerda usted haber visto durante las campaÃÂ±as algÃÂºn anuncio, letrero, mant",float64,2400,0,0.0,5,False,
2009,P53H_1,ÃÂ¿QuÃÂ© es lo que mÃÂ¡s recuerda de ese anuncio?,float64,2400,0,0.0,11,False,
2009,p54,ÃÂ¿Alguno de los equipos de campaÃÂ±a de algÃÂºn candidato o partido le enviÃÂ³ cart,float64,2400,0,0.0,5,False,
2009,p54_1a,"ÃÂ¿De quÃÂ© partidos recibiÃÂ³ cartas o propaganda (volantes, trÃÂ­pticos, folletos?",float64,2400,0,0.0,4,False,
2009,p54_1b,"ÃÂ¿De quÃÂ© partidos recibiÃÂ³ cartas o propaganda (volantes, trÃÂ­pticos, folletos?",float64,2400,0,0.0,4,False,
2009,p54_1c,"ÃÂ¿De quÃÂ© partidos recibiÃÂ³ cartas o propaganda (volantes, trÃÂ­pticos, folletos?",float64,2400,0,0.0,4,False,
2009,p54_1d,"ÃÂ¿De quÃÂ© partidos recibiÃÂ³ cartas o propaganda (volantes, trÃÂ­pticos, folletos?",float64,2400,0,0.0,4,False,
2009,p54_1e,"ÃÂ¿De quÃÂ© partidos recibiÃÂ³ cartas o propaganda (volantes, trÃÂ­pticos, folletos?",float64,2400,0,0.0,4,False,
2009,p54_1f,"ÃÂ¿De quÃÂ© partidos recibiÃÂ³ cartas o propaganda (volantes, trÃÂ­pticos, folletos?",float64,2400,0,0.0,4,False,
2009,p54_1g,"ÃÂ¿De quÃÂ© partidos recibiÃÂ³ cartas o propaganda (volantes, trÃÂ­pticos, folletos?",float64,2400,0,0.0,4,False,
2009,p54_1h,"ÃÂ¿De quÃÂ© partidos recibiÃÂ³ cartas o propaganda (volantes, trÃÂ­pticos, folletos?",float64,2400,0,0.0,4,False,
2009,p54_1i,"ÃÂ¿De quÃÂ© partidos recibiÃÂ³ cartas o propaganda (volantes, trÃÂ­pticos, folletos?",float64,2400,0,0.0,4,False,
2009,p55,"Ahora, le pido por favor que recuerde si en estas campaÃÂ±as recibiÃÂ³ o no alguna",float64,2400,0,0.0,5,False,
2009,p55_1a,ÃÂ¿De quÃÂ© partidos polÃÂ­ticos? PAN,float64,2400,0,0.0,4,False,
2009,p55_1b,ÃÂ¿De quÃÂ© partidos polÃÂ­ticos? PRI,float64,2400,0,0.0,4,False,
2009,p55_1c,ÃÂ¿De quÃÂ© partidos polÃÂ­ticos? PRD,float64,2400,0,0.0,4,False,
2009,p55_1d,ÃÂ¿De quÃÂ© partidos polÃÂ­ticos? PVEM,float64,2400,0,0.0,4,False,
2009,p55_1e,ÃÂ¿De quÃÂ© partidos polÃÂ­ticos? PT,float64,2400,0,0.0,4,False,
2009,p55_1f,ÃÂ¿De quÃÂ© partidos polÃÂ­ticos? Convergencia,float64,2400,0,0.0,4,False,
2009,p55_1g,ÃÂ¿De quÃÂ© partidos polÃÂ­ticos? Nueva Alianza,float64,2400,0,0.0,4,False,
2009,p55_1h,ÃÂ¿De quÃÂ© partidos polÃÂ­ticos? Partido SocialdemÃÂ³crata,float64,2400,0,0.0,4,False,
2009,p55_1i,ÃÂ¿De quÃÂ© partidos polÃÂ­ticos? OTRO,float64,2400,0,0.0,4,False,
2009,p56,ÃÂ¿Alguno de los equipos de campaÃÂ±a de los candidatos o partidos le enviÃÂ³ un  m,float64,2400,0,0.0,5,False,
2009,p56_1a,ÃÂ¿De quÃÂ© partido o candidato recibiÃÂ³ el mensaje de texto a su celular? PAN,float64,2400,0,0.0,4,False,
2009,p56_1b,ÃÂ¿De quÃÂ© partido o candidato recibiÃÂ³ el mensaje de texto a su celular? PRI,float64,2400,0,0.0,4,False,
2009,p56_1c,ÃÂ¿De quÃÂ© partido o candidato recibiÃÂ³ el mensaje de texto a su celular? PRD,float64,2400,0,0.0,4,False,
2009,p56_1d,ÃÂ¿De quÃÂ© partido o candidato recibiÃÂ³ el mensaje de texto a su celular? PVEM,float64,2400,0,0.0,4,False,
2009,p56_1e,ÃÂ¿De quÃÂ© partido o candidato recibiÃÂ³ el mensaje de texto a su celular? PT,float64,2400,0,0.0,4,False,
2009,p56_1f,ÃÂ¿De quÃÂ© partido o candidato recibiÃÂ³ el mensaje de texto a su celular? Converg,float64,2400,0,0.0,4,False,
2009,p56_1g,ÃÂ¿De quÃÂ© partido o candidato recibiÃÂ³ el mensaje de texto a su celular? Nueva A,float64,2400,0,0.0,4,False,
2009,p56_1h,ÃÂ¿De quÃÂ© partido o candidato recibiÃÂ³ el mensaje de texto a su celular? Partido,float64,2400,0,0.0,3,False,
2009,p56_1i,ÃÂ¿De quÃÂ© partido o candidato recibiÃÂ³ el mensaje de texto a su celular? OTRO,float64,2400,0,0.0,3,False,
2009,p57,ÃÂ¿Alguno de los equipos de campaÃÂ±a de los candidatos a diputados federales le d,float64,2400,0,0.0,4,False,
2009,p57_1a,ÃÂ¿De quÃÂ© partidos o candidatos recibiÃÂ³ regalo? PAN,float64,2400,0,0.0,4,False,
2009,p57_1b,ÃÂ¿De quÃÂ© partidos o candidatos recibiÃÂ³ regalo? PRI,float64,2400,0,0.0,4,False,
2009,p57_1c,ÃÂ¿De quÃÂ© partidos o candidatos recibiÃÂ³ regalo? PRD,float64,2400,0,0.0,4,False,
2009,p57_1d,ÃÂ¿De quÃÂ© partidos o candidatos recibiÃÂ³ regalo? PVEM,float64,2400,0,0.0,4,False,
2009,p57_1e,ÃÂ¿De quÃÂ© partidos o candidatos recibiÃÂ³ regalo? PT,float64,2400,0,0.0,4,False,
2009,p57_1f,ÃÂ¿De quÃÂ© partidos o candidatos recibiÃÂ³ regalo? Convergencia,float64,2400,0,0.0,4,False,
2009,p57_1g,ÃÂ¿De quÃÂ© partidos o candidatos recibiÃÂ³ regalo? Nueva Alianza,float64,2400,0,0.0,4,False,
2009,p57_1h,ÃÂ¿De quÃÂ© partidos o candidatos recibiÃÂ³ regalo? Partido SocialdemÃÂ³crata,float64,2400,0,0.0,4,False,
2009,p57_1i,ÃÂ¿De quÃÂ© partidos o candidatos recibiÃÂ³ regalo? OTRO,float64,2400,0,0.0,4,False,
2009,p57_2,ÃÂ¿Se sintiÃÂ³ usted inclinado a votar por este partido o candidato por haber reci,float64,2400,0,0.0,6,False,
2009,p58,"Para tener el ctrl d la CÃÂ¡mara de Diputados, un partido polÃÂ­tico debe tener mÃ",float64,2400,0,0.0,5,False,
2009,p58a,ÃÂ¿QuÃÂ© partido?,float64,2400,0,0.0,11,False,
2009,p59,CuÃÂ¡l cree usted que es el principal problema que enfrenta el paÃÂ­s en estos mom,float64,2400,0,0.0,21,False,
2009,p60,"Y entre el presidente de la RepÃÂºblica, los diputados y senadores y el gobernado",float64,2400,0,0.0,8,False,
2009,p61,"Como resultado de la elecciÃÂ³n, ahora el PRI y el Partido Verde tienen la mayorÃ",float64,2400,1,0.04,6,False,
2009,p62,ÃÂ¿QuÃÂ© piensa usted acerca de la situaciÃÂ³n econÃÂ³mica de MÃÂ©xico en estos dÃÂ­as,float64,2400,0,0.0,7,False,
2009,p63,ÃÂ¿DirÃÂ­a usted que durante los ÃÂºltimos doce meses la situaciÃÂ³n econÃÂ³mica del,float64,2400,0,0.0,6,False,
2009,p63a,ÃÂ¿DirÃÂ­a usted que ha mejorado mucho o poco?,float64,2400,0,0.0,4,False,
2009,p63b,ÃÂ¿DirÃÂ­a usted que ha empeorado mucho o poco?,float64,2400,1,0.04,5,False,
2009,p64,ÃÂ¿Tiene usted credencial de elector?,float64,2400,0,0.0,4,False,
2009,p64a,"A algunas personas no les gusta la credencial de elector, mientras a otras les p",float64,2400,1,0.04,5,False,
2009,p64b,ÃÂ¿QuÃÂ© es lo que mÃÂ¡s le gusta y en quÃÂ© se podrÃÂ­a mejorar?,float64,2400,3,0.12,42,False,
2009,p65,"En las casillas de algunos edos, a los votantes les marcan en la cred un ""09"", m",float64,2400,2,0.08,8,False,
2009,p66,"Usando la escala, donde 1 significa que las elecciones NO fueron limpias y 5 que",float64,2400,0,0.0,7,False,
2009,pmalrie,"Por favor, dÃÂ­game ÃÂ¿con cuÃÂ¡l de los siguientes dichos se identifica usted mÃÂ¡s",float64,2400,0,0.0,6,False,
2009,p67,"Por favor dÃÂ­game, de los ÃÂºltimos siete dÃÂ­as, ÃÂ¿cuÃÂ¡ntos dÃÂ­as usted hablÃÂ³ de",float64,2400,1200,50.0,10,False,
2009,p67a,ÃÂ¿QuiÃÂ©n cree usted que haya sido el partido polÃÂ­tico mÃÂ¡s preferido por la gen,float64,2400,1,0.04,15,False,
2009,p68,"Y de los ÃÂºltimos siete dÃÂ­as,  ÃÂ¿cuÃÂ¡ntos dÃÂ­as usted hablÃÂ³ de polÃÂ­tica con p",float64,2400,1200,50.0,10,False,
2009,p68a,ÃÂ¿QuiÃÂ©n cree usted que haya sido el partido polÃÂ­tico preferido por las persona,float64,2400,0,0.0,15,False,
2009,p69,"Sin considerar a las personas que viven en su hogar, de los ÃÂºltimos siete dÃÂ­as",float64,2400,1200,50.0,10,False,
2009,p69a,ÃÂ¿QuiÃÂ©n cree usted que haya sido el partido polÃÂ­tico mÃÂ¡s preferido por la gen,float64,2400,0,0.0,14,False,
2009,p70a,"ÃÂ¿QuÃÂ© tanta confianza tiene usted en las siguientes instituciones, mucha, regul",float64,2400,0,0.0,6,False,
2009,p70b,"ÃÂ¿QuÃÂ© tanta confianza tiene usted en las siguientes instituciones, mucha, regul",float64,2400,0,0.0,6,False,
2009,p71,ÃÂ¿QuÃÂ© tan lejos de su casa estÃÂ¡ la casilla en la que ha usted le tocÃÂ³ votar?,float64,2400,0,0.0,7,False,
2009,p71a,"Y dÃÂ­game, ÃÂ¿la casilla le queda lejos porque se cambiÃÂ³ de direcciÃÂ³n despuÃÂ©s",float64,2400,1,0.04,6,False,
2009,p72,Piense en el momento en el que sacÃÂ³ su credencial para votar en un mÃÂ³dulo del,float64,2400,0,0.0,8,False,
2009,p73,"Recientemente, ÃÂ¿ha hecho algÃÂºn trÃÂ¡mite ante el IFE como cambiar de direcciÃÂ³n",float64,2400,0,0.0,5,False,
2009,p73a,ÃÂ¿CÃÂ³mo calificarÃÂ­a la atenciÃÂ³n del IFE cuando fue a hacer ese trÃÂ¡mite: muy b,float64,2400,0,0.0,9,False,
2009,p74a,Piense por favor en el dÃÂ­a de la elecciÃÂ³n. ÃÂ¿QuÃÂ© tanto trabajo le costÃÂ³ ubic,float64,2400,0,0.0,8,False,
2009,p74b,ÃÂ¿Como calificarÃÂ­a la organizaciÃÂ³n de las casillas cuando asistiÃÂ³ a votar est,float64,2400,0,0.0,9,False,
2009,p74c,Y el dÃÂ­a de la elecciÃÂ³n ÃÂ¿cuÃÂ¡nto tiempo tuvo que esperar para poder votar: mu,float64,2400,0,0.0,7,False,
2009,p74d,ÃÂ¿Tuvo usted algÃÂºn problema para que lo ubicaran en el padrÃÂ³n o le dieran las,float64,2400,0,0.0,6,False,
2009,p74e,"Y en la casilla, ÃÂ¿cÃÂ³mo lo trataron los funcionarios de casilla: muy bien, bien",float64,2400,0,0.0,9,False,
2009,p74f,Y dÃÂ­game por favor ÃÂ¿cÃÂ³mo lo trataron los representantes de los partidos: muy,float64,2400,0,0.0,10,False,
2009,p74g_1,ÃÂ¿QuÃÂ© tanta informaciÃÂ³n recibiÃÂ³ usted del IFE sobre las recientes elecciones?,float64,2400,0,0.0,6,False,
2009,p74g_2,ÃÂ¿QuÃÂ© tanta informaciÃÂ³n recibiÃÂ³ usted del IFE sobre las recientes elecciones?,float64,2400,3,0.12,6,False,
2009,p74h,"Con lo que usted sabe, ÃÂ¿hubo algÃÂºn problema en la casilla donde usted votÃÂ³?",float64,2400,0,0.0,6,False,
2009,p74i,Y con lo que usted sabe ÃÂ¿hubo algÃÂºn problema en su casilla a la hora de contar,float64,2400,1,0.04,6,False,
2009,p74j,ÃÂ¿Usted votÃÂ³ por algÃÂºn partido o anulÃÂ³ intencionalmente su voto?,float64,2400,0,0.0,7,False,
2009,p74k,ÃÂ¿Por quÃÂ© decidiÃÂ³ usted anular intencionalmente su voto?,float64,2400,902,37.58,8,False,
2009,p75,"Usando una escala del 0 al 10, ÃÂ¿cÃÂ³mo calificarÃÂ­a la actuaciÃÂ³n del IFE en est",float64,2400,0,0.0,13,False,
2009,p76,"Con lo que usted sabe, ÃÂ¿quÃÂ© tan oportuno fue el IFE en dar a conocer los resul",float64,2400,0,0.0,7,False,
2009,p77,"Y dÃÂ­game, por favor, ÃÂ¿quÃÂ© tanto confÃÂ­a en los resultados que ha dado a conoc",float64,2400,0,0.0,7,False,
2009,p78,"Con lo que usted sabe, ÃÂ¿cree que el Consejo General del IFE actuÃÂ³ con imparcia",float64,2400,0,0.0,5,False,
2009,p79a,"Y dÃÂ­game, con lo que usted sabe, ÃÂ¿el IFE intervino excesivamente durante la ca",float64,2400,0,0.0,5,False,
2009,p79b,"Y cuando intervino, ÃÂ¿su participaciÃÂ³n fue acertada o equivocada?",float64,2400,0,0.0,5,False,
2009,p79c,"Y, ÃÂ¿usted cree que estas intervenciones entorpecieron el proceso o ayudaron a q",float64,2400,0,0.0,5,False,
2009,p80,Recuerde por favor el trÃÂ¡mite mÃÂ¡s reciente q haya tenido que hacer como sacar,float64,2400,0,0.0,7,False,
2009,p81,"En su opiniÃÂ³n, ÃÂ¿los partidos polÃÂ­ticos le informaron de sus propuestas y cand",float64,2400,0,0.0,6,False,
2009,p82,ÃÂ¿Considera usted que la publicidad de los partidos polÃÂ­ticos y candidatos que,float64,2400,0,0.0,6,False,
2009,p83,"En las elecciones que acaban de pasar, muchas personas no pudieron votar porque",float64,2400,0,0.0,6,False,
2009,ps1,Sexo,float64,2400,0,0.0,2,False,
2009,ps4,ÃÂ¿CuÃÂ¡l fue su actividad principal la semana pasada?,float64,2400,0,0.0,8,False,
2009,ps4a,DÃÂ­game por favor ÃÂ¿CuÃÂ¡l fue su ÃÂºltima ocupaciÃÂ³n principal es decir en donde,float64,2400,2229,92.88,46,False,
2009,ps5,"ÃÂ¿Trabaja de tiempo completo, de medio tiempo, sÃÂ³lo por ratos o ayudando a la f",float64,2400,1247,51.96,5,False,
2009,ps6,ÃÂ¿CuÃÂ¡l es su principal ocupaciÃÂ³n en el trabajo en el que pasa usted el mayor t,float64,2400,54,2.25,188,False,
2009,ps7,ÃÂ¿Y cuÃÂ¡l es el puesto o cargo que tiene en su trabajo principal?,float64,2400,54,2.25,109,False,
2009,ps8,ÃÂ¿Y quÃÂ© es usted en el lugar donde trabaja?,float64,2400,54,2.25,8,False,
2009,ps9,"ÃÂ¿En quÃÂ© tipo de instituciÃÂ³n, organismo o empresa trabaja usted?",float64,2400,54,2.25,10,False,
2009,ps10,ÃÂ¿A quÃÂ© tipo de actividad se dedica la instituciÃÂ³n o empresa donde usted traba,float64,2400,54,2.25,10,False,
2009,ps11,"ÃÂ¿Pertenece usted a algÃÂºn sindicato, organizaciÃÂ³n o asociaciÃÂ³n laboral?",float64,2400,0,0.0,4,False,
2009,ps11a,ÃÂ¿Alguien mÃÂ¡s en su hogar pertenece a algÃÂºn sindicato o asociaciÃÂ³n laboral?,float64,2400,0,0.0,4,False,
2009,ps11b_1,Por favor dÃÂ­game si usted pertenece o no a alguna de las siguientes asociacione,float64,2400,0,0.0,2,False,
2009,ps11b_2,Por favor dÃÂ­game si usted pertenece o no a alguna de las siguientes asociacione,float64,2400,0,0.0,2,False,
2009,ps11b_3,Por favor dÃÂ­game si usted pertenece o no a alguna de las siguientes asociacione,float64,2400,0,0.0,2,False,
2009,ps12,ÃÂ¿cuÃÂ¡l es el  ingreso familiar mensual en su hogar?,float64,2400,0,0.0,136,False,
2009,ps12a,"Ahora, dÃÂ­game, ÃÂ¿en cuÃÂ¡l rango ubicarÃÂ­a el ingreso familiar mensual de su hog",float64,2400,3,0.12,18,False,
2009,ps13,ÃÂ¿CuÃÂ¡ntas personas dependen de este ingreso familiar?,float64,2400,3,0.12,17,False,
2009,ps14,ÃÂ¿Cuenta usted con servicio telefÃÂ³nico en su vivienda?,float64,2400,0,0.0,4,False,
2009,ps15,ÃÂ¿CuÃÂ¡l es  (fue) el grado mÃÂ¡ximo de estudios de su papÃÂ¡ (mamÃÂ¡)?,float64,2400,0,0.0,11,False,
2009,ps16,ÃÂ¿Me puede decir su estado civil?,float64,2400,0,0.0,6,False,
2009,ps17,ÃÂ¿CuÃÂ¡l fue la actividad principal de su esposo (a) o pareja la semana pasada?,float64,2400,948,39.5,16,False,
2009,ps17a,"ÃÂ¿Su esposo (a) o pareja trabaja de tiempo completo, de medio tiempo o sÃÂ³lo por",float64,2400,0,0.0,6,False,
2009,ps17b,"ÃÂ¿CuÃÂ¡l es la principal ocupaciÃÂ³n de su esposo (a) o pareja, es decir el trabaj",float64,2400,1,0.04,115,False,
2009,ps17c,ÃÂ¿Y quÃÂ© es su esposo (a) o pareja en el lugar donde trabaja?,float64,2400,1,0.04,7,False,
2009,ps17d,"ÃÂ¿En quÃÂ© tipo de instituciÃÂ³n, organismo o empresa trabaja su esposo (a) o pare",float64,2400,1,0.04,10,False,
2009,ps17e,ÃÂ¿A quÃÂ© tipo de actividad se dedica la instituciÃÂ³n o empresa donde trabaja su,float64,2400,1,0.04,10,False,
2009,ps18,"En su hogar, ÃÂ¿quiÃÂ©n es la fuente principal de ingresos?",float64,2400,1,0.04,20,False,
2009,ps19,ÃÂ¿Y a quÃÂ© se dedica ÃÂ,float64,2400,9,0.38,90,False,
2009,ps22,"ÃÂ¿CÃÂ³mo se considera usted: indÃÂ­gena, mestizo, blanco  o de otra raza?",float64,2400,0,0.0,9,False,
2009,ps23,ÃÂ¿Me podrÃÂ­a decir actualmente cuÃÂ¡l es su religiÃÂ³n?,float64,2400,1,0.04,16,False,
2009,ps24,ÃÂ¿Con quÃÂ© frecuencia asiste usted a la iglesia o al templo?,float64,2400,0,0.0,9,False,
2009,ps25,ÃÂ¿CÃÂ³mo considera su grado de religiosidad?,float64,2400,0,0.0,6,False,
2009,ps25a,ÃÂ¿Con quÃÂ© frecuencia reza usted?,float64,2400,0,0.0,7,False,
2009,ps26,ÃÂ¿Habla Ud. alguna lengua indÃÂ­gena o dialecto?,float64,2400,0,0.0,3,False,
2009,ps26a,ÃÂ¿DÃÂ³nde lo habla con mayor frecuencia?,float64,2400,0,0.0,7,False,
2009,ps26b,ÃÂ¿Sus padres hablan (hablaban) alguna lengua indÃÂ­gena o dialecto?,float64,2400,1,0.04,4,False,
2009,ps27,ÃÂ¿QuÃÂ© idioma habla usualmente en su hogar?,float64,2400,0,0.0,12,False,
2009,peledip,"El pasado 5 de julio de 2009 fueron las elecciones para DIPUTADOS FEDERALES,  ÃÂ¿",float64,2400,551,22.96,14,False,
2009,pelegob,"El pasado 5 de julio de 2009 fueron las elecciones para GOBERNADOR DE SU ESTADO,",float64,2400,2,0.08,18,False,
2009,peleloc,El pasado 5 de julio de 2009 fueron las elecciones para Presidente municipal (en,float64,2400,0,0.0,16,False,
2009,TIPO,,str,2400,0,0.0,3,False,
2009,DTO,,float64,2400,0,0.0,28,False,
2009,DOMINIO,,float64,2400,0,0.0,3,False,
2009,EDAD,,float64,2400,2,0.08,4,False,
2009,PID,,float64,2400,0,0.0,3,False,
2009,AÃÂO,,float64,2400,0,0.0,1,False,
2009,INCUMBENT,,float64,2400,0,0.0,1,False,
2009,NSE,,float64,2400,0,0.0,6,False,
2009,PONDDOM,,float64,2400,0,0.0,98,False,
2009,PONDFIN,,float64,2400,0,0.0,98,False,
2009,PONDERADOR,,float64,2400,0,0.0,457,False,
2009,vote2009a,RECODE of peledip (El pasado 5 de julio de 2009 fueron las elecciones para DIPUT,float64,2400,554,23.08,7,False,
2009,vote2009b,RECODE of peledip (El pasado 5 de julio de 2009 fueron las elecciones para DIPUT,float64,2400,714,29.75,6,False,
2009,pid2009a,RECODE of p20a_1 (ÃÂ¿Con cuÃÂ¡l partido?  1era menciÃÂ³n),float64,2400,1,0.04,6,False,
2009,pid2009b,RECODE of p20a_1 (ÃÂ¿Con cuÃÂ¡l partido?  1era menciÃÂ³n),float64,2400,38,1.58,5,False,
2009,copartisan,RECODE of pid2009b (RECODE of p20a_1 (ÃÂ¿Con cuÃÂ¡l partido?  1era menciÃÂ³n)),float64,2400,38,1.58,3,False,
2009,approval2009a,RECODE of pacu ( ÃÂ¿estÃÂ¡ usted de acuerdo o en desacuerdo con la manera como est,float64,2400,0,0.0,5,False,
2009,approval2009b,RECODE of pacu ( ÃÂ¿estÃÂ¡ usted de acuerdo o en desacuerdo con la manera como est,float64,2400,63,2.62,4,False,
2009,ideology2009a,"RECODE of p13 (y usando la escala que aparece en la misma tarjeta, donde 0 signi",float64,2400,0,0.0,12,False,
2009,ideology2009b,"RECODE of p13 (y usando la escala que aparece en la misma tarjeta, donde 0 signi",float64,2400,344,14.33,11,False,
2009,ideology2009c,"RECODE of p13 (y usando la escala que aparece en la misma tarjeta, donde 0 signi",float64,2400,0,0.0,4,False,
2009,satisfaction2009a,"RECODE of p19 (En general, ÃÂ¿estÃÂ¡ usted muy satisfecho, satisfecho, poco satisf",float64,2400,0,0.0,5,False,
2009,satisfaction2009b,"RECODE of p19 (En general, ÃÂ¿estÃÂ¡ usted muy satisfecho, satisfecho, poco satisf",float64,2400,95,3.96,4,False,
2009,pan2009a,RECODE of p9a (ÃÂ¿CÃÂ³mo calificarÃÂ­a al PAN usando la escala del  0 al 10?),float64,2400,0,0.0,12,False,
2009,pan2009b,RECODE of p9a (ÃÂ¿CÃÂ³mo calificarÃÂ­a al PAN usando la escala del  0 al 10?),float64,2400,119,4.96,11,False,
2009,pri2009a,RECODE of p9b (ÃÂ¿CÃÂ³mo calificarÃÂ­a al PRI usando la escala del  0 al 10?),float64,2400,0,0.0,12,False,
2009,pri2009b,RECODE of p9b (ÃÂ¿CÃÂ³mo calificarÃÂ­a al PRI usando la escala del  0 al 10?),float64,2400,85,3.54,11,False,
2009,prd2009a,RECODE of p9c (ÃÂ¿CÃÂ³mo calificarÃÂ­a al PRD usando la escala del  0 al 10?),float64,2400,0,0.0,12,False,
2009,prd2009b,RECODE of p9c (ÃÂ¿CÃÂ³mo calificarÃÂ­a al PRD usando la escala del  0 al 10?),float64,2400,131,5.46,11,False,
2009,amlo2009a,RECODE of p10d (ÃÂ¿CÃÂ³mo calificarÃÂ­a aÃÂ usando la escala del  0 al 10?  AndrÃÂ©s,float64,2400,0,0.0,12,False,
2009,amlo2009b,RECODE of p10d (ÃÂ¿CÃÂ³mo calificarÃÂ­a aÃÂ usando la escala del  0 al 10?  AndrÃÂ©s,float64,2400,250,10.42,11,False,
2009,precinct,,float64,2400,0,0.0,3,False,
2009,precinct2009,RECODE of precinct,float64,2400,0,0.0,3,False,
2009,education2009,RECODE of ps3 (ÃÂ¿Hasta quÃÂ© aÃÂ±o escolar estudiÃÂ³ usted (grado mÃÂ¡ximo)?),float64,2400,10,0.42,4,False,
2009,income2009a,RECODE of ps12 (ÃÂ¿cuÃÂ¡l es el  ingreso familiar mensual en su hogar?),float64,2400,340,14.17,6,False,
2009,income2009b,RECODE of income2009a (RECODE of ps12 (ÃÂ¿cuÃÂ¡l es el  ingreso familiar mensual e,float64,2400,340,14.17,5,False,
2009,income2009c,RECODE of income2009a (RECODE of ps12 (ÃÂ¿cuÃÂ¡l es el  ingreso familiar mensual e,float64,2400,340,14.17,4,False,
2009,religion2009a,RECODE of ps23 (ÃÂ¿Me podrÃÂ­a decir actualmente cuÃÂ¡l es su religiÃÂ³n?),float64,2400,1,0.04,4,False,
2009,religion2009b,RECODE of ps23 (ÃÂ¿Me podrÃÂ­a decir actualmente cuÃÂ¡l es su religiÃÂ³n?),float64,2400,27,1.12,3,False,
2009,religion2009c,RECODE of ps23 (ÃÂ¿Me podrÃÂ­a decir actualmente cuÃÂ¡l es su religiÃÂ³n?),float64,2400,27,1.12,4,False,
2009,age2009,,float64,2400,2,0.08,72,False,
2009,age2009b,RECODE of ps2 (ÃÂ¿CuÃÂ¡ntos aÃÂ±os cumplidos tiene usted?),float64,2400,2,0.08,4,False,
2009,female2009,RECODE of ps1 (Sexo),float64,2400,0,0.0,2,False,
2009,IIP4,,float64,2400,0,0.0,4,False,
2009,isco08_1_ES,ISCO-08 2 díg. Opción A (todos) — etiquetas ES,float64,2400,0,0.0,23,False,
2009,isco08_2_ES,ISCO-08 2 díg. Opción B (solo válidos) — etiquetas ES,float64,2400,2329,97.04,20,False,
2009,isco08_1_ENG,ISCO-08 2-digit Option A (all) — EN labels,float64,2400,0,0.0,23,False,
2009,isco08_2_ENG,ISCO-08 2-digit Option B (valid only) — EN labels,float64,2400,2329,97.04,20,False,
2012,id,,str,2400,0,0.0,2400,False,
2012,estado,,float64,2400,0,0.0,30,False,
2012,edompio,,float64,2400,0,0.0,108,False,
2012,secc,,float64,2400,0,0.0,232,False,
2012,folio,,float64,2400,0,0.0,20,False,
2012,ver,,float64,2400,0,0.0,2,False,
2012,tipo,,str,2400,0,0.0,3,False,
2012,rechazo,,float64,2400,0,0.0,10,False,
2012,dia,,float64,2400,0,0.0,7,False,
2012,mes,,float64,2400,0,0.0,1,False,
2012,p1,"¿cómo diría usted que está la situación actual del país, mejor o peor?",float64,2400,0,0.0,6,False,
2012,p2,¿Cuál considera usted que es el principal problema del país?,float64,2400,0,0.0,23,False,
2012,p3,¿usted votó en las pasadas elecciones del 1º de julio de 2012 para Presidente de,float64,2400,0,0.0,5,False,
2012,p4,¿pensó usted en votar por un candidato distinto a aquel por el cual VOTÓ?,float64,2400,336,14.0,4,False,
2012,p4_a1,¿Por quién (o quiénes)? 1ra Mención,float64,2400,2045,85.21,8,False,
2012,p4_a2,¿Por quién (o quiénes)? 2da Mención,float64,2400,2075,86.46,8,False,
2012,p4_a3,¿Por quién (o quiénes)? 3ra Mención,float64,2400,2320,96.67,8,False,
2012,p4b,¿hubo algún o algunos candidatos por los que usted NUNCA hubiera votado?,float64,2400,336,14.0,4,False,
2012,p4_c1,¿Por quién (o quiénes)? 1ra Mención,float64,2400,1348,56.17,8,False,
2012,p4_c2,¿Por quién (o quiénes)? 2da Mención,float64,2400,1370,57.08,8,False,
2012,p4_c3,¿Por quién (o quiénes)? 3ra Mención,float64,2400,1974,82.25,8,False,
2012,p5,¿Pudo usted votar en la elección para diputados federales del pasado 1° de julio,float64,2400,2,0.08,4,False,
2012,p6,¿Pudo usted votar en la elección para senadores del pasado 1º de julio de 2012?,float64,2400,2,0.08,4,False,
2012,p7,¿Usted votó en las elecciones del 2009?,float64,2400,2,0.08,6,False,
2012,p8,"¿Y en las elecciones del año 2009, por cuál partido votó?",float64,2400,662,27.58,10,False,
2012,p9,"¿usted normalmente se considera panista, priísta, perredista, verde-ecologista o",float64,2400,0,0.0,14,False,
2012,p10_1,"¿Usted cree que el gobierno debería gastar mucho más que ahora, algo más que aho",float64,2400,0,0.0,7,False,
2012,p10_2,"¿Usted cree que el gobierno debería gastar mucho más que ahora, algo más que aho",float64,2400,0,0.0,7,False,
2012,p10_3,"¿Usted cree que el gobierno debería gastar mucho más que ahora, algo más que aho",float64,2400,0,0.0,7,False,
2012,p10_4,"¿Usted cree que el gobierno debería gastar mucho más que ahora, algo más que aho",float64,2400,0,0.0,7,False,
2012,p10_5,"¿Usted cree que el gobierno debería gastar mucho más que ahora, algo más que aho",float64,2400,0,0.0,7,False,
2012,p10_6,"¿Usted cree que el gobierno debería gastar mucho más que ahora, algo más que aho",float64,2400,0,0.0,7,False,
2012,p10_7,"¿Usted cree que el gobierno debería gastar mucho más que ahora, algo más que aho",float64,2400,0,0.0,7,False,
2012,p10_8,"¿Usted cree que el gobierno debería gastar mucho más que ahora, algo más que aho",float64,2400,0,0.0,7,False,
2012,p11,"¿qué tan probable es que mejore su calidad de vida: muy probable, algo probable,",float64,2400,0,0.0,6,False,
2012,p12,¿Diría usted que durante los últimos doce meses la situación económica de México,float64,2400,0,0.0,5,False,
2012,p12_1,¿Diría usted que ha mejorado mucho o poco?,float64,2400,1951,81.29,4,False,
2012,p12_2,¿Diría usted que ha empeorado  mucho o poco?,float64,2400,1237,51.54,4,False,
2012,p13,El gobierno debería tomar medidas para reducir las diferencias en los niveles de,float64,2400,0,0.0,7,False,
2012,p14,"Usando la escala que aparece en esta tarjeta, donde UNO significa que NO importa",float64,2400,0,0.0,7,False,
2012,p15,"Usando la escala que aparece en esta tarjeta, donde UNO significa que el voto NO",float64,2400,0,0.0,7,False,
2012,p16_1,"Después de leerle el nombre de cada partido, en la que 0 sig que a usted NO LE G",float64,2400,35,1.46,13,False,
2012,p16_2,"Después de leerle el nombre de cada partido, en la que 0 sig que a usted NO LE G",float64,2400,38,1.58,12,False,
2012,p16_3,"Después de leerle el nombre de cada partido, en la que 0 sig que a usted NO LE G",float64,2400,43,1.79,13,False,
2012,p16_4,"Después de leerle el nombre de cada partido, en la que 0 sig que a usted NO LE G",float64,2400,58,2.42,13,False,
2012,p16_5,"Después de leerle el nombre de cada partido, en la que 0 sig que a usted NO LE G",float64,2400,71,2.96,13,False,
2012,p16_6,"Después de leerle el nombre de cada partido, en la que 0 sig que a usted NO LE G",float64,2400,82,3.42,13,False,
2012,p16_7,"Después de leerle el nombre de cada partido, en la que 0 sig que a usted NO LE G",float64,2400,85,3.54,13,False,
2012,p17_1,"Después de que le lea el nombre de un candidato presidencial, en la que 0 signif",float64,2400,45,1.88,13,False,
2012,p17_2,"Después de que le lea el nombre de un candidato presidencial, en la que 0 signif",float64,2400,39,1.62,13,False,
2012,p17_3,"Después de que le lea el nombre de un candidato presidencial, en la que 0 signif",float64,2400,43,1.79,13,False,
2012,p17_4,"Después de que le lea el nombre de un candidato presidencial, en la que 0 signif",float64,2400,72,3.0,13,False,
2012,p18_1,"Usando la escala que aparece en esta tarjeta, donde 0 significa IZQUIERDA y 10 D",float64,2400,70,2.92,14,False,
2012,p18_2,"Usando la escala que aparece en esta tarjeta, donde 0 significa IZQUIERDA y 10 D",float64,2400,70,2.92,14,False,
2012,p18_3,"Usando la escala que aparece en esta tarjeta, donde 0 significa IZQUIERDA y 10 D",float64,2400,68,2.83,14,False,
2012,p18_4,"Usando la escala que aparece en esta tarjeta, donde 0 significa IZQUIERDA y 10 D",float64,2400,78,3.25,14,False,
2012,p18_5,"Usando la escala que aparece en esta tarjeta, donde 0 significa IZQUIERDA y 10 D",float64,2400,90,3.75,14,False,
2012,p18_6,"Usando la escala que aparece en esta tarjeta, donde 0 significa IZQUIERDA y 10 D",float64,2400,94,3.92,14,False,
2012,p18_7,"Usando la escala que aparece en esta tarjeta, donde 0 significa IZQUIERDA y 10 D",float64,2400,105,4.38,14,False,
2012,p19,"Y usando la escala que aparece en la misma tarjeta, donde 0 significa IZQUIERDA",float64,2400,79,3.29,13,False,
2012,p20_1,"Usando la escala que aparece en esta tarjeta, donde 0 significa liberal y 10 con",float64,2400,68,2.83,14,False,
2012,p20_2,"Usando la escala que aparece en esta tarjeta, donde 0 significa liberal y 10 con",float64,2400,71,2.96,14,False,
2012,p20_3,"Usando la escala que aparece en esta tarjeta, donde 0 significa liberal y 10 con",float64,2400,78,3.25,14,False,
2012,p20_4,"Usando la escala que aparece en esta tarjeta, donde 0 significa liberal y 10 con",float64,2400,77,3.21,14,False,
2012,p20_5,"Usando la escala que aparece en esta tarjeta, donde 0 significa liberal y 10 con",float64,2400,89,3.71,14,False,
2012,p20_6,"Usando la escala que aparece en esta tarjeta, donde 0 significa liberal y 10 con",float64,2400,94,3.92,14,False,
2012,p20_7,"Usando la escala que aparece en esta tarjeta, donde 0 significa liberal y 10 con",float64,2400,93,3.88,14,False,
2012,p21,"y usando la escala que aparece en esta tarjeta, donde 0 significa liberal y 10 c",float64,2400,79,3.29,13,False,
2012,p22,"En general, ¿está usted muy satisfecho, satisfecho, poco satisfecho o nada satis",float64,2400,0,0.0,6,False,
2012,p23,"Independientemente de por cuál partido votó en la elección pasada, en general, ¿",float64,2400,0,0.0,4,False,
2012,p23_a1,¿Con cuál partido? 1ra Mención,float64,2400,1339,55.79,10,False,
2012,p23_a2,¿Con cuál partido? 2da Mención,float64,2400,1352,56.33,10,False,
2012,p23_a3,¿Con cuál partido? 3ra Mención,float64,2400,2104,87.67,9,False,
2012,p23b,¿Con cuál de estos partidos que mencionó simpatiza usted un poco más?,float64,2400,2104,87.67,9,False,
2012,p23c,¿Siente usted un poco más de simpatía por algún partido político que por los otr,float64,2400,1048,43.67,4,False,
2012,p23d,¿Por cuál partido?,float64,2400,2104,87.67,9,False,
2012,p23e,"¿Simpatiza usted mucho con este partido, algo o poco?",float64,2400,1088,45.33,5,False,
2012,p24_1,"Le voy a leer una lista de partidos políticos y candidatos, dígame si lo contact",float64,2400,0,0.0,2,False,
2012,p24_2,"Le voy a leer una lista de partidos políticos y candidatos, para cada uno de ell",float64,2400,0,0.0,2,False,
2012,p24_3,"Le voy a leer una lista de partidos políticos y candidatos, para cada uno de ell",float64,2400,0,0.0,2,False,
2012,p24_4,"Le voy a leer una lista de partidos políticos y candidatos, para cada uno de ell",float64,2400,0,0.0,2,False,
2012,p24_5,"Le voy a leer una lista de partidos políticos y candidatos, para cada uno de ell",float64,2400,0,0.0,2,False,
2012,p24_a1,"¿Lo contactaron a usted personalmente, cara a cara: Josefina Vázquez Mota  (PAN)",float64,2400,2086,86.92,2,False,
2012,p24_a2,"¿Lo contactaron a usted personalmente, cara a cara: Enrique Peña Nieto (PRI-Part",float64,2400,1909,79.54,2,False,
2012,p24_a3,"¿Lo contactaron a usted personalmente, cara a cara: Andrés Manuel López Obrador",float64,2400,2134,88.92,2,False,
2012,p24_a4,"¿Lo contactaron a usted personalmente, cara a cara: Gabriel Quadri de la Torre (",float64,2400,2309,96.21,2,False,
2012,p24_a5,"¿Lo contactaron a usted personalmente, cara a cara: Otro",float64,2400,2369,98.71,2,False,
2012,p24_b1,"¿Lo contactaron a usted personalmente, Por correo postal (mensajería): Josefina",float64,2400,2086,86.92,2,False,
2012,p24_b2,"¿Lo contactaron a usted personalmente, Por correo postal (mensajería): Enrique P",float64,2400,1909,79.54,2,False,
2012,p24_b3,"¿Lo contactaron a usted personalmente, Por correo postal (mensajería): Andrés Ma",float64,2400,2134,88.92,2,False,
2012,p24_b4,"¿Lo contactaron a usted personalmente, Por correo postal (mensajería): Gabriel Q",float64,2400,2309,96.21,2,False,
2012,p24_b5,"¿Lo contactaron a usted personalmente, Por correo postal (mensajería): Otro",float64,2400,2369,98.71,2,False,
2012,p24_c1,"¿Lo contactaron a usted personalmente, Por teléfono: Josefina Vázquez Mota  (PAN",float64,2400,2086,86.92,2,False,
2012,p24_c2,"¿Lo contactaron a usted personalmente, Por teléfono: Enrique Peña Nieto (PRI-Par",float64,2400,1909,79.54,2,False,
2012,p24_c3,"¿Lo contactaron a usted personalmente, Por teléfono: Andrés Manuel López Obrador",float64,2400,2134,88.92,2,False,
2012,p24_c4,"¿Lo contactaron a usted personalmente, Por teléfono: Gabriel Quadri de la Torre",float64,2400,2309,96.21,2,False,
2012,p24_c5,"¿Lo contactaron a usted personalmente, Por teléfono: Otro",float64,2400,2369,98.71,2,False,
2012,p24_d1,"¿Lo contactaron a usted personalmente, A través de mensaje de texto a su celular",float64,2400,2086,86.92,2,False,
2012,p24_d2,"¿Lo contactaron a usted personalmente, A través de mensaje de texto a su celular",float64,2400,1909,79.54,2,False,
2012,p24_d3,"¿Lo contactaron a usted personalmente, A través de mensaje de texto a su celular",float64,2400,2134,88.92,2,False,
2012,p24_d4,"¿Lo contactaron a usted personalmente, A través de mensaje de texto a su celular",float64,2400,2309,96.21,2,False,
2012,p24_d5,"¿Lo contactaron a usted personalmente, A través de mensaje de texto a su celular",float64,2400,2369,98.71,2,False,
2012,p24_e1,"¿Lo contactaron a usted personalmente, Por correo electrónico (email): Josefina",float64,2400,2086,86.92,2,False,
2012,p24_e2,"¿Lo contactaron a usted personalmente, Por correo electrónico (email): Enrique P",float64,2400,1909,79.54,2,False,
2012,p24_e3,"¿Lo contactaron a usted personalmente, Por correo electrónico (email): Andrés Ma",float64,2400,2134,88.92,2,False,
2012,p24_e4,"¿Lo contactaron a usted personalmente, Por correo electrónico (email): Gabriel Q",float64,2400,2309,96.21,2,False,
2012,p24_e5,"¿Lo contactaron a usted personalmente, Por correo electrónico (email): Otro",float64,2400,2369,98.71,2,False,
2012,p24_f1,"¿Lo contactaron a usted personalmente, Mediante red social u otro método en Inte",float64,2400,2086,86.92,2,False,
2012,p24_f2,"¿Lo contactaron a usted personalmente, Mediante red social u otro método en Inte",float64,2400,1909,79.54,2,False,
2012,p24_f3,"¿Lo contactaron a usted personalmente, Mediante red social u otro método en Inte",float64,2400,2134,88.92,2,False,
2012,p24_f4,"¿Lo contactaron a usted personalmente, Mediante red social u otro método en Inte",float64,2400,2309,96.21,2,False,
2012,p24_f5,"¿Lo contactaron a usted personalmente, Mediante red social u otro método en Inte",float64,2400,2369,98.71,2,False,
2012,p25_1,dígame por favor si lo trataron de convencer para votar por algún partido o cand,float64,2400,0,0.0,2,False,
2012,p25_2,dígame por favor si lo trataron de convencer para votar por algún partido o cand,float64,2400,0,0.0,2,False,
2012,p25_3,dígame por favor si lo trataron de convencer para votar por algún partido o cand,float64,2400,0,0.0,2,False,
2012,p25_4,dígame por favor si lo trataron de convencer para votar por algún partido o cand,float64,2400,0,0.0,2,False,
2012,p25_5,dígame por favor si lo trataron de convencer para votar por algún partido o cand,float64,2400,0,0.0,2,False,
2012,p25_a1,"¿Lo han tratado de convencer algún Amigo Personalmente, cara a cara",float64,2400,2077,86.54,2,False,
2012,p25_a2,"¿Lo han tratado de convencer algún Familiar Personalmente, cara a cara",float64,2400,2157,89.88,2,False,
2012,p25_a3,"¿Lo han tratado de convencer algún Vecino Personalmente, cara a cara",float64,2400,2174,90.58,2,False,
2012,p25_a4,"¿Lo han tratado de convencer algún Compañero de trabajo Personalmente, cara a ca",float64,2400,2315,96.46,2,False,
2012,p25_a5,"¿Lo han tratado de convencer algún Otro conocido Personalmente, cara a cara",float64,2400,2341,97.54,2,False,
2012,p25_b1,¿Lo han tratado de convencer algún Amigo Por correo postal (mensajería),float64,2400,2077,86.54,2,False,
2012,p25_b2,¿Lo han tratado de convencer algún Familiar Por correo postal (mensajería),float64,2400,2157,89.88,2,False,
2012,p25_b3,¿Lo han tratado de convencer algún Vecino Por correo postal (mensajería),float64,2400,2174,90.58,2,False,
2012,p25_b4,¿Lo han tratado de convencer algún Compañero de trabajo Por correo postal (mensa,float64,2400,2315,96.46,2,False,
2012,p25_b5,¿Lo han tratado de convencer algún Otro conocido Por correo postal (mensajería),float64,2400,2341,97.54,2,False,
2012,p25_c1,¿Lo han tratado de convencer algún Amigo Por teléfono,float64,2400,2077,86.54,2,False,
2012,p25_c2,¿Lo han tratado de convencer algún Familiar Por teléfono,float64,2400,2157,89.88,2,False,
2012,p25_c3,¿Lo han tratado de convencer algún Vecino Por teléfono,float64,2400,2174,90.58,2,False,
2012,p25_c4,¿Lo han tratado de convencer algún Compañero de trabajo Por teléfono,float64,2400,2315,96.46,2,False,
2012,p25_c5,¿Lo han tratado de convencer algún Otro conocido Por teléfono,float64,2400,2341,97.54,2,False,
2012,p25_d1,¿Lo han tratado de convencer algún Amigo A través de mensaje de texto a su celul,float64,2400,2077,86.54,2,False,
2012,p25_d2,¿Lo han tratado de convencer algún Familiar A través de mensaje de texto a su ce,float64,2400,2157,89.88,2,False,
2012,p25_d3,¿Lo han tratado de convencer algún Vecino A través de mensaje de texto a su celu,float64,2400,2174,90.58,2,False,
2012,p25_d4,¿Lo han tratado de convencer algún Compañero de trabajo A través de mensaje de t,float64,2400,2315,96.46,2,False,
2012,p25_d5,¿Lo han tratado de convencer algún Otro conocido A través de mensaje de texto a,float64,2400,2341,97.54,2,False,
2012,p25_e1,¿Lo han tratado de convencer algún Amigo Por correo electrónico (email),float64,2400,2077,86.54,2,False,
2012,p25_e2,¿Lo han tratado de convencer algún Familiar Por correo electrónico (email),float64,2400,2157,89.88,2,False,
2012,p25_e3,¿Lo han tratado de convencer algún Vecino Por correo electrónico (email),float64,2400,2174,90.58,2,False,
2012,p25_e4,¿Lo han tratado de convencer algún Compañero de trabajo Por correo electrónico (,float64,2400,2315,96.46,2,False,
2012,p25_e5,¿Lo han tratado de convencer algún Otro conocido Por correo electrónico (email),float64,2400,2341,97.54,2,False,
2012,p25_f1,¿Lo han tratado de convencer algún Amigo Mediante red social u otro método en In,float64,2400,2077,86.54,2,False,
2012,p25_f2,¿Lo han tratado de convencer algún Familiar Mediante red social u otro método en,float64,2400,2157,89.88,2,False,
2012,p25_f3,¿Lo han tratado de convencer algún Vecino Mediante red social u otro método en I,float64,2400,2174,90.58,2,False,
2012,p25_f4,¿Lo han tratado de convencer algún Compañero de trabajo Mediante red social u ot,float64,2400,2315,96.46,2,False,
2012,p25_f5,¿Lo han tratado de convencer algún Otro conocido Mediante red social u otro méto,float64,2400,2341,97.54,2,False,
2012,p26,"Durante la campaña presidencial, ¿usó usted el Internet o su celular para regist",float64,2400,0,0.0,5,False,
2012,p27,¿Quién de las siguientes personas es el Secretario de Hacienda: José Antonio Mid,float64,2400,0,0.0,6,False,
2012,p28,¿Cuál fue la tasa de desempleo oficial en México que anunció el gobierno recient,float64,2400,0,0.0,6,False,
2012,p29,"En esta elección, ¿qué partido quedó en segundo lugar en número de diputados en",float64,2400,0,0.0,7,False,
2012,p30,"¿Quién es el actual Secretario General de las Naciones Unidas - Kofi Anan, Kurt",float64,2400,0,0.0,6,False,
2012,p31,¿Qué tan probable cree usted que EN LOS PRÓXIMOS DOCE MESES el ingreso de su hog,float64,2400,0,0.0,6,False,
2012,p32,¿Usted o alguno de los que vive en su hogar es dueño de alguna propiedad habitac,float64,2400,0,0.0,4,False,
2012,p33,"¿Usted o alguno de los que vive en su hogar es dueño de algún negocio, de una pr",float64,2400,0,0.0,4,False,
2012,p34,¿Usted o alguno de los que vive en su hogar es dueño de acciones o bonos en la b,float64,2400,0,0.0,4,False,
2012,p35,¿Usted o alguno de los que vive en su hogar tiene ahorros?,float64,2400,0,0.0,4,False,
2012,p36,"La semana pasada, ¿usted diría que vio muchas, algunas, o pocas noticias sobre a",float64,2400,0,0.0,5,False,
2012,p37,"(PUB 2)Durante la campaña presidencial que acaba de pasar, ¿usted vio o escuchó",float64,2400,0,0.0,3,False,
2012,p37_1,(PUB2A)¿Cuáles de los anuncios de Josefina Vázquez Mota recuerda usted? (ENCUEST,str,2400,0,0.0,851,False,
2012,p37_2,(PUB2B)¿Qué es lo que usted recuerda más del anuncio de Josefina Vázquez Mota?,str,2400,0,0.0,724,False,
2012,p38,"(PUB3)Durante la campaña presidencial que acaba de pasar, ¿usted vio o escuchó a",float64,2400,0,0.0,3,False,
2012,p38_1,(PUB3A)¿Cuáles de los anuncios de Enrique Peña Nieto recuerda usted? (ENCUESTADO,str,2400,0,0.0,990,False,
2012,p38_2,(PUB3B)¿Qué es lo que usted recuerda más del anuncio de Enrique Peña Nieto?,str,2400,0,0.0,859,False,
2012,p39,"(PUB4)Durante la campaña presidencial que acaba de pasar, ¿usted vio o escuchó a",float64,2400,0,0.0,3,False,
2012,p39_1,(PUB4A)¿Cuáles de los anuncios de Andrés Manuel López Obrador recuerda usted? (E,str,2400,0,0.0,746,False,
2012,p39_2,(PUB4B)¿Qué es lo que usted recuerda más del anuncio de Andrés Manuel López Obra,str,2400,0,0.0,575,False,
2012,p40,"(PUB5)Durante la campaña presidencial que acaba de pasar, ¿usted vio o escuchó a",float64,2400,0,0.0,3,False,
2012,p40_1,(PUB5A)¿Cuáles de los anuncios de Gabriel Quadri de la Torre recuerda usted? (EN,str,2400,0,0.0,391,False,
2012,p40_2,(PUB5B)¿Qué es lo que usted recuerda más del anuncio de Gabriel Quadri de la Tor,str,2400,0,0.0,283,False,
2012,p41,"La semana pasada, ¿usted diría que escuchó muchas, algunas, o pocas noticias sob",float64,2400,0,0.0,5,False,
2012,p42,"(ACU)En general, ¿está usted de acuerdo o en desacuerdo con la manera como está",float64,2400,0,0.0,6,False,
2012,p43,"La semana pasada, ¿usted diría que vio o leyó muchas, algunas, o pocas noticias",float64,2400,0,0.0,5,False,
2012,p44,"Pensando en la elección para presidente que acaba de pasar, en su opinión, ¿de q",float64,2400,0,0.0,8,False,
2012,p45,"La semana pasada, ¿usted diría que vio/leyó muchas, algunas, o pocas noticias so",float64,2400,0,0.0,6,False,
2012,p46,Usando la escala donde UNO significa que las elecciones NO fueron limpias y CINC,float64,2400,0,0.0,7,False,
2012,p47_1,"Usando la escala donde 0 significa IZQUIERDA y 10 DERECHA, ¿dónde ubicaría usted",float64,2400,75,3.12,14,False,
2012,p47_2,"Usando la escala donde 0 significa IZQUIERDA y 10 DERECHA, ¿dónde ubicaría usted",float64,2400,77,3.21,14,False,
2012,p47_3,"Usando la escala donde 0 significa IZQUIERDA y 10 DERECHA, ¿dónde ubicaría usted",float64,2400,77,3.21,14,False,
2012,p47_4,"Usando la escala donde 0 significa IZQUIERDA y 10 DERECHA, ¿dónde ubicaría usted",float64,2400,103,4.29,14,False,
2012,p48_1,"Usando la escala donde 0 significa liberal y 10 conservador, ¿dónde ubicaría ust",float64,2400,84,3.5,14,False,
2012,p48_2,"Usando la escala donde 0 significa liberal y 10 conservador, ¿dónde ubicaría ust",float64,2400,86,3.58,14,False,
2012,p48_3,"Usando la escala donde 0 significa liberal y 10 conservador, ¿dónde ubicaría ust",float64,2400,92,3.83,14,False,
2012,p48_4,"Usando la escala donde 0 significa liberal y 10 conservador, ¿dónde ubicaría ust",float64,2400,109,4.54,14,False,
2012,p49_1,"En esta campaña, ¿Ud hizo alguna de las siguientes cosas? Usó propaganda de algú",float64,2400,0,0.0,4,False,
2012,p49_2,"En esta campaña, ¿Ud hizo alguna de las siguientes cosas? Puso propaganda en su",float64,2400,0,0.0,4,False,
2012,p49_3,"En esta campaña, ¿Ud hizo alguna de las siguientes cosas? Puso algún anuncio en",float64,2400,0,0.0,4,False,
2012,p49_4,"En esta campaña, ¿Ud hizo alguna de las siguientes cosas? Asistió a mítines o ac",float64,2400,0,0.0,4,False,
2012,p49_5,"En esta campaña, ¿Ud hizo alguna de las siguientes cosas? Usó alguna red social",float64,2400,0,0.0,4,False,
2012,p50,"Durante esta campaña electoral, ¿apoyó económicamente a algún partido, alianza o",float64,2400,0,0.0,4,False,
2012,p51,¿Alguno de los equipos de campaña de los candidatos presidenciales o partidos po,float64,2400,0,0.0,4,False,
2012,p51_a1,¿De qué partido o candidato? Josefina Vázquez Mota PAN,float64,2400,1899,79.12,2,False,
2012,p51_a2,¿De qué partido o candidato? Enrique Peña Nieto - PRI-Partido Verde,float64,2400,1899,79.12,2,False,
2012,p51_a3,¿De qué partido o candidato? Andrés Manuel López Obrador - PRD-PT-Movimiento Ciu,float64,2400,1899,79.12,2,False,
2012,p51_a4,¿De qué partido o candidato? Gabriel Quadri de la Torre - Nueva Alianza,float64,2400,1899,79.12,2,False,
2012,p51_a5,¿De qué partido o candidato? Otro partido  o candidato,float64,2400,1899,79.12,2,False,
2012,p51_b1,¿Qué le dio? Josefina Vázquez Mota PAN,float64,2400,152,6.33,1,False,
2012,p51_b2,¿Qué le dio? Enrique Peña Nieto - PRI-Partido Verde,float64,2400,382,15.92,1,False,
2012,p51_b3,¿Qué le dio? Andrés Manuel López Obrador - PRD-PT-Movimiento Ciudadano,float64,2400,110,4.58,1,False,
2012,p51_b4,¿Qué le dio? Gabriel Quadri de la Torre - Nueva Alianza,float64,2400,40,1.67,1,False,
2012,p51_b5,¿Qué le dio? Otro partido  o candidato,float64,2400,2,0.08,1,False,
2012,p52,"Usted sabe si en su colonia, ¿algunos vecinos recibieron regalos de los equipos",float64,2400,0,0.0,4,False,
2012,p52_a1,¿De qué partido o candidato? Josefina Vázquez Mota PAN,float64,2400,1776,74.0,2,False,
2012,p52_a2,¿De qué partido o candidato? Enrique Peña Nieto - PRI-Partido Verde,float64,2400,1776,74.0,2,False,
2012,p52_a3,¿De qué partido o candidato? Andrés Manuel López Obrador - PRD-PT-Movimiento Ciu,float64,2400,1776,74.0,2,False,
2012,p52_a4,¿De qué partido o candidato? Gabriel Quadri de la Torre - Nueva Alianza,float64,2400,1776,74.0,2,False,
2012,p52_a5,¿De qué partido o candidato? Otro partido  o candidato,float64,2400,1776,74.0,2,False,
2012,p52_b1,¿Qué le dieron? Josefina Vázquez Mota PAN,float64,2400,234,9.75,1,False,
2012,p52_b2,¿Qué le dieron? Enrique Peña Nieto - PRI-Partido Verde,float64,2400,518,21.58,3,False,
2012,p52_b3,¿Qué le dieron? Andrés Manuel López Obrador - PRD-PT-Movimiento Ciudadano,float64,2400,143,5.96,1,False,
2012,p52_b4,¿Qué le dieron? Gabriel Quadri de la Torre - Nueva Alianza,float64,2400,40,1.67,1,False,
2012,p52_b5,¿Qué le dieron? Otro partido  o candidato,float64,2400,9,0.38,1,False,
2012,p53,Muchas personas consideran que el voto también sirve para evitar que ocurra un r,float64,2400,0,0.0,5,False,
2012,p54_1,¿usted aceptaría que las siguientes personas vivieran en su casa o no? Personas,float64,2400,0,0.0,5,False,
2012,p54_2,¿usted aceptaría que las siguientes personas vivieran en su casa o no? Personas,float64,2400,0,0.0,5,False,
2012,p54_3,¿usted aceptaría que las siguientes personas vivieran en su casa o no? Inmigrant,float64,2400,0,0.0,5,False,
2012,p54_4,¿usted aceptaría que las siguientes personas vivieran en su casa o no? Homosexua,float64,2400,0,0.0,5,False,
2012,p54_5,¿usted aceptaría que las siguientes personas vivieran en su casa o no? Gente de,float64,2400,0,0.0,5,False,
2012,p54_6,¿usted aceptaría que las siguientes personas vivieran en su casa o no? Personas,float64,2400,0,0.0,5,False,
2012,p55,"¿el color de piel no importa a la hora de decidir por quién votar, o es más difí",float64,2400,0,0.0,4,False,
2012,p56,"Usted qué cree, ¿el color de piel no importa para conseguir un buen empleo o es",float64,2400,0,0.0,4,False,
2012,p57,"Y en general, ¿usted cree que para ser exitoso el color de piel no importa o es",float64,2400,0,0.0,4,False,
2012,p58,"Tomando en cuenta los problemas que enfrenta el país, como la lucha contra el cr",float64,2400,0,0.0,5,False,
2012,p59,La desigualdad económica entre hombres y mujeres se debe a que las mujeres prefi,float64,2400,0,0.0,9,False,
2012,p60,"Con lo que usted ha visto en México, ¿qué es lo que ha sido más útil para que el",float64,2400,0,0.0,4,False,
2012,p61,"En los últimos 12 meses, ¿usted cree que la situación de la violencia relacionad",float64,2400,0,0.0,6,False,
2012,p62_1,"En estos últimos doce meses usted, algún familiar, algún amigo o conocido ¿se ha",float64,2400,0,0.0,2,False,
2012,p62_2,"En estos últimos doce meses usted, algún familiar, algún amigo o conocido ¿se ha",float64,2400,0,0.0,2,False,
2012,p62_3,"En estos últimos doce meses usted, algún familiar, algún amigo o conocido ¿se ha",float64,2400,0,0.0,2,False,
2012,p62_4,"En estos últimos doce meses usted, algún familiar, algún amigo o conocido ¿se ha",float64,2400,0,0.0,2,False,
2012,p62_5,"En estos últimos doce meses usted, algún familiar, algún amigo o conocido ¿se ha",float64,2400,0,0.0,2,False,
2012,p63,"En los últimos doce meses, en su municipio (delegación si es en el DF) ¿se han d",float64,2400,0,0.0,4,False,
2012,p64,Durante los últimos doce meses el nivel de violencia relacionado con el crimen o,float64,2400,0,0.0,6,False,
2012,p65_1,¿Quién o quiénes cree usted que son los responsables del nivel de violencia rela,float64,2400,0,0.0,2,False,
2012,p65_2,¿Quién o quiénes cree usted que son los responsables del nivel de violencia rela,float64,2400,0,0.0,2,False,
2012,p65_3,¿Quién o quiénes cree usted que son los responsables del nivel de violencia rela,float64,2400,0,0.0,2,False,
2012,p65_4,¿Quién o quiénes cree usted que son los responsables del nivel de violencia rela,float64,2400,0,0.0,2,False,
2012,p65_5,¿Quién o quiénes cree usted que son los responsables del nivel de violencia rela,float64,2400,0,0.0,2,False,
2012,p65_6,¿Quién o quiénes cree usted que son los responsables del nivel de violencia rela,float64,2400,0,0.0,2,False,
2012,p65_7,¿Quién o quiénes cree usted que son los responsables del nivel de violencia rela,float64,2400,0,0.0,2,False,
2012,p65_8,¿Quién o quiénes cree usted que son los responsables del nivel de violencia rela,float64,2400,0,0.0,2,False,
2012,p66_1,"¿a qué nivel de gobierno, federal, estatal o municipal, le corresponde más el co",float64,2400,0,0.0,2,False,
2012,p66_2,"¿a qué nivel de gobierno, federal, estatal o municipal, le corresponde más el co",float64,2400,0,0.0,2,False,
2012,p66_3,"¿a qué nivel de gobierno, federal, estatal o municipal, le corresponde más el co",float64,2400,0,0.0,2,False,
2012,p67,"En los últimos 3 meses, ¿con cuántas personas ha hablado sobre política?",float64,2400,256,10.67,30,False,
2012,p68,Por favor dígame de los últimos siete días ¿cuántos días habló usted de política,float64,2400,167,6.96,8,False,
2012,p69,"Con lo que usted sabe, ¿cuáles son las cámaras que tiene el Congreso de México?",float64,2400,0,0.0,6,False,
2012,p70,"En general, ¿cuántos años dura un diputado en su cargo (puesto)? (ENCUESTADOR NO",float64,2400,0,0.0,4,False,
2012,p71,"¿Por favor, me puede decir el nombre del actual Gobernador de su estado? (ENCUES",float64,2400,0,0.0,4,False,
2012,p72_1,"Para expresar su opinión, en los últimos 5 años, ¿usted se ha organizado con otr",float64,2400,0,0.0,2,False,
2012,p72_2,"Para expresar su opinión, en los últimos 5 años, ¿usted se ha organizado con otr",float64,2400,0,0.0,2,False,
2012,p72_3,"Para expresar su opinión, en los últimos 5 años, ¿usted se ha organizado con otr",float64,2400,0,0.0,2,False,
2012,p72_4,"Para expresar su opinión, en los últimos 5 años, ¿usted se ha organizado con otr",float64,2400,0,0.0,2,False,
2012,p72_5,"Para expresar su opinión, en los últimos 5 años, ¿usted se ha organizado con otr",float64,2400,0,0.0,2,False,
2012,p72_6,"Para expresar su opinión, en los últimos 5 años, ¿usted se ha organizado con otr",float64,2400,0,0.0,2,False,
2012,p72_7,"Para expresar su opinión, en los últimos 5 años, ¿usted se ha organizado con otr",float64,2400,0,0.0,2,False,
2012,p73_1,"En una escala del 1 al 7, donde 1 es nada probable y 7 es totalmente probable, d",float64,2400,0,0.0,9,False,
2012,p73_2,"En una escala del 1 al 7, donde 1 es nada probable y 7 es totalmente probable, d",float64,2400,0,0.0,9,False,
2012,p73_3,"En una escala del 1 al 7, donde 1 es nada probable y 7 es totalmente probable, d",float64,2400,0,0.0,9,False,
2012,p73_4,"En una escala del 1 al 7, donde 1 es nada probable y 7 es totalmente probable, d",float64,2400,0,0.0,9,False,
2012,p73_5,"En una escala del 1 al 7, donde 1 es nada probable y 7 es totalmente probable, d",float64,2400,0,0.0,9,False,
2012,p73_6,"En una escala del 1 al 7, donde 1 es nada probable y 7 es totalmente probable, d",float64,2400,0,0.0,9,False,
2012,p74,Durante el último año ¿considera usted que su situación económica personal ha me,float64,2400,0,0.0,6,False,
2012,p74_1,"Y, ¿quién considera usted que es el principal responsable de que su situación ec",str,2400,0,0.0,659,False,
2012,pmalvsrie,"Por favor, dígame ¿con cuál de los siguientes dichos se identifica usted más? (E",float64,2400,0,0.0,6,False,
2012,p76,¿Qué piensa usted acerca de la situación económica de México en estos días: dirí,float64,2400,0,0.0,7,False,
2012,p77,"Comparada con el último año del sexenio anterior, ¿cómo cree usted que está la s",float64,2400,0,0.0,6,False,
2012,p77_1,"Y, ¿quién considera usted que es el principal responsable de que la situación ge",str,2400,0,0.0,442,False,
2012,s1,¿Cuántos años cumplidos tiene usted?,float64,2400,0,0.0,76,False,
2012,s2,Sexo:,float64,2400,0,0.0,2,False,
2012,s3,¿Hasta qué año escolar estudió usted (grado máximo)?,float64,2400,0,0.0,12,False,
2012,s4,¿Me puede decir su estado civil?,float64,2400,0,0.0,6,False,
2012,s5,"¿Pertenece usted a algún sindicato, organización o asociación laboral?",float64,2400,0,0.0,4,False,
2012,s6,¿Alguien más en su hogar pertenece a algún sindicato o asociación laboral?,float64,2400,0,0.0,4,False,
2012,s7_1,Por favor dígame si usted pertenece o no a alguna de las siguientes asociaciones,float64,2400,0,0.0,2,False,
2012,s7_2,Por favor dígame si usted pertenece o no a alguna de las siguientes asociaciones,float64,2400,0,0.0,2,False,
2012,s7_3,Por favor dígame si usted pertenece o no a alguna de las siguientes asociaciones,float64,2400,0,0.0,2,False,
2012,s7_4,Por favor dígame si usted pertenece o no a alguna de las siguientes asociaciones,float64,2400,0,0.0,2,False,
2012,s7_5,Por favor dígame si usted pertenece o no a alguna de las siguientes asociaciones,float64,2400,0,0.0,2,False,
2012,s7_6,Por favor dígame si usted pertenece o no a alguna de las siguientes asociaciones,float64,2400,0,0.0,2,False,
2012,s7_7,Por favor dígame si usted pertenece o no a alguna de las siguientes asociaciones,float64,2400,0,0.0,2,False,
2012,s7_8,Por favor dígame si usted pertenece o no a alguna de las siguientes asociaciones,float64,2400,0,0.0,2,False,
2012,s8,¿Cuál fue su actividad principal la semana pasada? (REGISTRE RESPUESTA ESPONTÁNE,float64,2400,0,0.0,8,False,
2012,s8_1,Dígame por favor ¿Cuál fue su última ocupación principal es decir en donde  pasa,float64,2400,255,10.62,1,False,
2012,s9,"¿Trabaja de tiempo completo, de medio tiempo, sólo por ratos o ayudando a la fam",float64,2400,1270,52.92,6,False,
2012,s10,"Si usted perdiera su trabajo, ¿qué tan fácil o difícil sería encontrar otro trab",float64,2400,1315,54.79,6,False,
2012,s11,¿Cuál es su principal ocupación en el trabajo en el que pasa usted el mayor tiem,float64,2400,1085,45.21,1,False,
2012,s12,¿Y qué es usted en el lugar donde trabaja?,float64,2400,1315,54.79,7,False,
2012,s13,"¿En qué tipo de institución, organismo o empresa trabaja usted? (ENCUESTADOR LEA",float64,2400,1315,54.79,9,False,
2012,s14,¿A qué tipo de actividad se dedica la institución o empresa donde usted trabaja?,float64,2400,1315,54.79,9,False,
2012,s15,¿Cuál fue la actividad principal de su esposo (a) o pareja la semana pasada?,float64,2400,0,0.0,9,False,
2012,s16,"¿Su esposo (a) o pareja trabaja de tiempo completo, de medio tiempo o sólo por r",float64,2400,1610,67.08,6,False,
2012,s17,"Si su esposa(o)/pareja perdiera su trabajo, ¿qué tan fácil o difícil le sería en",float64,2400,1632,68.0,6,False,
2012,s18,"¿Cuál es la principal ocupación de su esposo (a) o pareja, es decir el trabajo e",float64,2400,768,32.0,1,False,
2012,s19,¿Y qué es su esposo (a) o pareja en el lugar donde trabaja?,float64,2400,1632,68.0,7,False,
2012,s20,"¿En qué tipo de institución, organismo o empresa trabaja su esposo (a) o pareja?",float64,2400,1632,68.0,9,False,
2012,s21,¿A qué tipo de actividad se dedica la institución o empresa donde trabaja su esp,float64,2400,1632,68.0,9,False,
2012,s22,"Sumando los ingresos de todas las personas que trabajan en su casa, ¿cuál es el",float64,2400,0,0.0,124,False,
2012,s23,"Ahora, dígame, tomando en cuenta los rangos que le muestro en esta tarjeta (ENTR",float64,2400,1447,60.29,17,False,
2012,s24,¿Cuántas personas dependen de este ingreso familiar?,float64,2400,9,0.38,15,False,
2012,s25,¿Cuántas personas viven en su hogar incluyéndolo a usted?,float64,2400,1,0.04,16,False,
2012,s26,¿Cuántas personas en su hogar tienen menos de 18 años?,float64,2400,10,0.42,9,False,
2012,s27,¿Cuántas personas en su hogar tienen menos de 6 años?,float64,2400,0,0.0,5,False,
2012,s28,¿Con qué frecuencia asiste usted a la iglesia o al templo sin contar ocasiones e,float64,2400,0,0.0,8,False,
2012,s29,¿Cómo considera su grado de religiosidad?,float64,2400,0,0.0,6,False,
2012,s30,¿Me podría decir actualmente cuál es su religión?,float64,2400,0,0.0,12,False,
2012,s31,¿Qué idioma habla usualmente en su hogar?,float64,2400,0,0.0,6,False,
2012,s32,"¿Cómo se considera usted: indígena, mestizo, blanco  o de otro grupo?",float64,2400,0,0.0,4,False,
2012,s33,¿Habla usted alguna lengua indígena?,float64,2400,0,0.0,3,False,
2012,s34,¿En qué país nació usted?,float64,2400,0,0.0,3,False,
2012,s35,¿En qué año se estableció en México?,float64,2400,2397,99.88,3,False,
2012,phora_fin,<none>,float64,2400,0,0.0,16,False,
2012,pmin_fin,<none>,float64,2400,0,0.0,60,False,
2012,pelepre,El pasado 1º de julio de 2012 fueron las elecciones para Presidente de la Repúbl,float64,2400,336,14.0,16,False,
2012,peledip,"El pasado 1º de julio de 2012 fueron las elecciones para DIPUTADOS FEDERALES, ¿P",float64,2400,362,15.08,14,False,
2012,pelesen,"El pasado 1º de julio de 2012 fueron las elecciones para SENADORES, ¿Por cuál pa",float64,2400,362,15.08,14,False,
2012,dominio,<none>,float64,2400,0,0.0,4,False,
2012,cod_s8_1,Ultima ocupación principal del entrevistado,float64,2400,2145,89.38,39,False,
2012,cod_s11,Principal ocupación en el trabajo,float64,2400,1270,52.92,74,False,
2012,cod_s18,Ocupación esposo (a),float64,2400,1632,68.0,72,False,
2012,s22r,Ingreso familiar mensual,float64,2400,0,0.0,20,False,
2012,EDAD,,float64,2400,0,0.0,5,False,
2012,iip3,NIVEL DE INFORMACION POLITICA,float64,2400,0,0.0,3,False,
2012,iip4,NIVEL DE INFORMACION POLITICA,float64,2400,0,0.0,4,False,
2012,pSH,p27  ¿Quién de las siguientes personas es el Secretario de Hacienda: José Antoni,float64,2400,0,0.0,2,False,
2012,pdesem,p28  ¿Cuál fue la tasa de desempleo oficial en México que anunció el gobierno re,float64,2400,0,0.0,2,False,
2012,pdip,"p29  En esta elección, ¿qué partido quedó en segundo lugar en número de diputado",float64,2400,0,0.0,2,False,
2012,ponu,"p30  ¿Quién es el actual Secretario General de las Naciones Unidas - Kofi Annan,",float64,2400,0,0.0,2,False,
2012,INDI,,float64,2400,0,0.0,5,False,
2012,iip_nuevo,Nuevo índice de información política (variables módulo 4),float64,2400,0,0.0,3,False,
2012,PID,,float64,2400,0,0.0,3,False,
2012,AÑO,,float64,2400,0,0.0,1,False,
2012,incumbent,,float64,2400,0,0.0,1,False,
2012,NSE,,float64,2400,0,0.0,6,False,
2012,PONDFIN,,float64,2400,0,0.0,142,False,
2012,PONDERADOR,,float64,2400,0,0.0,615,False,
2012,vote2012a,RECODE of pelepre (El pasado 1º de julio de 2012 fueron las elecciones para Pres,float64,2400,336,14.0,5,False,
2012,vote2012b,RECODE of pelepre (El pasado 1º de julio de 2012 fueron las elecciones para Pres,float64,2400,568,23.67,4,False,
2012,pid2012a,RECODE of p23_a1 (¿Con cuál partido? 1ra Mención),float64,2400,0,0.0,6,False,
2012,pid2012b,RECODE of p23_a1 (¿Con cuál partido? 1ra Mención),float64,2400,45,1.88,5,False,
2012,copartisan,RECODE of pid2012b (RECODE of p23_a1 (¿Con cuál partido? 1ra Mención)),float64,2400,45,1.88,3,False,
2012,approval2012a,"RECODE of p42 ((ACU)En general, ¿está usted de acuerdo o en desacuerdo con la ma",float64,2400,0,0.0,5,False,
2012,approval2012b,"RECODE of p42 ((ACU)En general, ¿está usted de acuerdo o en desacuerdo con la ma",float64,2400,47,1.96,4,False,
2012,ideology2012a,"RECODE of p19 (Y usando la escala que aparece en la misma tarjeta, donde 0 signi",float64,2400,79,3.29,12,False,
2012,ideology2012b,"RECODE of p19 (Y usando la escala que aparece en la misma tarjeta, donde 0 signi",float64,2400,588,24.5,11,False,
2012,ideology2012c,"RECODE of p19 (Y usando la escala que aparece en la misma tarjeta, donde 0 signi",float64,2400,79,3.29,4,False,
2012,satisfaction2012a,"RECODE of p22 (En general, ¿está usted muy satisfecho, satisfecho, poco satisfec",float64,2400,0,0.0,5,False,
2012,satisfaction2012b,"RECODE of p22 (En general, ¿está usted muy satisfecho, satisfecho, poco satisfec",float64,2400,67,2.79,4,False,
2012,pan2012a,"RECODE of p16_1 (Después de leerle el nombre de cada partido, en la que 0 sig qu",float64,2400,35,1.46,12,False,
2012,pan2012b,"RECODE of p16_1 (Después de leerle el nombre de cada partido, en la que 0 sig qu",float64,2400,106,4.42,11,False,
2012,pri2012a,"RECODE of p16_2 (Después de leerle el nombre de cada partido, en la que 0 sig qu",float64,2400,38,1.58,12,False,
2012,pri2012b,"RECODE of p16_2 (Después de leerle el nombre de cada partido, en la que 0 sig qu",float64,2400,113,4.71,11,False,
2012,prd2012a,"RECODE of p16_3 (Después de leerle el nombre de cada partido, en la que 0 sig qu",float64,2400,43,1.79,12,False,
2012,prd2012b,"RECODE of p16_3 (Después de leerle el nombre de cada partido, en la que 0 sig qu",float64,2400,122,5.08,11,False,
2012,amlo2012a,"RECODE of p17_3 (Después de que le lea el nombre de un candidato presidencial, e",float64,2400,43,1.79,12,False,
2012,amlo2012b,"RECODE of p17_3 (Después de que le lea el nombre de un candidato presidencial, e",float64,2400,115,4.79,11,False,
2012,precinct,,float64,2400,0,0.0,3,False,
2012,precinct2012,RECODE of precinct,float64,2400,0,0.0,3,False,
2012,education2012,RECODE of s3 (¿Hasta qué año escolar estudió usted (grado máximo)?),float64,2400,13,0.54,4,False,
2012,income2012b,RECODE of s22 (Sumando los ingresos de todas las personas que trabajan en su cas,float64,2400,518,21.58,5,False,
2012,income2012a,"RECODE of s23 (Ahora, dígame, tomando en cuenta los rangos que le muestro en est",float64,2400,1965,81.88,5,False,
2012,income2012c,RECODE of income2012b (RECODE of s22 (Sumando los ingresos de todas las personas,float64,2400,518,21.58,4,False,
2012,religion2012a,RECODE of s30 (¿Me podría decir actualmente cuál es su religión?),float64,2400,0,0.0,4,False,
2012,religion2012b,RECODE of s30 (¿Me podría decir actualmente cuál es su religión?),float64,2400,39,1.62,3,False,
2012,religion2012c,RECODE of s30 (¿Me podría decir actualmente cuál es su religión?),float64,2400,39,1.62,4,False,
2012,age2012,,float64,2400,0,0.0,76,False,
2012,age2012b,RECODE of EDAD,float64,2400,2,0.08,4,False,
2012,female2012,RECODE of s2 (Sexo:),float64,2400,0,0.0,2,False,
2012,isco08_1_ES,ISCO-08 2 díg. Opción A (todos) — etiquetas ES,float64,2400,0,0.0,30,False,
2012,isco08_2_ES,ISCO-08 2 díg. Opción B (solo válidos) — etiquetas ES,float64,2400,1551,64.62,27,False,
2012,isco08_1_ENG,ISCO-08 2-digit Option A (all) — EN labels,float64,2400,0,0.0,30,False,
2012,isco08_2_ENG,ISCO-08 2-digit Option B (valid only) — EN labels,float64,2400,1551,64.62,27,False,
2015,id,,str,2397,0,0.0,2397,False,
2015,D_R,,str,2397,0,0.0,1,False,
2015,encuesta,Encuestador,float64,2397,0,0.0,116,False,
2015,estado,Estado,float64,2397,0,0.0,28,False,
2015,mpio,Municipio,float64,2397,0,0.0,67,False,
2015,edompio,Estado - municipio,float64,2397,0,0.0,109,False,
2015,secc,,float64,2397,0,0.0,227,False,
2015,localidad,,float64,2397,0,0.0,64,False,
2015,mz,,float64,2397,0,0.0,124,False,
2015,folio,,float64,2397,0,0.0,20,False,
2015,ver,,float64,2397,0,0.0,2,False,
2015,rechazo,,float64,2397,0,0.0,8,False,
2015,dia,,float64,2397,0,0.0,9,False,
2015,mes,,float64,2397,0,0.0,1,False,
2015,numper,,float64,2397,0,0.0,7,False,
2015,iselec,,float64,2397,0,0.0,6,False,
2015,dianac,,float64,2397,0,0.0,32,False,
2015,mesnac,,float64,2397,0,0.0,13,False,
2015,horaini2,,float64,2397,0,0.0,17,False,
2015,minini2,,float64,2397,0,0.0,60,False,
2015,pcn,Utilice la escala de colores TARJETA 1 CROMATICA y anote el número que más se ac,float64,2397,0,0.0,11,False,
2015,pfn,Utilice la escala de caras que corresponda a su género TARJETA 2 CARAS y anote e,float64,2397,0,0.0,12,False,
2015,pce,"Por favor, use la escala de colores [TARJETA 1 CROMATICA], e indique el número q",float64,2397,0,0.0,12,False,
2015,pfe,"Por favor, use la escala de caras del mismo sexo del entrevistado TARJETA 2 CARA",float64,2397,0,0.0,12,False,
2015,p1,"Comparada con la situación que tenía el estado hace un año, ¿cómo diría usted qu",float64,2397,0,0.0,6,False,
2015,p2,¿Cuál considera usted que es el principal problema del país? (ENCUESTADOR: REGIS,float64,2397,0,0.0,15,False,
2015,p3,"En las elecciones que acaban de pasar, muchas personas no pudieron votar porque",float64,2397,0,0.0,5,False,
2015,p5,¿Usted cree que el gobierno o los partidos políticos pueden descubrir por quién,float64,2397,0,0.0,5,False,
2015,p6,"Y, ¿hubo algún o algunos partidos por los que usted NUNCA hubiera votado?",float64,2397,0,0.0,5,False,
2015,p7_1,¿Por cuáles? Espontánea (ENCUESTADOR: ACEPTAR  HASTA TRES RESPUESTAS) 1ra Menció,float64,2397,0,0.0,16,False,
2015,p7_2,¿Por cuáles? Espontánea (ENCUESTADOR: ACEPTAR  HASTA TRES RESPUESTAS) 2da Menció,float64,2397,0,0.0,15,False,
2015,p7_3,¿Por cuáles? Espontánea (ENCUESTADOR: ACEPTAR  HASTA TRES RESPUESTAS) 3ra Menció,float64,2397,0,0.0,16,False,
2015,p8,¿Usted votó en la elección presidencial del 2012?,float64,2397,0,0.0,7,False,
2015,p8a,"¿Y en la elección presidencial del 2012, por cuál partido votó? (ESPONTÁNEA)",float64,2397,0,0.0,12,False,
2015,p9,"Independientemente del partido por el que usted vota, ¿usted normalmente se cons",float64,2397,0,0.0,14,False,
2015,p10v1,"Le voy a entregar una tarjeta donde se le van a mencionar varias actividades, y",float64,2397,0,0.0,8,False,
2015,p10v1a,"Ahora le voy a mostrar y leer una lista distinta. Por favor, cuente CUÁNTAS expe",float64,2397,0,0.0,9,False,
2015,p10v2,"Le voy a entregar una tarjeta donde se le van a mencionar actividades, y quisier",float64,2397,0,0.0,9,False,
2015,p10v2a,"Ahora le voy a mostrar y leer una lista distinta. Por favor, cuente CUÁNTAS expe",float64,2397,0,0.0,8,False,
2015,p11_1,"¿Usted cree que el gobierno de su estado debería gastar mucho más que ahora, alg",float64,2397,0,0.0,8,False,
2015,p11_2,"¿Usted cree que el gobierno de su estado debería gastar mucho más que ahora, alg",float64,2397,0,0.0,8,False,
2015,p11_3,"¿Usted cree que el gobierno de su estado debería gastar mucho más que ahora, alg",float64,2397,0,0.0,8,False,
2015,p12_4,"¿Usted cree que el gobierno de su estado debería gastar mucho más que ahora, alg",float64,2397,0,0.0,8,False,
2015,p12_5,"¿Usted cree que el gobierno de su estado debería gastar mucho más que ahora, alg",float64,2397,0,0.0,8,False,
2015,p12_6,"¿Usted cree que el gobierno de su estado debería gastar mucho más que ahora, alg",float64,2397,0,0.0,8,False,
2015,p13_7,"¿Usted cree que el gobierno de su estado debería gastar mucho más que ahora, alg",float64,2397,0,0.0,8,False,
2015,p13_8,"¿Usted cree que el gobierno de su estado debería gastar mucho más que ahora, alg",float64,2397,0,0.0,8,False,
2015,p14,"En los próximos diez años, ¿qué tan probable es que mejore su calidad de vida: m",float64,2397,0,0.0,7,False,
2015,p15,¿Diría usted que durante los últimos doce meses la situación económica de México,float64,2397,0,0.0,6,False,
2015,p15_1,¿Diría usted que ha mejorado mucho o poco?,float64,2397,0,0.0,6,False,
2015,p15_2,¿Diría usted que ha empeorado  mucho o poco?,float64,2397,0,0.0,6,False,
2015,p16,"Dígame, por favor, hasta qué punto está usted de acuerdo o en desacuerdo con la",float64,2397,0,0.0,8,False,
2015,p17,"Usando la escala que aparece en esta tarjeta, donde UNO significa que NO importa",float64,2397,0,0.0,8,False,
2015,p18,"Usando la escala que aparece en esta tarjeta, donde UNO significa que el voto NO",float64,2397,0,0.0,8,False,
2015,p19a,0 significa que a usted NO LE GUSTA NADA ese partido y 10 significa que LE GUSTA,float64,2397,0,0.0,15,False,
2015,p19b,0 significa que a usted NO LE GUSTA NADA ese partido y 10 significa que LE GUSTA,float64,2397,0,0.0,15,False,
2015,p19c,0 significa que a usted NO LE GUSTA NADA ese partido y 10 significa que LE GUSTA,float64,2397,0,0.0,15,False,
2015,p19d,0 significa que a usted NO LE GUSTA NADA ese partido y 10 significa que LE GUSTA,float64,2397,0,0.0,15,False,
2015,p19e,0 significa que a usted NO LE GUSTA NADA ese partido y 10 significa que LE GUSTA,float64,2397,0,0.0,15,False,
2015,p19f,0 significa que a usted NO LE GUSTA NADA ese partido y 10 significa que LE GUSTA,float64,2397,0,0.0,15,False,
2015,p19h,0 significa que a usted NO LE GUSTA NADA ese partido y 10 significa que LE GUSTA,float64,2397,0,0.0,15,False,
2015,p20a,"Usando la escala que aparece en esta tarjeta, donde 0 significa IZQUIERDA y 10 D",float64,2397,0,0.0,16,False,
2015,p20b,"Usando la escala que aparece en esta tarjeta, donde 0 significa IZQUIERDA y 10 D",float64,2397,0,0.0,16,False,
2015,p20c,"Usando la escala que aparece en esta tarjeta, donde 0 significa IZQUIERDA y 10 D",float64,2397,0,0.0,16,False,
2015,p20d,"Usando la escala que aparece en esta tarjeta, donde 0 significa IZQUIERDA y 10 D",float64,2397,0,0.0,16,False,
2015,p20e,"Usando la escala que aparece en esta tarjeta, donde 0 significa IZQUIERDA y 10 D",float64,2397,0,0.0,16,False,
2015,p20f,"Usando la escala que aparece en esta tarjeta, donde 0 significa IZQUIERDA y 10 D",float64,2397,0,0.0,16,False,
2015,p20h,"Usando la escala que aparece en esta tarjeta, donde 0 significa IZQUIERDA y 10 D",float64,2397,0,0.0,16,False,
2015,p21,"Y usando la escala que aparece en la misma tarjeta, donde 0 significa IZQUIERDA",float64,2397,0,0.0,15,False,
2015,p22,"y usando la escala que aparece en esta tarjeta, donde 0 significa liberal y 10 c",float64,2397,0,0.0,15,False,
2015,p23,"En general, ¿está usted muy satisfecho, satisfecho, poco satisfecho o nada satis",float64,2397,0,0.0,7,False,
2015,p24,"Independientemente de por cuál partido votó en la elección pasada, en general, ¿",float64,2397,0,0.0,5,False,
2015,p25_1,¿Con cuál partido? (ENCUESTADOR: SI EL RESPONDENTE MENCIONA ESPONTÁNEAMENTE MÁS,float64,2397,0,0.0,15,False,
2015,p25_2,¿Con cuál partido? (ENCUESTADOR: SI EL RESPONDENTE MENCIONA ESPONTÁNEAMENTE MÁS,float64,2397,0,0.0,14,False,
2015,p25_3,¿Con cuál partido? (ENCUESTADOR: SI EL RESPONDENTE MENCIONA ESPONTÁNEAMENTE MÁS,float64,2397,0,0.0,15,False,
2015,p25b,¿Con cuál de estos partidos que mencionó simpatiza usted un poco más?,float64,2397,0,0.0,14,False,
2015,p25c,¿Siente usted un poco más de simpatía por algún partido político que por los otr,float64,2397,0,0.0,6,False,
2015,p25d,¿Por cuál partido?,float64,2397,0,0.0,12,False,
2015,p25e,"¿Simpatiza usted mucho con este partido, algo o poco?",float64,2397,0,0.0,7,False,
2015,p26_1,"Le voy a leer una lista de partidos políticos, para cada uno de ellos por favor",float64,2397,0,0.0,2,False,
2015,p26_2,"Le voy a leer una lista de partidos políticos, para cada uno de ellos por favor",float64,2397,0,0.0,2,False,
2015,p26_3,"Le voy a leer una lista de partidos políticos, para cada uno de ellos por favor",float64,2397,0,0.0,2,False,
2015,p26_4,"Le voy a leer una lista de partidos políticos, para cada uno de ellos por favor",float64,2397,0,0.0,2,False,
2015,p26_5,"Le voy a leer una lista de partidos políticos, para cada uno de ellos por favor",float64,2397,0,0.0,2,False,
2015,p26_6,"Le voy a leer una lista de partidos políticos, para cada uno de ellos por favor",float64,2397,0,0.0,2,False,
2015,p26_7,"Le voy a leer una lista de partidos políticos, para cada uno de ellos por favor",float64,2397,0,0.0,2,False,
2015,p26_8,"Le voy a leer una lista de partidos políticos, para cada uno de ellos por favor",float64,2397,0,0.0,2,False,
2015,p26_1a,"¿Lo contactó a usted Personalmente, cara a cara? PAN",float64,2397,0,0.0,3,False,
2015,p26_2a,"¿Lo contactó a usted Personalmente, cara a cara? PRI",float64,2397,0,0.0,3,False,
2015,p26_3a,"¿Lo contactó a usted Personalmente, cara a cara? PRD",float64,2397,0,0.0,3,False,
2015,p26_4a,"¿Lo contactó a usted Personalmente, cara a cara? Partido Verde",float64,2397,0,0.0,3,False,
2015,p26_5a,"¿Lo contactó a usted Personalmente, cara a cara? PT",float64,2397,0,0.0,3,False,
2015,p26_6a,"¿Lo contactó a usted Personalmente, cara a cara? Movimiento Ciudadano",float64,2397,0,0.0,3,False,
2015,p26_7a,"¿Lo contactó a usted Personalmente, cara a cara? MORENA",float64,2397,0,0.0,3,False,
2015,p26_8a,"¿Lo contactó a usted Personalmente, cara a cara? Otro",float64,2397,0,0.0,3,False,
2015,p26_1b,¿Lo contactó a usted Por correo postal (mensajería) PAN?,float64,2397,0,0.0,3,False,
2015,p26_2b,¿Lo contactó a usted Por correo postal (mensajería) PRI?,float64,2397,0,0.0,3,False,
2015,p26_3b,¿Lo contactó a usted Por correo postal (mensajería) PRD?,float64,2397,0,0.0,3,False,
2015,p26_4b,¿Lo contactó a usted Por correo postal (mensajería) Partido Verde?,float64,2397,0,0.0,3,False,
2015,p26_5b,¿Lo contactó a usted Por correo postal (mensajería) PT?,float64,2397,0,0.0,3,False,
2015,p26_6b,¿Lo contactó a usted Por correo postal (mensajería) Movimiento Ciudadano?,float64,2397,0,0.0,3,False,
2015,p26_7b,¿Lo contactó a usted Por correo postal (mensajería) MORENA?,float64,2397,0,0.0,3,False,
2015,p26_8b,¿Lo contactó a usted Por correo postal (mensajería) Otro?,float64,2397,0,0.0,3,False,
2015,p26_1c,¿Lo contactó a usted Por teléfono? PAN,float64,2397,0,0.0,3,False,
2015,p26_2c,¿Lo contactó a usted Por teléfono? PRI,float64,2397,0,0.0,3,False,
2015,p26_3c,¿Lo contactó a usted Por teléfono? PRD,float64,2397,0,0.0,3,False,
2015,p26_4c,¿Lo contactó a usted Por teléfono? Partido Verde,float64,2397,0,0.0,3,False,
2015,p26_5c,¿Lo contactó a usted Por teléfono? PT,float64,2397,0,0.0,3,False,
2015,p26_6c,¿Lo contactó a usted Por teléfono? Movimiento Ciudadano,float64,2397,0,0.0,3,False,
2015,p26_7c,¿Lo contactó a usted Por teléfono? MORENA,float64,2397,0,0.0,3,False,
2015,p26_8c,¿Lo contactó a usted Por teléfono? Otro,float64,2397,0,0.0,3,False,
2015,p26_1d,¿Lo contactó a usted a través de mensaje de texto a su celular (sms)? PAN,float64,2397,0,0.0,3,False,
2015,p26_2d,¿Lo contactó a usted a través de mensaje de texto a su celular (sms)? PRI,float64,2397,0,0.0,3,False,
2015,p26_3d,¿Lo contactó a usted a través de mensaje de texto a su celular (sms)? PRD,float64,2397,0,0.0,3,False,
2015,p26_4d,¿Lo contactó a usted a través de mensaje de texto a su celular (sms)? Partido Ve,float64,2397,0,0.0,3,False,
2015,p26_5d,¿Lo contactó a usted a través de mensaje de texto a su celular (sms)? PT,float64,2397,0,0.0,3,False,
2015,p26_6d,¿Lo contactó a usted a través de mensaje de texto a su celular (sms)? Movimiento,float64,2397,0,0.0,3,False,
2015,p26_7d,¿Lo contactó a usted a través de mensaje de texto a su celular (sms)? MORENA,float64,2397,0,0.0,3,False,
2015,p26_8d,¿Lo contactó a usted a través de mensaje de texto a su celular (sms)? Otro,float64,2397,0,0.0,3,False,
2015,p26_1e,¿Lo contactó a usted or correo electrónico (email)? PAN,float64,2397,0,0.0,3,False,
2015,p26_2e,¿Lo contactó a usted or correo electrónico (email)? PRI,float64,2397,0,0.0,3,False,
2015,p26_3e,¿Lo contactó a usted or correo electrónico (email)? PRD,float64,2397,0,0.0,3,False,
2015,p26_4e,¿Lo contactó a usted or correo electrónico (email)? Partido Verde,float64,2397,0,0.0,3,False,
2015,p26_5e,¿Lo contactó a usted or correo electrónico (email)? PT,float64,2397,0,0.0,3,False,
2015,p26_6e,¿Lo contactó a usted or correo electrónico (email)? Movimiento Ciudadano,float64,2397,0,0.0,3,False,
2015,p26_7e,¿Lo contactó a usted or correo electrónico (email)? MORENA,float64,2397,0,0.0,3,False,
2015,p26_8e,¿Lo contactó a usted or correo electrónico (email)? Otro,float64,2397,0,0.0,3,False,
2015,p26_1f,¿Lo contactó a usted Mediante red social u otro método en Internet (Facebook o T,float64,2397,0,0.0,3,False,
2015,p26_2f,¿Lo contactó a usted Mediante red social u otro método en Internet (Facebook o T,float64,2397,0,0.0,3,False,
2015,p26_3f,¿Lo contactó a usted Mediante red social u otro método en Internet (Facebook o T,float64,2397,0,0.0,3,False,
2015,p26_4f,¿Lo contactó a usted Mediante red social u otro método en Internet (Facebook o T,float64,2397,0,0.0,3,False,
2015,p26_5f,¿Lo contactó a usted Mediante red social u otro método en Internet (Facebook o T,float64,2397,0,0.0,3,False,
2015,p26_6f,¿Lo contactó a usted Mediante red social u otro método en Internet (Facebook o T,float64,2397,0,0.0,3,False,
2015,p26_7f,¿Lo contactó a usted Mediante red social u otro método en Internet (Facebook o T,float64,2397,0,0.0,3,False,
2015,p26_8f,¿Lo contactó a usted Mediante red social u otro método en Internet (Facebook o T,float64,2397,0,0.0,3,False,
2015,p27_1,Dígame por favor si lo trataron de convencer para votar por algún partido o cand,float64,2397,0,0.0,3,False,
2015,p27_2,Dígame por favor si lo trataron de convencer para votar por algún partido o cand,float64,2397,0,0.0,3,False,
2015,p27_3,Dígame por favor si lo trataron de convencer para votar por algún partido o cand,float64,2397,0,0.0,3,False,
2015,p27_4,Dígame por favor si lo trataron de convencer para votar por algún partido o cand,float64,2397,0,0.0,3,False,
2015,p27_5,Dígame por favor si lo trataron de convencer para votar por algún partido o cand,float64,2397,0,0.0,3,False,
2015,p27_1a,"¿Lo trató de convencer personalmente, cara a cara? Amigo",float64,2397,0,0.0,4,False,
2015,p27_2a,"¿Lo trató de convencer personalmente, cara a cara? Familiar",float64,2397,0,0.0,4,False,
2015,p27_3a,"¿Lo trató de convencer personalmente, cara a cara? Vecino",float64,2397,0,0.0,4,False,
2015,p27_4a,"¿Lo trató de convencer personalmente, cara a cara? Compañero de trabajo",float64,2397,0,0.0,4,False,
2015,p27_5a,"¿Lo trató de convencer personalmente, cara a cara? Otro conocido",float64,2397,0,0.0,4,False,
2015,p27_1b,Lo trató de convencer por correo postal (mensajería) Amigo,float64,2397,0,0.0,4,False,
2015,p27_2b,Lo trató de convencer por correo postal (mensajería) Familiar,float64,2397,0,0.0,4,False,
2015,p27_3b,Lo trató de convencer por correo postal (mensajería) Vecino,float64,2397,0,0.0,4,False,
2015,p27_4b,Lo trató de convencer por correo postal (mensajería) Compañero de trabajo,float64,2397,0,0.0,4,False,
2015,p27_5b,Lo trató de convencer por correo postal (mensajería) Otro conocido,float64,2397,0,0.0,4,False,
2015,p27_1c,Lo trató de convencer por teléfono Amigo,float64,2397,0,0.0,4,False,
2015,p27_2c,Lo trató de convencer por teléfono Familiar,float64,2397,0,0.0,4,False,
2015,p27_3c,Lo trató de convencer por teléfono Vecino,float64,2397,0,0.0,4,False,
2015,p27_4c,Lo trató de convencer por teléfono Compañero de trabajo,float64,2397,0,0.0,4,False,
2015,p27_5c,Lo trató de convencer por teléfono Otro conocido,float64,2397,0,0.0,4,False,
2015,p27_1d,Lo trató de convencer a través de mensaje de texto a su celular (sms) Amigo,float64,2397,0,0.0,4,False,
2015,p27_2d,Lo trató de convencer a través de mensaje de texto a su celular (sms) Familiar,float64,2397,0,0.0,4,False,
2015,p27_3d,Lo trató de convencer a través de mensaje de texto a su celular (sms) Vecino,float64,2397,0,0.0,4,False,
2015,p27_4d,Lo trató de convencer a través de mensaje de texto a su celular (sms) Compañero,float64,2397,0,0.0,4,False,
2015,p27_5d,Lo trató de convencer a través de mensaje de texto a su celular (sms) Otro conoc,float64,2397,0,0.0,4,False,
2015,p27_1e,Lo trató de convencer por correo electrónico (email) Amigo,float64,2397,0,0.0,4,False,
2015,p27_2e,Lo trató de convencer por correo electrónico (email) Familiar,float64,2397,0,0.0,4,False,
2015,p27_3e,Lo trató de convencer por correo electrónico (email) Vecino,float64,2397,0,0.0,4,False,
2015,p27_4e,Lo trató de convencer por correo electrónico (email) Compañero de trabajo,float64,2397,0,0.0,4,False,
2015,p27_5e,Lo trató de convencer por correo electrónico (email) Otro conocido,float64,2397,0,0.0,4,False,
2015,p27_1f,Lo trató de convencer mediante red social u otro método en Internet (Facebook o,float64,2397,0,0.0,4,False,
2015,p27_2f,Lo trató de convencer mediante red social u otro método en Internet (Facebook o,float64,2397,0,0.0,4,False,
2015,p27_3f,Lo trató de convencer mediante red social u otro método en Internet (Facebook o,float64,2397,0,0.0,4,False,
2015,p27_4f,Lo trató de convencer mediante red social u otro método en Internet (Facebook o,float64,2397,0,0.0,4,False,
2015,p27_5f,Lo trató de convencer mediante red social u otro método en Internet (Facebook o,float64,2397,0,0.0,4,False,
2015,p28,"Durante la campaña, ¿usó usted el Internet o su celular (Por ejemplo: mensajes d",float64,2397,0,0.0,6,False,
2015,p29,"¿Quién de las siguientes personas es el Secretario de Hacienda: Luis Videgaray,",float64,2397,0,0.0,7,False,
2015,p30,¿Cuál fue la tasa de desempleo oficial en México que anunció el gobierno recient,float64,2397,0,0.0,7,False,
2015,p31,"En esta elección, ¿qué partido quedó en segundo lugar en número de diputados en",float64,2397,0,0.0,9,False,
2015,p32,"¿Quién es el actual Secretario General de las Naciones Unidas - Kofi Anan, Kurt",float64,2397,0,0.0,7,False,
2015,p33,La siguiente pregunta es sobre el ingreso familiar mensual de su hogar. ¿Qué tan,float64,2397,0,0.0,7,False,
2015,p34,¿Usted o alguno de los que vive en su hogar es dueño de alguna propiedad habitac,float64,2397,0,0.0,5,False,
2015,p35,"¿Usted o alguno de los que vive en su hogar es dueño de algún negocio, de una pr",float64,2397,0,0.0,5,False,
2015,p36,¿Usted o alguno de los que vive en su hogar es dueño de acciones o bonos en la b,float64,2397,0,0.0,5,False,
2015,p37,¿Usted o alguno de los que vive en su hogar tiene ahorros?,float64,2397,0,0.0,5,False,
2015,p38,"La semana pasada, ¿usted diría que vio muchas, algunas, o pocas noticias sobre a",float64,2397,0,0.0,6,False,
2015,p40,"Durante la campaña que acaba de pasar, ¿usted vio o escuchó algún anuncio del PA",float64,2397,0,0.0,4,False,
2015,p40_2,¿Qué es lo que usted recuerda más del anuncio de PAN?,str,2397,0,0.0,396,False,
2015,p41,"Durante la campaña que acaba de pasar, ¿usted vio o escuchó algún anuncio del PR",float64,2397,0,0.0,4,False,
2015,p41_2,¿Qué es lo que usted recuerda más del anuncio del PRI?,str,2397,0,0.0,444,False,
2015,p42,"Durante la campaña que acaba de pasar, ¿usted vio o escuchó algún anuncio del PR",float64,2397,0,0.0,4,False,
2015,p42_2,¿Qué es lo que usted recuerda más del anuncio del PRD?,str,2397,0,0.0,224,False,
2015,p43,"Durante la campaña que acaba de pasar, ¿usted vio o escuchó algún anuncio del Pa",float64,2397,0,0.0,4,False,
2015,p43_2,¿Qué es lo que usted recuerda más del anuncio del Partido Verde?,str,2397,0,0.0,232,False,
2015,p44,"Durante la campaña que acaba de pasar, ¿usted vio o escuchó algún anuncio de MOR",float64,2397,0,0.0,4,False,
2015,p44_2,¿Qué es lo que usted recuerda más del anuncio de MORENA?,str,2397,0,0.0,174,False,
2015,p45,"Durante la campaña de diputados que acaba de pasar, ¿usted vio o escuchó algún a",float64,2397,0,0.0,4,False,
2015,p45_2,¿Qué es lo que usted recuerda más del anuncio de Movimiento Ciudadano?,str,2397,0,0.0,95,False,
2015,p46,¿Recuerda Usted algún anuncio de algún otro partido?,float64,2397,0,0.0,4,False,
2015,p46_1,¿De cuál?,float64,2397,0,0.0,8,False,
2015,p46_2,¿Y recuerda anuncio de algún otro partido más?,float64,2397,0,0.0,5,False,
2015,p46_3,¿De cuál?,float64,2397,0,0.0,6,False,
2015,pcyc1,"Durante la campaña electoral para diputados federales, ¿recibió usted algún rega",float64,2397,0,0.0,5,False,
2015,pc1a,¿Podría decirme qué es lo que recibió?,str,2397,0,0.0,48,False,
2015,pc1b,¿Podría decirme qué es lo que recibió?,str,2397,0,0.0,32,False,
2015,pc1c,¿Podría decirme qué es lo que recibió?,str,2397,0,0.0,12,False,
2015,pcyc2,"Y dígame ahora, ¿recibió usted algún regalo o ayuda de parte de alguno de los ca",float64,2397,0,0.0,4,False,
2015,pc2a,¿Podría decirme qué es lo que recibió?,str,2397,0,0.0,82,False,
2015,pc2b,¿Podría decirme qué es lo que recibió?,str,2397,0,0.0,62,False,
2015,pc2c,¿Podría decirme qué es lo que recibió?,str,2397,0,0.0,27,False,
2015,pcyc3,Y ¿recibió usted algún regalo o ayuda de parte de alguno de los candidatos a dip,float64,2397,0,0.0,5,False,
2015,pc3a,¿Podría decirme qué es lo que recibió?,str,2397,0,0.0,53,False,
2015,pc3b,¿Podría decirme qué es lo que recibió?,str,2397,0,0.0,28,False,
2015,pc3c,¿Podría decirme qué es lo que recibió?,str,2397,0,0.0,10,False,
2015,pcyc4,"Durante la campaña electoral, ¿recibió usted algún regalo o ayuda de parte de al",float64,2397,0,0.0,5,False,
2015,pc4a,¿Podría decirme qué es lo que recibió?,str,2397,0,0.0,63,False,
2015,pc4b,¿Podría decirme qué es lo que recibió?,str,2397,0,0.0,35,False,
2015,pc4c,¿Podría decirme qué es lo que recibió?,str,2397,0,0.0,21,False,
2015,pcyc5,"Durante la campaña electoral, ¿recibió usted algún regalo o ayuda de parte de al",float64,2397,0,0.0,5,False,
2015,pc5a,¿Podría decirme qué es lo que recibió?,str,2397,0,0.0,25,False,
2015,pc5b,¿Podría decirme qué es lo que recibió?,str,2397,0,0.0,13,False,
2015,pc5c,¿Podría decirme qué es lo que recibió?,str,2397,0,0.0,5,False,
2015,pcyc6,"Durante la campaña electoral, ¿recibió usted algún regalo o ayuda de parte de al",float64,2397,0,0.0,4,False,
2015,pc6a,¿Podría decirme qué es lo que recibió?,str,2397,0,0.0,27,False,
2015,pc6b,¿Podría decirme qué es lo que recibió?,str,2397,0,0.0,10,False,
2015,pc6c,¿Podría decirme qué es lo que recibió?,str,2397,0,0.0,4,False,
2015,pcyc7,"Durante la campaña electoral, ¿recibió usted algún regalo o ayuda de parte de al",float64,2397,0,0.0,5,False,
2015,pc7a,¿De cuál otro partido?,str,2397,0,0.0,15,False,
2015,pc7b,¿De cuál otro partido?,str,2397,0,0.0,5,False,
2015,pc7c,¿De cuál otro partido?,str,2397,0,0.0,3,False,
2015,pcyc8a,"Durante la campaña electoral, ¿vio a gente del (LEER PARTIDO) repartiendo regalo",float64,2397,0,0.0,4,False,
2015,pcyc8b,"Durante la campaña electoral, ¿vio a gente del (LEER PARTIDO) repartiendo regalo",float64,2397,0,0.0,4,False,
2015,pcyc8c,"Durante la campaña electoral, ¿vio a gente del (LEER PARTIDO) repartiendo regalo",float64,2397,0,0.0,4,False,
2015,pcyc8d,"Durante la campaña electoral, ¿vio a gente del (LEER PARTIDO) repartiendo regalo",float64,2397,0,0.0,4,False,
2015,pcyc8e,"Durante la campaña electoral, ¿vio a gente del (LEER PARTIDO) repartiendo regalo",float64,2397,0,0.0,4,False,
2015,pcyc8f,"Durante la campaña electoral, ¿vio a gente del (LEER PARTIDO) repartiendo regalo",float64,2397,0,0.0,4,False,
2015,pcyc8g,¿Y vio a gente de algún otro partido repartiendo regalos o dando ayudas en su co,float64,2397,0,0.0,4,False,
2015,pc8a,¿De cuál otro partido?,str,2397,0,0.0,32,False,
2015,pc8b,¿De cuál otro partido?,str,2397,0,0.0,16,False,
2015,pc8c,¿De cuál otro partido?,str,2397,0,0.0,7,False,
2015,pcyc9,"En general, en el caso de que usted haya visto a gente de los partidos o a polít",float64,2397,0,0.0,5,False,
2015,pcyc9a,Imagine que un partido político durante la campaña ofreció 200 pesos a un votant,float64,2397,0,0.0,8,False,
2015,pc10,¿Cuál es la principal ayuda o apoyo que recibe o ha recibido usted o su familia,str,2397,0,0.0,95,False,
2015,pc11,¿Cuál es la principal ayuda que recibe o ha recibido usted o su familia de parte,str,2397,0,0.0,67,False,
2015,pcyc12,¿Su familia es beneficiaria de LICONSA?,float64,2397,0,0.0,4,False,
2015,pcyc12a,¿Su familia es beneficiaria de PROCAMPO?,float64,2397,0,0.0,4,False,
2015,pcyc12b,¿Su familia es beneficiaria de PROSPERA?,float64,2397,0,0.0,4,False,
2015,pcyc13,"En la pasada campaña electoral, ¿algún candidato o miembro de algún partido polí",float64,2397,0,0.0,4,False,
2015,pcyc13_1,¿De cuál partido?,float64,2397,0,0.0,11,False,
2015,pcyc13_2,¿de alguno otro partido?,float64,2397,0,0.0,12,False,
2015,pcyc14,"Y si Usted recibe alguno de estos beneficios, ¿algún candidato o miembro de algú",float64,2397,0,0.0,4,False,
2015,pcyc14_1,¿De cuál partido?,float64,2397,0,0.0,10,False,
2015,pcyc14_2,¿De alguno otro partido?,float64,2397,0,0.0,10,False,
2015,pcyc15_1,"¿Con qué tipo de servicio médico cuenta usted: el Seguro Social, el ISSSTE, Segu",float64,2397,0,0.0,3,False,
2015,pcyc15_2,"¿Con qué tipo de servicio médico cuenta usted: el Seguro Social, el ISSSTE, Segu",float64,2397,0,0.0,3,False,
2015,pcyc15_3,"¿Con qué tipo de servicio médico cuenta usted: el Seguro Social, el ISSSTE, Segu",float64,2397,0,0.0,3,False,
2015,pcyc15_4,"¿Con qué tipo de servicio médico cuenta usted: el Seguro Social, el ISSSTE, Segu",float64,2397,0,0.0,3,False,
2015,pcyc15_5,"¿Con qué tipo de servicio médico cuenta usted: el Seguro Social, el ISSSTE, Segu",float64,2397,0,0.0,3,False,
2015,pcyc15_6,"¿Con qué tipo de servicio médico cuenta usted: el Seguro Social, el ISSSTE, Segu",float64,2397,0,0.0,3,False,
2015,pcyc15_7,"¿Con qué tipo de servicio médico cuenta usted: el Seguro Social, el ISSSTE, Segu",float64,2397,0,0.0,3,False,
2015,pcyc15_8,"¿Con qué tipo de servicio médico cuenta usted: el Seguro Social, el ISSSTE, Segu",float64,2397,0,0.0,3,False,
2015,pcyc16,¿Usted o alguien de su familia cuenta con beca escolar de alguna institución del,float64,2397,0,0.0,4,False,
2015,pcyc16a,"¿La institución que le da la beca es federal, estatal o municipal? Federal",float64,2397,0,0.0,4,False,
2015,pcyc16b,"¿La institución que le da la beca es federal, estatal o municipal? Estatal",float64,2397,0,0.0,4,False,
2015,pcyc16c,"¿La institución que le da la beca es federal, estatal o municipal? Municipal",float64,2397,0,0.0,4,False,
2015,pcyc17,¿Usted o alguien de su familia recibe ayuda o pensión de adultos mayores?,float64,2397,0,0.0,4,False,
2015,pcyc17a,"¿La institución que le da la pensión es federal, estatal o municipal? Federal",float64,2397,0,0.0,4,False,
2015,pcyc17b,"¿La institución que le da la pensión es federal, estatal o municipal? Estatal/ G",float64,2397,0,0.0,4,False,
2015,pcyc17c,"¿La institución que le da la pensión es federal, estatal o municipal? Municipal",float64,2397,0,0.0,4,False,
2015,pcyc18,¿Ha logrado usted o alguien de su familia recibir algún apoyo alimentario en el,float64,2397,0,0.0,4,False,
2015,pcyc18a,"¿La institución que le da apoyo alimentario es federal, estatal o municipal? Fed",float64,2397,0,0.0,4,False,
2015,pcyc18b,"¿La institución que le da apoyo alimentario es federal, estatal o municipal? Est",float64,2397,0,0.0,4,False,
2015,pcyc18c,"¿La institución que le da apoyo alimentario es federal, estatal o municipal? Mun",float64,2397,0,0.0,4,False,
2015,pcyc19,"En la pasada campaña electoral, ¿algún candidato o miembro de algún partido polí",float64,2397,0,0.0,4,False,
2015,pcyc19_1,¿De cuál partido?,float64,2397,0,0.0,12,False,
2015,pcyc19_2,¿De alguno otro partido?,float64,2397,0,0.0,13,False,
2015,pcyc20,"Y si Usted recibe alguno de estos beneficios, ¿algún candidato o miembro de algú",float64,2397,0,0.0,4,False,
2015,pcyc20_1,¿De cuál partido?,float64,2397,0,0.0,11,False,
2015,pcyc20_2,¿De algún otro partido?,float64,2397,0,0.0,8,False,
2015,p48,"En general, ¿está usted de acuerdo o en desacuerdo con la manera como está gober",float64,2397,0,0.0,6,False,
2015,p49,"Usando la escala que aparece en la tarjeta 13, donde UNO significa que las elecc",float64,2397,0,0.0,7,False,
2015,p50_1,"En la campaña electoral que acaba de pasar, ¿Ud. hizo alguna de las siguientes c",float64,2397,0,0.0,5,False,
2015,p50_2,"En la campaña electoral que acaba de pasar, ¿Ud. hizo alguna de las siguientes c",float64,2397,0,0.0,5,False,
2015,p50_3,"En la campaña electoral que acaba de pasar, ¿Ud. hizo alguna de las siguientes c",float64,2397,0,0.0,5,False,
2015,p50_4,"En la campaña electoral que acaba de pasar, ¿Ud. hizo alguna de las siguientes c",float64,2397,0,0.0,5,False,
2015,p50_5,"En la campaña electoral que acaba de pasar, ¿Ud. hizo alguna de las siguientes c",float64,2397,0,0.0,5,False,
2015,p51_1,¿De qué partido fue ese mitin o acto de campaña? PAN,float64,2397,0,0.0,4,False,
2015,p51_2,¿De qué partido fue ese mitin o acto de campaña? PRI,float64,2397,0,0.0,4,False,
2015,p51_3,¿De qué partido fue ese mitin o acto de campaña? PRD,float64,2397,0,0.0,4,False,
2015,p51_4,¿De qué partido fue ese mitin o acto de campaña? Partido Verde,float64,2397,0,0.0,4,False,
2015,p51_5,¿De qué partido fue ese mitin o acto de campaña? Partido del Trabajo,float64,2397,0,0.0,4,False,
2015,p51_6,¿De qué partido fue ese mitin o acto de campaña? Movimiento Ciudadano,float64,2397,0,0.0,4,False,
2015,p51_7,¿De qué partido fue ese mitin o acto de campaña? Nueva Alianza,float64,2397,0,0.0,4,False,
2015,p51_8,¿De qué partido fue ese mitin o acto de campaña? MORENA,float64,2397,0,0.0,4,False,
2015,p51_9,¿De qué partido fue ese mitin o acto de campaña? Partido Humanista,float64,2397,0,0.0,4,False,
2015,p51_10,¿De qué partido fue ese mitin o acto de campaña? Encuentro Social,float64,2397,0,0.0,4,False,
2015,p51_11,¿De qué partido fue ese mitin o acto de campaña? Candidato independiente,float64,2397,0,0.0,4,False,
2015,p51_12,¿De qué partido fue ese mitin o acto de campaña? Otro,float64,2397,0,0.0,4,False,
2015,p51_13,¿De qué partido fue ese mitin o acto de campaña? NS,float64,2397,0,0.0,4,False,
2015,p51_14,¿De qué partido fue ese mitin o acto de campaña? NC,float64,2397,0,0.0,4,False,
2015,p51b,¿Cómo se enteró de ese mitin o acto de campaña?,float64,2397,0,0.0,7,False,
2015,p51c,¿Alguien le ayudó para llegar al mitin o acto de campaña?,float64,2397,0,0.0,5,False,
2015,p51d,¿Quién?,str,2397,0,0.0,32,False,
2015,p52,"Durante esta campaña electoral, ¿apoyó económicamente a algún partido, alianza o",float64,2397,0,0.0,5,False,
2015,p53_1,Ahora me gustaría saber un poco sobre cómo se siente hacia los partidos político,float64,2397,0,0.0,6,False,
2015,p53_2,Ahora me gustaría saber un poco sobre cómo se siente hacia los partidos político,float64,2397,0,0.0,6,False,
2015,p53_3,Ahora me gustaría saber un poco sobre cómo se siente hacia los partidos político,float64,2397,0,0.0,6,False,
2015,p53_4,Ahora me gustaría saber un poco sobre cómo se siente hacia los partidos político,float64,2397,0,0.0,6,False,
2015,p53_5,Ahora me gustaría saber un poco sobre cómo se siente hacia los partidos político,float64,2397,0,0.0,6,False,
2015,p53_6,Ahora me gustaría saber un poco sobre cómo se siente hacia los partidos político,float64,2397,0,0.0,6,False,
2015,p53_7,Ahora me gustaría saber un poco sobre cómo se siente hacia los partidos político,float64,2397,0,0.0,6,False,
2015,p53_8,Ahora me gustaría saber un poco sobre cómo se siente hacia los partidos político,float64,2397,0,0.0,6,False,
2015,p53_9,Ahora me gustaría saber un poco sobre cómo se siente hacia los partidos político,float64,2397,0,0.0,6,False,
2015,p53_10,Ahora me gustaría saber un poco sobre cómo se siente hacia los partidos político,float64,2397,0,0.0,6,False,
2015,p54_1,"Dígame por favor, ¿usted aceptaría que las siguientes personas vivieran en su ca",float64,2397,0,0.0,6,False,
2015,p54_2,"Dígame por favor, ¿usted aceptaría que las siguientes personas vivieran en su ca",float64,2397,0,0.0,6,False,
2015,p54_3,"Dígame por favor, ¿usted aceptaría que las siguientes personas vivieran en su ca",float64,2397,0,0.0,6,False,
2015,p54_4,"Dígame por favor, ¿usted aceptaría que las siguientes personas vivieran en su ca",float64,2397,0,0.0,6,False,
2015,p54_5,"Dígame por favor, ¿usted aceptaría que las siguientes personas vivieran en su ca",float64,2397,0,0.0,6,False,
2015,p54_6,"Dígame por favor, ¿usted aceptaría que las siguientes personas vivieran en su ca",float64,2397,0,0.0,6,False,
2015,p55,"¿El color de piel no importa a la hora de decidir por quién votar, o es más difí",float64,2397,0,0.0,4,False,
2015,p56,"Usted qué cree, ¿el color de piel no importa para conseguir un buen empleo o es",float64,2397,0,0.0,4,False,
2015,p57,¿Qué se acerca más a lo que usted piensa: la desigualdad económica entre hombres,float64,2397,0,0.0,11,False,
2015,p58,"Con lo que usted ha visto en México, ¿qué es lo que ha sido más útil para que el",float64,2397,0,0.0,5,False,
2015,p59,"En los últimos 12 meses, ¿usted cree que la situación de la violencia relacionad",float64,2397,0,0.0,7,False,
2015,p60_1,"En estos últimos doce meses usted, algún familiar, algún amigo o conocido ¿se ha",float64,2397,0,0.0,3,False,
2015,p60_2,"En estos últimos doce meses usted, algún familiar, algún amigo o conocido ¿se ha",float64,2397,0,0.0,3,False,
2015,p60_3,"En estos últimos doce meses usted, algún familiar, algún amigo o conocido ¿se ha",float64,2397,0,0.0,3,False,
2015,p60_4,"En estos últimos doce meses usted, algún familiar, algún amigo o conocido ¿se ha",float64,2397,0,0.0,3,False,
2015,p60_5,"En estos últimos doce meses usted, algún familiar, algún amigo o conocido ¿se ha",float64,2397,0,0.0,3,False,
2015,p61,"En los últimos doce meses, en su municipio (delegación si es en el DF) ¿se han d",float64,2397,0,0.0,5,False,
2015,p62,Durante los últimos doce meses el nivel de violencia relacionado con el crimen o,float64,2397,0,0.0,7,False,
2015,p63_1,¿Quién o quiénes cree usted que son los responsables del nivel de violencia rela,float64,2397,0,0.0,3,False,
2015,p63_2,¿Quién o quiénes cree usted que son los responsables del nivel de violencia rela,float64,2397,0,0.0,3,False,
2015,p63_3,¿Quién o quiénes cree usted que son los responsables del nivel de violencia rela,float64,2397,0,0.0,3,False,
2015,p63_4,¿Quién o quiénes cree usted que son los responsables del nivel de violencia rela,float64,2397,0,0.0,3,False,
2015,p63_5,¿Quién o quiénes cree usted que son los responsables del nivel de violencia rela,float64,2397,0,0.0,3,False,
2015,p63_6,¿Quién o quiénes cree usted que son los responsables del nivel de violencia rela,float64,2397,0,0.0,3,False,
2015,p63_7,¿Quién o quiénes cree usted que son los responsables del nivel de violencia rela,float64,2397,0,0.0,3,False,
2015,p63_8,¿Quién o quiénes cree usted que son los responsables del nivel de violencia rela,float64,2397,0,0.0,3,False,
2015,p64_1,"Dígame, ¿a qué nivel de gobierno, federal, estatal o municipal, le corresponde m",float64,2397,0,0.0,3,False,
2015,p64_2,"Dígame, ¿a qué nivel de gobierno, federal, estatal o municipal, le corresponde m",float64,2397,0,0.0,3,False,
2015,p64_3,"Dígame, ¿a qué nivel de gobierno, federal, estatal o municipal, le corresponde m",float64,2397,0,0.0,3,False,
2015,p65,"En los últimos 3 meses, ¿con cuántas personas ha hablado sobre política?",float64,2397,0,0.0,28,False,
2015,p66,Por favor dígame de los últimos siete días ¿cuántos días habló usted de política,float64,2397,0,0.0,15,False,
2015,p67,"Con lo que usted sabe, ¿cuáles son las cámaras que tiene el Congreso de México?",float64,2397,0,0.0,6,False,
2015,p68,"En general, ¿cuántos años dura un diputado en su cargo (puesto)?",float64,2397,0,0.0,4,False,
2015,p69,"¿Por favor, me puede decir el nombre del actual Gobernador de su estado?",float64,2397,0,0.0,4,False,
2015,p70_1,"Para expresar su opinión, en los últimos 12 meses, ¿usted se ha organizado con o",float64,2397,0,0.0,3,False,
2015,p70_2,"Para expresar su opinión, en los últimos 12 meses, ¿usted se ha organizado con o",float64,2397,0,0.0,3,False,
2015,p70_3,"Para expresar su opinión, en los últimos 12 meses, ¿usted se ha organizado con o",float64,2397,0,0.0,3,False,
2015,p70_4,"Para expresar su opinión, en los últimos 12 meses, ¿usted se ha organizado con o",float64,2397,0,0.0,3,False,
2015,p70_5,"Para expresar su opinión, en los últimos 12 meses, ¿usted se ha organizado con o",float64,2397,0,0.0,3,False,
2015,p70_6,"Para expresar su opinión, en los últimos 12 meses, ¿usted se ha organizado con o",float64,2397,0,0.0,3,False,
2015,p70_7,"Para expresar su opinión, en los últimos 12 meses, ¿usted se ha organizado con o",float64,2397,0,0.0,3,False,
2015,p70_8,"Para expresar su opinión, en los últimos 12 meses, ¿usted se ha organizado con o",float64,2397,0,0.0,3,False,
2015,p71b,¿Cuál fue el principal problema por el que se organizó con otras personas?,float64,2397,0,0.0,11,False,
2015,p71c,¿Quién lo invitó a participar?,float64,2397,0,0.0,10,False,
2015,p72_1,"En una escala del 1 al 7, donde 1 es nada probable y 7 es totalmente probable, d",float64,2397,0,0.0,10,False,
2015,p72_2,"En una escala del 1 al 7, donde 1 es nada probable y 7 es totalmente probable, d",float64,2397,0,0.0,10,False,
2015,p72_3,"En una escala del 1 al 7, donde 1 es nada probable y 7 es totalmente probable, d",float64,2397,0,0.0,10,False,
2015,p72_4,"En una escala del 1 al 7, donde 1 es nada probable y 7 es totalmente probable, d",float64,2397,0,0.0,10,False,
2015,p72_5,"En una escala del 1 al 7, donde 1 es nada probable y 7 es totalmente probable, d",float64,2397,0,0.0,10,False,
2015,p72_6,"En una escala del 1 al 7, donde 1 es nada probable y 7 es totalmente probable, d",float64,2397,0,0.0,10,False,
2015,p73,Durante el último año ¿considera usted que su situación económica personal ha me,float64,2397,0,0.0,6,False,
2015,p73a,"Y, ¿quién considera usted que es el principal responsable de que su situación ec",str,2397,0,0.0,361,False,
2015,p74,"Por favor, dígame ¿con cuál de los siguientes dichos se identifica usted más?",float64,2397,0,0.0,6,False,
2015,ps1,¿Cuántos años cumplidos tiene usted?,float64,2397,0,0.0,64,False,
2015,ps2,Sexo:,float64,2397,0,0.0,2,False,
2015,ps3,¿Hasta qué año escolar estudió usted (grado máximo)?,float64,2397,0,0.0,12,False,
2015,ps4,¿Me puede decir su estado civil?,float64,2397,0,0.0,6,False,
2015,ps5,¿Cuál fue su actividad principal la semana pasada?,float64,2397,0,0.0,9,False,
2015,PS6V1,"Dígame por favor ¿Cuál fue su última ocupación principal, es decir en donde  pas",float64,2397,0,0.0,25,False,
2015,ps6v2,"Dígame por favor ¿Cuál fue su última ocupación principal, es decir en donde  pas",str,2397,0,0.0,46,False,
2015,ps6_1,¿Y qué era en el último lugar donde trabajó?,float64,2397,0,0.0,8,False,
2015,ps6_2,¿A qué tipo de actividad se dedicaba la institución o empresa donde trabajó por,float64,2397,0,0.0,10,False,
2015,ps7v2,¿Cuál es la principal ocupación de la persona de la que Usted depende económicam,str,2397,0,0.0,145,False,
2015,ps7_1,¿Y qué es la persona de la que Usted depende económicamente en el lugar donde tr,float64,2397,0,0.0,8,False,
2015,PS7V1,¿Cuál es la principal ocupación de la persona de la que Usted depende económicam,float64,2397,0,0.0,56,False,
2015,ps7_2,"¿En qué tipo de institución, organismo o empresa trabaja la persona de la que Us",float64,2397,0,0.0,10,False,
2015,ps7_3,¿A qué tipo de actividad se dedica la institución o empresa donde trabaja la per,float64,2397,0,0.0,10,False,
2015,ps8,"¿Trabaja de tiempo completo, de medio tiempo, sólo por ratos o ayudando a la fam",float64,2397,0,0.0,7,False,
2015,ps9,"Si usted perdiera su trabajo, ¿qué tan fácil o difícil sería encontrar otro trab",float64,2397,0,0.0,7,False,
2015,ps10v2,¿Cuál es su principal ocupación en el trabajo en el que pasa usted el mayor tiem,str,2397,0,0.0,321,False,
2015,PS10V1,¿Cuál es su principal ocupación en el trabajo en el que pasa usted el mayor tiem,float64,2397,0,0.0,73,False,
2015,ps11,¿Y qué es usted en el lugar donde trabaja?,float64,2397,0,0.0,8,False,
2015,ps12,"¿En qué tipo de institución, organismo o empresa trabaja usted? (ENCUESTADOR LEA",float64,2397,0,0.0,10,False,
2015,ps13,¿A qué tipo de actividad se dedica la institución o empresa donde usted trabaja?,float64,2397,0,0.0,10,False,
2015,ps14,"Sumando los ingresos de todas las personas que trabajan en su casa, ¿cuál es el",float64,2397,0,0.0,128,False,
2015,ps15,"Ahora, dígame, tomando en cuenta los rangos que le muestro en esta tarjeta (ENTR",float64,2397,0,0.0,20,False,
2015,ps16,¿Cuántas personas dependen de este ingreso familiar?,float64,2397,0,0.0,14,False,
2015,ps16a,"¿Hasta qué punto dependen los ingresos familiares de esta casa de las remesas, e",float64,2397,0,0.0,6,False,
2015,ps17,¿Cuántas personas viven en su hogar incluyéndolo a usted?,float64,2397,0,0.0,13,False,
2015,ps18,¿Cuántas personas en su hogar tienen menos de 18 años?,float64,2397,0,0.0,10,False,
2015,ps19,¿Cuántas personas en su hogar tienen menos de 6 años?,float64,2397,0,0.0,10,False,
2015,ps20,¿Con qué frecuencia asiste usted a la iglesia o al templo sin contar ocasiones e,float64,2397,0,0.0,8,False,
2015,ps21,¿Cómo considera su grado de religiosidad?,float64,2397,0,0.0,6,False,
2015,ps22, ¿Me podría decir actualmente cuál es su religión?,float64,2397,0,0.0,14,False,
2015,ps23,"Con base en la  escala de colores [mostrar TARJETA 1 CROMATICA], ¿me podría deci",float64,2397,0,0.0,13,False,
2015,ps24,"En esta tarjeta hay varias caras de mexicanos/mexicanas, ¿me podría decir qué ca",float64,2397,0,0.0,12,False,
2015,ps25,¿Qué idioma habla usualmente en su hogar?,float64,2397,0,0.0,3,False,
2015,ps26,"En algunos países la gente tiene características similares. En otros países, la",float64,2397,0,0.0,4,False,
2015,ps27,¿Habla Ud. alguna lengua indígena?,float64,2397,0,0.0,3,False,
2015,ps28,¿En qué país nació usted?,float64,2397,0,0.0,3,False,
2015,ps29,¿En qué año se estableció en México?,float64,2397,0,0.0,3,False,
2015,ps30,Usted y su familia han considerado seriamente en irse a vivir a otro estado?,float64,2397,0,0.0,4,False,
2015,ps30a,¿A qué estado han Considerado mudarse?,str,2397,0,0.0,58,False,
2015,ps31,¿Usted y su familia han considerado seriamente en irse a vivir a otro país?,float64,2397,0,0.0,4,False,
2015,ps31a,¿A qué país han considerado mudarse?,str,2397,0,0.0,26,False,
2015,peledip,"El pasado 7 de junio de 2015 fueron las elecciones para DIPUTADOS FEDERALES, ¿Po",float64,2397,0,0.0,17,False,
2015,PELEDIPR,peledip  El pasado 7 de junio de 2015 fueron las elecciones para DIPUTADOS FEDER,float64,2397,0,0.0,13,False,
2015,horafin,,float64,2397,0,0.0,16,False,
2015,minfin,,float64,2397,0,0.0,60,False,
2015,px1,,float64,2397,0,0.0,2315,False,
2015,py1,,float64,2397,0,0.0,2307,False,
2015,pnomenc,,str,2397,0,0.0,515,False,
2015,pnomsup,,str,2397,0,0.0,193,False,
2015,psuper,,float64,2397,0,0.0,34,False,
2015,pdomic,,str,2397,0,0.0,1969,False,
2015,pcalles,,str,2397,0,0.0,1511,False,
2015,pcasadpo,,str,2397,0,0.0,1,False,
2015,pcolon,,str,2397,0,0.0,648,False,
2015,plocal,,str,2397,0,0.0,465,False,
2015,pmpio,,str,2397,0,0.0,276,False,
2015,pedo,,str,2397,0,0.0,96,False,
2015,estatus,,float64,2397,0,0.0,1,False,
2015,cap,,float64,2397,0,0.0,11,False,
2015,maq,,float64,2397,0,0.0,17,False,
2015,horabeg,,float64,2397,0,0.0,630,False,
2015,horaend,,float64,2397,0,0.0,644,False,
2015,fecha,,datetime64[s],2397,0,0.0,5,False,
2015,tipo,,str,2397,0,0.0,3,False,
2015,dominio,,float64,2397,0,0.0,3,False,
2015,EDAD,,float64,2397,0,0.0,4,False,
2015,pdipd,,float64,2397,0,0.0,2,False,
2015,pgobd,,float64,2397,0,0.0,2,False,
2015,pcgrd,,float64,2397,0,0.0,2,False,
2015,iip3,NIVEL DE INFORMACION POLITICA HABITUAL DE 3 CATEGORÍAS,float64,2397,0,0.0,3,False,
2015,iip4,NIVEL DE INFORMACION POLITICA HABITUAL DE 4 CATEGORÍAS,float64,2397,0,0.0,4,False,
2015,pSH,p29  ¿Quién de las siguientes personas es el Secretario de Hacienda: Luis Videga,float64,2397,0,0.0,2,False,
2015,pdesem,p30  ¿Cuál fue la tasa de desempleo oficial en México que anunció el gobierno re,float64,2397,0,0.0,2,False,
2015,pdip,"p31  En esta elección, ¿qué partido quedó en segundo lugar en número de diputado",float64,2397,0,0.0,2,False,
2015,ponu,"p32  ¿Quién es el actual Secretario General de las Naciones Unidas - Kofi Anan,",float64,2397,0,0.0,2,False,
2015,INDI,,float64,2397,0,0.0,5,False,
2015,iip_nuevo,Nuevo índice de información política (variables módulo 4),float64,2397,0,0.0,3,False,
2015,NSE,,float64,2397,0,0.0,7,False,
2015,PONDFIN,Ponderador nacional,float64,2397,0,0.0,215,False,
2015,PONDERADOR,,float64,2397,0,0.0,969,False,
2015,vote2015a,RECODE of peledip (El pasado 7 de junio de 2015 fueron las elecciones para DIPUT,float64,2397,426,17.77,10,False,
2015,vote2015b,RECODE of peledip (El pasado 7 de junio de 2015 fueron las elecciones para DIPUT,float64,2397,643,26.83,9,False,
2015,vote2015c,RECODE of peledip (El pasado 7 de junio de 2015 fueron las elecciones para DIPUT,float64,2397,643,26.83,7,False,
2015,pid2015a,"RECODE of p9 (Independientemente del partido por el que usted vota, ¿usted norma",float64,2397,0,0.0,8,False,
2015,pid2015b,"RECODE of p9 (Independientemente del partido por el que usted vota, ¿usted norma",float64,2397,71,2.96,7,False,
2015,copartisan,RECODE of pid2015b (RECODE of p9 (Independientemente del partido por el que uste,float64,2397,147,6.13,3,False,
2015,approval2015a,"RECODE of p48 (En general, ¿está usted de acuerdo o en desacuerdo con la manera",float64,2397,0,0.0,5,False,
2015,approval2015b,"RECODE of p48 (En general, ¿está usted de acuerdo o en desacuerdo con la manera",float64,2397,57,2.38,4,False,
2015,ideology2015a,"RECODE of p21 (Y usando la escala que aparece en la misma tarjeta, donde 0 signi",float64,2397,1222,50.98,12,False,
2015,ideology2015b,"RECODE of p21 (Y usando la escala que aparece en la misma tarjeta, donde 0 signi",float64,2397,1487,62.04,11,False,
2015,ideology2015c,"RECODE of p21 (Y usando la escala que aparece en la misma tarjeta, donde 0 signi",float64,2397,1222,50.98,4,False,
2015,satisfaction2015a,"RECODE of p23 (En general, ¿está usted muy satisfecho, satisfecho, poco satisfec",float64,2397,1200,50.06,5,False,
2015,satisfaction2015b,"RECODE of p23 (En general, ¿está usted muy satisfecho, satisfecho, poco satisfec",float64,2397,1244,51.9,4,False,
2015,pan2015a,RECODE of p19a (0 significa que a usted NO LE GUSTA NADA ese partido y 10 signif,float64,2397,1200,50.06,12,False,
2015,pan2015b,RECODE of p19a (0 significa que a usted NO LE GUSTA NADA ese partido y 10 signif,float64,2397,1274,53.15,11,False,
2015,pri2015a,RECODE of p19b (0 significa que a usted NO LE GUSTA NADA ese partido y 10 signif,float64,2397,1200,50.06,12,False,
2015,pri2015b,RECODE of p19b (0 significa que a usted NO LE GUSTA NADA ese partido y 10 signif,float64,2397,1271,53.02,11,False,
2015,prd2015a,RECODE of p19c (0 significa que a usted NO LE GUSTA NADA ese partido y 10 signif,float64,2397,1200,50.06,12,False,
2015,prd2015b,RECODE of p19c (0 significa que a usted NO LE GUSTA NADA ese partido y 10 signif,float64,2397,1289,53.78,11,False,
2015,morena2015a,RECODE of p19h (0 significa que a usted NO LE GUSTA NADA ese partido y 10 signif,float64,2397,1200,50.06,12,False,
2015,morena2015b,RECODE of p19h (0 significa que a usted NO LE GUSTA NADA ese partido y 10 signif,float64,2397,1391,58.03,11,False,
2015,precinct,,float64,2397,0,0.0,3,False,
2015,precinct2015,RECODE of precinct,float64,2397,0,0.0,3,False,
2015,education2015,RECODE of ps3 (¿Hasta qué año escolar estudió usted (grado máximo)?),float64,2397,11,0.46,4,False,
2015,income2015a,RECODE of ps14 (Sumando los ingresos de todas las personas que trabajan en su ca,float64,2397,504,21.03,6,False,
2015,income2015b,RECODE of income2015a (RECODE of ps14 (Sumando los ingresos de todas las persona,float64,2397,504,21.03,5,False,
2015,income2015c,RECODE of income2015a (RECODE of ps14 (Sumando los ingresos de todas las persona,float64,2397,504,21.03,4,False,
2015,religion2015a,RECODE of ps22 ( ¿Me podría decir actualmente cuál es su religión?),float64,2397,0,0.0,4,False,
2015,religion2015b,RECODE of ps22 ( ¿Me podría decir actualmente cuál es su religión?),float64,2397,41,1.71,3,False,
2015,religion2015c,RECODE of ps22 ( ¿Me podría decir actualmente cuál es su religión?),float64,2397,41,1.71,4,False,
2015,age2015,,float64,2397,0,0.0,64,False,
2015,age2015b,RECODE of EDAD,float64,2397,0,0.0,4,False,
2015,female2015,RECODE of ps2 (Sexo:),float64,2397,0,0.0,2,False,
2015,isco08_1_ES,ISCO-08 2 díg. Opción A (todos) — etiquetas ES,float64,2397,0,0.0,19,False,
2015,isco08_2_ES,ISCO-08 2 díg. Opción B (solo válidos) — etiquetas ES,float64,2397,2350,98.04,1,False,
2015,isco08_1_ENG,ISCO-08 2-digit Option A (all) — EN labels,float64,2397,0,0.0,19,False,
2015,isco08_2_ENG,ISCO-08 2-digit Option B (valid only) — EN labels,float64,2397,2350,98.04,1,False,
2018,id,,str,1239,0,0.0,1239,False,
2018,EDO,ESTADO,float64,1239,0,0.0,28,False,
2018,ESTADO,,str,1239,0,0.0,28,False,
2018,MPIO,,float64,1239,0,0.0,67,False,
2018,MUNICIPIO,,str,1239,0,0.0,105,False,
2018,SECCION,,float64,1239,0,0.0,213,False,
2018,TIPO,,str,1239,0,0.0,3,False,
2018,LOC,,float64,1239,0,0.0,59,False,
2018,LOCALIDAD,,str,1239,0,0.0,161,False,
2018,MANZANA,,float64,1239,0,0.0,112,False,
2018,LLAVE,,float64,1239,0,0.0,217,False,
2018,EDO_MPIO,,float64,1239,0,0.0,105,False,
2018,P1,"Comparada con la situación que tenía el país hace un año, ¿cómo diría usted que",float64,1239,0,0.0,6,False,
2018,P2,"Hablando sobre la situación actual del país, en una escala de 0 a 10, en donde 0",float64,1239,0,0.0,13,False,
2018,P3,"También pensando en la situación actual del país, en una escala de 0 a 10, en do",float64,1239,0,0.0,13,False,
2018,P4,"En una escala de 0 a 10, en donde 0 significa no estar nada entusiasmado y 10 mu",float64,1239,0,0.0,13,False,
2018,P5,"Independientemente del partido por el que usted vota, ¿usted normalmente se cons",float64,1239,0,0.0,12,False,
2018,P5_1,¿Con cuál se identifica,float64,1239,1214,97.98,6,False,
2018,P6,¿Qué tan interesado diría usted que está en la política?,float64,1239,0,0.0,6,False,
2018,P7,"¿Qué tan de cerca sigue la política por televisión, radio, periódicos o Internet",float64,1239,0,0.0,6,False,
2018,P8,"Por favor dígame si usted está totalmente de acuerdo, algo de acuerdo, , algo en",float64,1239,0,0.0,7,False,
2018,P9,En las elecciones presidenciales del pasado 1º de julio de 2018 muchas personas,float64,1239,0,0.0,5,False,
2018,P10,"En las pasadas elecciones a gobernador, ¿por cuál partido político votó usted?",float64,1239,303,24.46,15,False,
2018,P11,"Con lo que recuerda, ¿usted votó en la elección presidencial del 2012?",float64,1239,0,0.0,6,False,
2018,P11_1,"Y en la elección presidencial del 2012, ¿por cuál partido o candidato votó?",float64,1239,491,39.63,8,False,
2018,APOP_1,¿Qué tan de acuerdo está con? Lo que la gente llama compromiso (ponerse de acue,float64,1239,0,0.0,7,False,
2018,APOP_2,¿Qué tan de acuerdo está con? A la mayoría de los políticos no les importa la g,float64,1239,0,0.0,7,False,
2018,APOP_3,¿Qué tan de acuerdo está con? La mayoría de los políticos son confiables,float64,1239,0,0.0,7,False,
2018,APOP_4,¿Qué tan de acuerdo está con? Los políticos son el principal problema en México,float64,1239,0,0.0,7,False,
2018,APOP_5,¿Qué tan de acuerdo está con? Tener un líder fuerte en el gobierno es bueno par,float64,1239,0,0.0,7,False,
2018,APOP_6,"¿Qué tan de acuerdo está con? La gente (el pueblo), y no los políticos, es quie",float64,1239,0,0.0,7,False,
2018,APOP_7,¿Qué tan de acuerdo está con? A la mayoría de los políticos sólo le importa los,float64,1239,0,0.0,7,False,
2018,APOP_8,¿Qué tan de acuerdo está con? Las minorías como los indígenas se deben adaptar,float64,1239,0,0.0,7,False,
2018,APOP_9,¿Qué tan de acuerdo está con? La voluntad de la mayoría debe prevalecer siempre,float64,1239,0,0.0,7,False,
2018,APOP_10,¿Qué tan de acuerdo está con? Los inmigrantes que vienen a México en general so,float64,1239,0,0.0,7,False,
2018,APOP_11,¿Qué tan de acuerdo está con? Los inmigrantes que vienen a México generalmente,float64,1239,0,0.0,7,False,
2018,APOP_12,¿Qué tan de acuerdo está con? La inseguridad en México aumenta por culpa de los,float64,1239,0,0.0,7,False,
2018,P12_1,¿Qué tan importante cree usted que es? Haber nacido en México,float64,1239,0,0.0,6,False,
2018,P12_2,¿Qué tan importante cree usted que es? Que tus abuelos hayan nacido en México,float64,1239,0,0.0,6,False,
2018,P12_3,¿Qué tan importante cree usted que es? Tener antepasados mexicanos,float64,1239,0,0.0,7,False,
2018,P12_4,¿Qué tan importante cree usted que es? Hablar español,float64,1239,0,0.0,6,False,
2018,P12_5,¿Qué tan importante cree usted que es? Seguir las costumbres y tradiciones mexi,float64,1239,0,0.0,7,False,
2018,P13,"¿Qué tan extendida cree usted que está la corrupción en México: muy extendida, a",float64,1239,0,0.0,6,False,
2018,P14,Por favor dígame qué tan de acuerdo está con la siguiente afirmación: El gobier,float64,1239,0,0.0,7,False,
2018,p15,"En general, ¿está usted de acuerdo o en desacuerdo con la manera como está gober",float64,1239,0,0.0,6,False,
2018,P16,¿Usted diría que alguno de los partidos representa razonablemente bien sus punto,float64,1239,0,0.0,2,False,
2018,P16_1,¿Cuál partido representa mejor lo que usted piensa?,float64,1239,645,52.06,12,False,
2018,P17,"Diría usted que, durante los últimos doce meses, ¿la situación económica en Méxi",float64,1239,0,0.0,6,False,
2018,P18,"Usando la escala que aparece en esta tarjeta, donde 1 significa que NO importa q",float64,1239,0,0.0,7,False,
2018,P19,"Usando la escala que aparece en esta tarjeta, donde 1  significa que el voto NO",float64,1239,0,0.0,7,False,
2018,P20_1,¿Cómo calificaría al PAN?,float64,1239,0,0.0,14,False,
2018,P20_2,¿Cómo calificaría al PRI?,float64,1239,0,0.0,14,False,
2018,P20_3,¿Cómo calificaría al PRD?,float64,1239,0,0.0,14,False,
2018,P20_4,¿Cómo calificaría al Partido Verde?,float64,1239,0,0.0,14,False,
2018,P20_5,¿Cómo calificaría al  PT?,float64,1239,0,0.0,14,False,
2018,P20_6,¿Cómo calificaría a Nueva Alianza?,float64,1239,0,0.0,14,False,
2018,P20_7,¿Cómo calificaría a Movimiento Ciudadano?,float64,1239,0,0.0,14,False,
2018,P20_8,¿Cómo calificaría aMORENA?,float64,1239,0,0.0,14,False,
2018,P20_9,¿Cómo calificaría a Encuentro Social?,float64,1239,0,0.0,14,False,
2018,P21_1,¿Cómo calificaría a Ricardo Anaya?,float64,1239,0,0.0,14,False,
2018,P21_2,¿Cómo calificaría aJosé Antonio Mid?,float64,1239,0,0.0,14,False,
2018,P21_3,¿Cómo calificaría a Andrés Manuel López Obrador?,float64,1239,0,0.0,14,False,
2018,P21_4,"¿cómo calificaría Jaime Rodríguez, el Bronco?",float64,1239,0,0.0,14,False,
2018,P22_1,"Usando la escala que aparece en esta tarjeta, donde 0 significa izquierda y 10 d",float64,1239,0,0.0,14,False,
2018,P22_2,"Usando la escala que aparece en esta tarjeta, donde 0 significa izquierda y 10 d",float64,1239,0,0.0,14,False,
2018,P22_3,"Usando la escala que aparece en esta tarjeta, donde 0 significa izquierda y 10 d",float64,1239,0,0.0,14,False,
2018,P22_4,"Usando la escala que aparece en esta tarjeta, donde 0 significa izquierda y 10 d",float64,1239,0,0.0,14,False,
2018,P22_5,"Usando la escala que aparece en esta tarjeta, donde 0 significa izquierda y 10 d",float64,1239,0,0.0,14,False,
2018,P22_6,"Usando la escala que aparece en esta tarjeta, donde 0 significa izquierda y 10 d",float64,1239,0,0.0,14,False,
2018,P22_7,"Usando la escala que aparece en esta tarjeta, donde 0 significa izquierda y 10 d",float64,1239,0,0.0,14,False,
2018,P22_8,"Usando la escala que aparece en esta tarjeta, donde 0 significa izquierda y 10 d",float64,1239,0,0.0,14,False,
2018,P22_9,"Usando la escala que aparece en esta tarjeta, donde 0 significa izquierda y 10 d",float64,1239,0,0.0,14,False,
2018,P23_1,"Y usando la misma escala, ¿en dónde ubicaría usted a Ricardo Anaya ?",float64,1239,0,0.0,14,False,
2018,P23_2,"Y usando la misma escala, ¿en dónde ubicaría usted a José Antonio Mid  ?",float64,1239,0,0.0,14,False,
2018,P23_3,"Y usando la misma escala, ¿en dónde ubicaría usted a Andrés Manuel López Obrador",float64,1239,0,0.0,14,False,
2018,P23_4,"Y usando la misma escala, ¿en dónde ubicaría usted Jaime Rodríguez, el Bronco?",float64,1239,0,0.0,14,False,
2018,P24,"Y usando la escala que aparece en la misma tarjeta, donde 0 significa IZQUIERDA",float64,1239,0,0.0,13,False,
2018,P25_1,"Usando la escala que aparece en esta tarjeta, donde 0 significa liberal y 10 con",float64,1239,0,0.0,14,False,
2018,P25_2,"Usando la escala que aparece en esta tarjeta, donde 0 significa liberal y 10 con",float64,1239,0,0.0,14,False,
2018,P25_3,"Usando la escala que aparece en esta tarjeta, donde 0 significa liberal y 10 con",float64,1239,0,0.0,14,False,
2018,P25_4,"Usando la escala que aparece en esta tarjeta, donde 0 significa liberal y 10 con",float64,1239,0,0.0,14,False,
2018,P25_5,"Usando la escala que aparece en esta tarjeta, donde 0 significa liberal y 10 con",float64,1239,0,0.0,14,False,
2018,P25_6,"Usando la escala que aparece en esta tarjeta, donde 0 significa liberal y 10 con",float64,1239,0,0.0,14,False,
2018,P25_7,"Usando la escala que aparece en esta tarjeta, donde 0 significa liberal y 10 con",float64,1239,0,0.0,14,False,
2018,P25_8,"Usando la escala que aparece en esta tarjeta, donde 0 significa liberal y 10 con",float64,1239,0,0.0,14,False,
2018,P25_9,"Usando la escala que aparece en esta tarjeta, donde 0 significa liberal y 10 con",float64,1239,0,0.0,14,False,
2018,P26_1,"Y usando la misma escala, ¿en dónde ubicaría usted a Ricardo Anaya ?",float64,1239,0,0.0,14,False,
2018,P26_2,"Y usando la misma escala, ¿en dónde ubicaría usted a José Antonio Mid ?",float64,1239,0,0.0,14,False,
2018,P26_3,"Y usando la misma escala, ¿en dónde ubicaría usted a Andrés Manuel López Obrador",float64,1239,0,0.0,14,False,
2018,P26_4,"Y usando la misma escala, ¿en dónde ubicaría usted a Jaime Rodríguez, el Bronco?",float64,1239,0,0.0,14,False,
2018,p27,"Y usando la escala, donde 0 significa liberal y 10 conservador. ¿Dónde se ubicar",float64,1239,0,0.0,13,False,
2018,P27O1,¿Diría usted que durante los últimos doce meses su situación económica personal,float64,1239,0,0.0,7,False,
2018,p28,"En general, ¿está usted muy satisfecho, satisfecho, poco satisfecho o nada satis",float64,1239,0,0.0,6,False,
2018,p29,"Independientemente de por cuál partido votó en la elección pasada, en general, ¿",float64,1239,0,0.0,4,False,
2018,P29A_1,¿ Con cuál partido ? Primera mención,float64,1239,786,63.44,11,False,
2018,P29A_2,¿ Con cuál partido ? Segunda mención,float64,1239,1195,96.45,9,False,
2018,P29A_3,¿ Con cuál partido ? Tercera mención,float64,1239,1230,99.27,5,False,
2018,P29A_4,¿ Con cuál partido ? Otro,float64,1239,1239,100.0,0,False,
2018,P29B,¿Con cuál de estos partidos que mencionó simpatiza usted un poco más?,float64,1239,1195,96.45,7,False,
2018,P29B_1,¿Con cuál de estos partidos que mencionó simpatiza usted un poco más? Otro,float64,1239,1239,100.0,0,False,
2018,P29C,¿Siente usted un poco más de simpatía por algún partido político que por los otr,float64,1239,449,36.24,4,False,
2018,P29D,¿Por cuál partido?,float64,1239,1157,93.38,10,False,
2018,P29D_1,¿Por cuál partido? Otro,float64,1239,1239,100.0,0,False,
2018,P29E,"¿Qué tanto simpatiza usted con ese partido que mencionó, mucho, bastante o poco?",float64,1239,709,57.22,5,False,
2018,P30,"Diría usted que, durante los últimos doce meses, ¿la seguridad pública en el paí",float64,1239,0,0.0,7,False,
2018,P31_1,Dígame si ha sido víctima de algún delito: Yo,float64,1239,0,0.0,6,False,
2018,P31_2,Dígame si ha sido víctima de algún delito: Un familiar,float64,1239,976,78.77,2,False,
2018,P31_3,Dígame si ha sido víctima de algún delito: Un amigo,float64,1239,1167,94.19,1,False,
2018,P32,"Respecto del sexenio anterior, ¿usted cree que la corrupción en México aumentó,",float64,1239,0,0.0,8,False,
2018,P33,"Usando la escala que aparece en la TARJETA 10, donde UNO significa que las elecc",float64,1239,0,0.0,7,False,
2018,P34_1,¿Dígame qué tan probable es que López Obrador pueda Disminuir la corrupción?,float64,1239,0,0.0,5,False,
2018,P34_2,¿Dígame qué tan probable es que López Obrador pueda Aumentar el empleo?,float64,1239,0,0.0,5,False,
2018,P34_3,¿Dígame qué tan probable es que López Obrador pueda Disminuir la inseguridad?,float64,1239,0,0.0,5,False,
2018,P34_4,¿Dígame qué tan probable es que López Obrador pueda Disminuir la pobreza?,float64,1239,0,0.0,5,False,
2018,P34_5,¿Dígame qué tan probable es que López Obrador pueda Tener una mejor relación con,float64,1239,0,0.0,5,False,
2018,P34_6,¿Dígame qué tan probable es que López Obrador pueda Disminuir la violencia relac,float64,1239,0,0.0,5,False,
2018,P35_1,¿Cuáles son más deshonestos? Recuerde usted que le pregunto sobre los simpatizan,float64,1239,0,0.0,5,False,
2018,P35_2,¿Cuáles son más intolerantes? Recuerde usted que le pregunto sobre los simpatiza,float64,1239,0,0.0,5,False,
2018,P35_3,¿Cuáles son más agresivos? Recuerde usted que le pregunto sobre los simpatizante,float64,1239,0,0.0,5,False,
2018,P35_4,¿Cuáles son menos patriotas? Recuerde usted que le pregunto sobre los simpatizan,float64,1239,0,0.0,5,False,
2018,P36_1,"Dígame por favor, ¿usted aceptaría que las siguientes personas vivieran en su ca",float64,1239,0,0.0,5,False,
2018,P36_2,"Dígame por favor, ¿usted aceptaría que las siguientes personas vivieran en su ca",float64,1239,0,0.0,5,False,
2018,P36_3,"Dígame por favor, ¿usted aceptaría que las siguientes personas vivieran en su ca",float64,1239,0,0.0,5,False,
2018,P37_1,"Dígame, ¿qué tan de acuerdo está usted con que Las parejas homosexuales estables",float64,1239,0,0.0,7,False,
2018,P37_2,"Dígame, ¿qué tan de acuerdo está usted con que Se debe permitir a cualquier enfe",float64,1239,0,0.0,7,False,
2018,P37_3,"Dígame, ¿qué tan de acuerdo está usted con que El matrimonio sólo debe ser entre",float64,1239,0,0.0,7,False,
2018,P37_4,"Dígame, ¿qué tan de acuerdo está usted con que Se debe permitir a cualquier muje",float64,1239,0,0.0,7,False,
2018,P38_1,"Dígame, ¿qué tan de acuerdo está usted con que  El gobierno sólo debe gastar el",float64,1239,0,0.0,7,False,
2018,P38_2,"Dígame, ¿qué tan de acuerdo está usted con que Es más importante controlar el au",float64,1239,0,0.0,7,False,
2018,P38_3,"Dígame, ¿qué tan de acuerdo está usted con queLas personas más ricas deben pagar",float64,1239,0,0.0,7,False,
2018,P38_4,"Dígame, ¿qué tan de acuerdo está usted con que Se debe permitir la participación",float64,1239,0,0.0,7,False,
2018,P39_1,¿Qué tan cierto o  falso es que  Existe una mafia del poder integrada por empr,float64,1239,0,0.0,6,False,
2018,P39_2,¿Qué tan cierto o  falso es que El gobierno federal actuó para que Ricardo Anaya,float64,1239,0,0.0,6,False,
2018,P39_3,¿Qué tan cierto o  falso es que López Obrador es un peligro para México?,float64,1239,0,0.0,6,False,
2018,P39_4,"¿Qué tan cierto o  falso es que Ahora que López Obrador tome la presidencia, Méx",float64,1239,0,0.0,6,False,
2018,P39_5,¿Qué tan cierto o  falso es que López Obrador pactó con Enrique Peña Nieto para,float64,1239,0,0.0,6,False,
2018,P40,¿Cuál considera usted que es el principal problema del país?,float64,1239,0,0.0,16,False,
2018,P58O2,"Con lo que usted sabe, ¿cuáles son las cámaras que tiene el Congreso de México?",float64,1239,0,0.0,6,False,
2018,P59O2,"En general, ¿cuántos años dura un diputado en su cargo (puesto)? (P33)",float64,1239,0,0.0,4,False,
2018,P60O2,"¿Por favor, me puede decir el nombre del actual Gobernador de su estado? (P34)",float64,1239,0,0.0,34,False,
2018,CYC1O2,"Durante la campaña electoral para Presidente, ¿recibió usted algún regalo o ayud",float64,1239,0,0.0,4,False,
2018,CYC2O2,"Y dígame ahora, ¿recibió usted algún regalo o ayuda de la campaña del candidato",float64,1239,0,0.0,4,False,
2018,CYC3O2,Y ¿recibió usted algún regalo o ayuda de parte de la campaña del candidato de la,float64,1239,0,0.0,4,False,
2018,CYC4O2,Y ¿recibió usted algún regalo o ayuda de parte de la campaña del candidato indep,float64,1239,0,0.0,4,False,
2018,SITECO,¿Qué piensa usted acerca de la situación económica de México en estos días: dirí,float64,1239,0,0.0,7,False,
2018,S1,¿Cuántos aÃ±os cumplidos tiene usted? (S1),float64,1239,0,0.0,68,False,
2018,S2,Sexo: (S2),float64,1239,0,0.0,2,False,
2018,S3,¿Hasta qué año escolar estudió usted (grado máximo)? (S3),float64,1239,0,0.0,11,False,
2018,S4,¿Me puede decir su estado civil? (S4),float64,1239,0,0.0,6,False,
2018,S4a,"Independientemente del partido por el cual usted vota, su pareja con quien está",float64,1239,325,26.23,12,False,
2018,S5,"¿Pertenece usted a algún sindicato, organización o asociación laboral? (S5)",float64,1239,0,0.0,4,False,
2018,S6,¿Alguien más en su hogar pertenece a algún sindicato o asociación laboral? (S6),float64,1239,0,0.0,4,False,
2018,S7,¿Cuál fue su actividad principal la semana pasada? (S7),float64,1239,0,0.0,9,False,
2018,S7_1,¿Cuál fue su actividad principal la semana pasada? [Other (specify)] (S7_OTHER),float64,1239,1239,100.0,0,False,
2018,S8,¿Cuál es su principal ocupación en el trabajo en el que pasa usted el mayor tiem,float64,1239,716,57.79,49,False,
2018,S9,"¿En qué tipo de institución, organismo o empresa trabaja usted? (S9)",float64,1239,0,0.0,10,False,
2018,S10,"Sumando los ingresos de todas las personas que trabajan en su casa, ¿cuál es el",float64,1239,0,0.0,83,False,
2018,S10_1,"Sumando los ingresos de todas las personas que trabajan en su casa, ¿cuál es el",float64,1239,0,0.0,8,False,
2018,S11_1,¿Su familia es beneficiaria de? LICONSA (S11_1),float64,1239,0,0.0,2,False,
2018,S11_2,¿Su familia es beneficiaria de? PROCAMPO (S11_2),float64,1239,0,0.0,2,False,
2018,S11_3,¿Su familia es beneficiaria de? PROSPERA (S11_3),float64,1239,0,0.0,2,False,
2018,S12_1,¿Con qué tipo de servicio médico cuenta usted: El Seguro Popular,float64,1239,0,0.0,2,False,
2018,S12_2,¿Con qué tipo de servicio médico cuenta usted: El ISSSTE,float64,1239,0,0.0,2,False,
2018,S12_3,¿Con qué tipo de servicio médico cuenta usted: El Seguro Social,float64,1239,0,0.0,2,False,
2018,S12_4,¿Con qué tipo de servicio médico cuenta usted: Privado,float64,1239,0,0.0,2,False,
2018,S12_5,¿Con qué tipo de servicio médico cuenta usted: Otro,float64,1239,0,0.0,2,False,
2018,S15_6,¿Con qué tipo de servicio médico cuenta usted: Ninguno,float64,1239,0,0.0,2,False,
2018,S12_7,¿Con qué tipo de servicio médico cuenta usted: NS,float64,1239,0,0.0,2,False,
2018,S12_8,¿Con qué tipo de servicio médico cuenta usted: NC,float64,1239,0,0.0,2,False,
2018,S13,¿Con qué frecuencia asiste usted a la iglesia o al templo sin contar ocasiones e,float64,1239,0,0.0,8,False,
2018,S14,¿Me podría decir actualmente cuál es su religión? (S14),float64,1239,0,0.0,9,False,
2018,S14_1,¿Me podría decir actualmente cuál es su religión? [Other (specify)] (S14_OTHER),float64,1239,1239,100.0,0,False,
2018,S15,¿Qué idioma habla usualmente en su hogar? (S15),float64,1239,0,0.0,2,False,
2018,S15_1,¿Qué idioma habla usualmente en su hogar? [Other (specify)] (S15_OTHER),float64,1239,1239,100.0,0,False,
2018,S16_1,"¿cómo se considera usted: indígena, mestizo, blanco o de otro grupo? (S16_1)",float64,1239,0,0.0,5,False,
2018,S16_2,"¿cómo se considera usted: indígena, mestizo, blanco o de otro grupo?  [Other (sp",float64,1239,1239,100.0,0,False,
2018,S17,¿Habla Ud. alguna lengua indígena? (S17),float64,1239,0,0.0,3,False,
2018,S18,¿En qué país nació usted? (S18),float64,1239,0,0.0,3,False,
2018,S18_1,¿En qué país nació usted? [Other (specify)] (S18_OTHER),float64,1239,1237,99.84,1,False,
2018,S18A,¿Alguno de sus padres nació fuera de México? (S18A),float64,1239,1237,99.84,2,False,
2018,COLORR,"Use la Paleta de Colores, e indique el número que más se acerca al color de piel",float64,1239,0,0.0,10,False,
2018,COLORI,"Usando la Paleta de Colores, anote el color de piel que más se acerca al suyo [e",float64,1239,0,0.0,9,False,
2018,AMAI,NSE (NSE),float64,1239,0,0.0,8,False,
2018,FECHA,Anote el dia/mes en el que realizó la entrevista,float64,1239,0,0.0,7,False,
2018,PONDFIN,Ponderador,float64,1239,0,0.0,91,False,
2018,CAMARAS,"Con lo que usted sabe, ¿cuáles son las cámaras que tiene el Congreso de México?",float64,1239,0,0.0,6,False,
2018,DIPUTADOS,"En general, ¿cuántos años dura un diputado en su cargo (puesto)? (P33)",float64,1239,0,0.0,4,False,
2018,GOBERNADOR,"¿Por favor, me puede decir el nombre del actual Gobernador de su estado? (P34)",float64,1239,0,0.0,34,False,
2018,PGOB,,float64,1239,0,0.0,2,False,
2018,PCAM,,float64,1239,0,0.0,2,False,
2018,PDIP,,float64,1239,0,0.0,2,False,
2018,IIP4,ÍNDICE DE INFORMACIÓN POLÍTICA,float64,1239,0,0.0,4,False,
2018,NSE,,float64,1239,0,0.0,6,False,
2018,BOLETAPRE,"BOLETAPRE   Boleta A ""PRESIDENTE DE LA REPÚBLICA""  PARTIDO",float64,1239,303,24.46,14,False,
2018,PELEPRE,"PELEPRE  ENCUESTADOR: Registre Boleta A ""PRESIDENTE DE LA REPÚBLICA"" ALIANZA",float64,1239,303,24.46,7,False,
2018,PELEDIP,"PELEDIP  ENCUESTADOR: Registre Boleta B ""DIPUTADO FEDERAL""",float64,1239,303,24.46,12,False,
2018,PELESEN,"PELESEN  ENCUESTADOR: Registre Boleta C  ""SENADOR""",float64,1239,303,24.46,12,False,
2018,PONDERADOR,,float64,1239,0,0.0,316,False,
2018,vote2018a,"RECODE of PELEPRE (PELEPRE  ENCUESTADOR: Registre Boleta A ""PRESIDENTE DE LA REP",float64,1239,303,24.46,5,False,
2018,vote2018b,"RECODE of PELEPRE (PELEPRE  ENCUESTADOR: Registre Boleta A ""PRESIDENTE DE LA REP",float64,1239,347,28.01,4,False,
2018,pid2018a,"RECODE of P5 (Independientemente del partido por el que usted vota, ¿usted norma",float64,1239,0,0.0,7,False,
2018,pid2018b,"RECODE of P5 (Independientemente del partido por el que usted vota, ¿usted norma",float64,1239,37,2.99,6,False,
2018,copartisan,RECODE of pid2018b (RECODE of P5 (Independientemente del partido por el que uste,float64,1239,62,5.0,3,False,
2018,approval2018a,"RECODE of p15 (En general, ¿está usted de acuerdo o en desacuerdo con la manera",float64,1239,0,0.0,5,False,
2018,approval2018b,"RECODE of p15 (En general, ¿está usted de acuerdo o en desacuerdo con la manera",float64,1239,50,4.04,4,False,
2018,ideology2018a,"RECODE of P24 (Y usando la escala que aparece en la misma tarjeta, donde 0 signi",float64,1239,0,0.0,12,False,
2018,ideology2018b,"RECODE of P24 (Y usando la escala que aparece en la misma tarjeta, donde 0 signi",float64,1239,106,8.56,11,False,
2018,ideology2018c,"RECODE of P24 (Y usando la escala que aparece en la misma tarjeta, donde 0 signi",float64,1239,0,0.0,4,False,
2018,satisfaction2018a,"RECODE of p28 (En general, ¿está usted muy satisfecho, satisfecho, poco satisfec",float64,1239,0,0.0,5,False,
2018,satisfaction2018b,"RECODE of p28 (En general, ¿está usted muy satisfecho, satisfecho, poco satisfec",float64,1239,66,5.33,4,False,
2018,pan2018a,RECODE of P20_1 (¿Cómo calificaría al PAN?),float64,1239,0,0.0,12,False,
2018,pan2018b,RECODE of P20_1 (¿Cómo calificaría al PAN?),float64,1239,42,3.39,11,False,
2018,pri2018a,RECODE of P20_2 (¿Cómo calificaría al PRI?),float64,1239,0,0.0,12,False,
2018,pri2018b,RECODE of P20_2 (¿Cómo calificaría al PRI?),float64,1239,48,3.87,11,False,
2018,prd2018a,RECODE of P20_3 (¿Cómo calificaría al PRD?),float64,1239,0,0.0,12,False,
2018,prd2018b,RECODE of P20_3 (¿Cómo calificaría al PRD?),float64,1239,53,4.28,11,False,
2018,morena2018a,RECODE of P20_8 (¿Cómo calificaría aMORENA?),float64,1239,0,0.0,12,False,
2018,morena2018b,RECODE of P20_8 (¿Cómo calificaría aMORENA?),float64,1239,55,4.44,11,False,
2018,amlo2018a,RECODE of P21_3 (¿Cómo calificaría a Andrés Manuel López Obrador?),float64,1239,0,0.0,12,False,
2018,amlo2018b,RECODE of P21_3 (¿Cómo calificaría a Andrés Manuel López Obrador?),float64,1239,36,2.91,11,False,
2018,precinct,,float64,1239,0,0.0,3,False,
2018,precinct2018,RECODE of precinct,float64,1239,0,0.0,3,False,
2018,education2018,RECODE of S3 (¿Hasta qué año escolar estudió usted (grado máximo)? (S3)),float64,1239,2,0.16,4,False,
2018,religion2018a,RECODE of S14 (¿Me podría decir actualmente cuál es su religión? (S14)),float64,1239,0,0.0,4,False,
2018,religion2018b,RECODE of S14 (¿Me podría decir actualmente cuál es su religión? (S14)),float64,1239,85,6.86,3,False,
2018,religion2018c,RECODE of S14 (¿Me podría decir actualmente cuál es su religión? (S14)),float64,1239,85,6.86,4,False,
2018,age2018,,float64,1239,0,0.0,68,False,
2018,age2018b,RECODE of S1 (¿Cuántos aÃ±os cumplidos tiene usted? (S1)),float64,1239,0,0.0,4,False,
2018,female2018,RECODE of S2 (Sexo: (S2)),float64,1239,0,0.0,2,False,
2018,income2018a,RECODE of S10 (Sumando los ingresos de todas las personas que trabajan en su cas,float64,1239,348,28.09,7,False,
2018,income2018c,RECODE of income2018a (RECODE of S10 (Sumando los ingresos de todas las personas,float64,1239,348,28.09,4,False,
2018,voto2018c,,float64,1239,344,27.76,8,False,
2018,isco08_1_ES,ISCO-08 2 díg. Opción A (todos) — etiquetas ES,float64,1239,0,0.0,23,False,
2018,isco08_2_ES,ISCO-08 2 díg. Opción B (solo válidos) — etiquetas ES,float64,1239,974,78.61,21,False,
2018,isco08_1_ENG,ISCO-08 2-digit Option A (all) — EN labels,float64,1239,0,0.0,23,False,
2018,isco08_2_ENG,ISCO-08 2-digit Option B (valid only) — EN labels,float64,1239,974,78.61,21,False,
2021,id,,str,1800,0,0.0,1800,False,
2021,Latitude,,float64,1800,131,7.28,1664,False,
2021,Longitude,,float64,1800,131,7.28,1666,False,
2021,SECC,,float64,1800,0,0.0,176,False,
2021,EDO,,float64,1800,0,0.0,31,False,
2021,mpio,,float64,1800,0,0.0,135,False,
2021,LOCALIDAD,,float64,1800,0,0.0,176,False,
2021,MZ,,float64,1800,0,0.0,107,False,
2021,folio,,float64,1800,0,0.0,10,False,
2021,TIPO,TIPO,str,1800,0,0.0,3,False,
2021,VER,Version,float64,1800,0,0.0,2,False,
2021,P1,"Comparada con la situación que tenía el país hace un año, ¿cómo diría usted que",float64,1800,0,0.0,6,False,
2021,P2,"En general, ¿está usted de acuerdo o en desacuerdo con la manera como está gober",float64,1800,0,0.0,6,False,
2021,P3,"Independientemente del partido por el que usted vota, ¿usted normalmente se cons",float64,1800,0,0.0,12,False,
2021,P3_1,¿Con cuál se identifica?,float64,1800,1676,93.11,9,False,
2021,P4,"Y, ¿hay algún o algunos partidos por los que usted NUNCA votaría?",float64,1800,0,0.0,4,False,
2021,P4_1_O1,¿Por cuáles nunca votaria? (1ra respuesta),float64,1800,730,40.56,15,False,
2021,P4_1_O2,¿Por cuáles nunca votaria? (2da respuesta),float64,1800,1356,75.33,10,False,
2021,P4_1_O3,¿Por cuáles nunca votaria? (3ra respuesta),float64,1800,1645,91.39,9,False,
2021,P5,¿Qué tan interesado diría usted que está en la política?,float64,1800,0,0.0,6,False,
2021,P6_1,"Durante la pasada campaña electoral, en una semana promedio, cuántos días diría",float64,1800,0,0.0,10,False,
2021,P6_2,"Durante la pasada campaña electoral, en una semana promedio, cuántos días diría",float64,1800,0,0.0,10,False,
2021,P6_3,"Durante la pasada campaña electoral, en una semana promedio, cuántos días diría",float64,1800,0,0.0,10,False,
2021,P6_4,"Durante la pasada campaña electoral, en una semana promedio, cuántos días diría",float64,1800,0,0.0,10,False,
2021,P6_5,"Durante la pasada campaña electoral, en una semana promedio, cuántos días diría",float64,1800,0,0.0,10,False,
2021,P8_1,"Está muy de acuerdo, algo de acuerdo, ni de acuerdo ni en desacuerdo, algo en de",float64,1800,0,0.0,7,False,
2021,P8_2,"Está muy de acuerdo, algo de acuerdo, ni de acuerdo ni en desacuerdo, algo en de",float64,1800,0,0.0,7,False,
2021,P8_3,"Está muy de acuerdo, algo de acuerdo, ni de acuerdo ni en desacuerdo, algo en de",float64,1800,0,0.0,7,False,
2021,P8_4,"Está muy de acuerdo, algo de acuerdo, ni de acuerdo ni en desacuerdo, algo en de",float64,1800,0,0.0,7,False,
2021,P9_1,"En vez de dejarle a los políticos electos las decisiones más importantes, el paí",float64,1800,0,0.0,7,False,
2021,P9_2,"En vez de dejarle a los políticos electos las decisiones más importantes, el paí",float64,1800,0,0.0,7,False,
2021,P9_3,"En vez de dejarle a los políticos electos las decisiones más importantes, el paí",float64,1800,0,0.0,7,False,
2021,P10,"En una escala de 0 a 10, en donde CERO significa que México NO es nada democráti",float64,1800,0,0.0,13,False,
2021,P11_1,"Para cada una de las siguientes instituciones, por favor dígame si confía comple",float64,1800,0,0.0,6,False,
2021,P11_2,"Para cada una de las siguientes instituciones, por favor dígame si confía comple",float64,1800,0,0.0,6,False,
2021,P11_3,"Para cada una de las siguientes instituciones, por favor dígame si confía comple",float64,1800,0,0.0,6,False,
2021,P11_4,"Para cada una de las siguientes instituciones, por favor dígame si confía comple",float64,1800,0,0.0,6,False,
2021,P11_5,"Para cada una de las siguientes instituciones, por favor dígame si confía comple",float64,1800,0,0.0,6,False,
2021,P11_6,"Para cada una de las siguientes instituciones, por favor dígame si confía comple",float64,1800,0,0.0,6,False,
2021,P11_7,"Para cada una de las siguientes instituciones, por favor dígame si confía comple",float64,1800,0,0.0,6,False,
2021,P11_8,"Para cada una de las siguientes instituciones, por favor dígame si confía comple",float64,1800,0,0.0,6,False,
2021,P12,"Ahora hablando del desempeño del gobierno del presidente López Obrador, en gener",float64,1800,0,0.0,6,False,
2021,P13,Ahora hablando del trabajo del gobierno del presidente Andrés Manuel López Obrad,float64,1800,0,0.0,6,False,
2021,P14,¿Qué piensa usted acerca de la situación económica de México en estos días: dirí,float64,1800,0,0.0,7,False,
2021,P15,"Diría usted que, durante los últimos doce meses, ¿la situación económica en Méxi",float64,1800,0,0.0,6,False,
2021,P16,En las elecciones del pasado 6 de junio muchas personas no pudieron votar porque,float64,1800,0,0.0,3,False,
2021,P16_1,"¿Está usted satisfecho, algo satisfecho, no muy satisfecho, nada satisfecho con",float64,1800,1212,67.33,6,False,
2021,P17,"¿Está usted satisfecho, algo satisfecho, no muy satisfecho, nada satisfecho con",float64,1800,590,32.78,6,False,
2021,P18,"¿Está usted satisfecho, algo satisfecho, no muy satisfecho, nada satisfecho con",float64,1800,590,32.78,6,False,
2021,P19,"Usando la escala que aparece en la TARJETA 2, donde UNO significa que las elecci",float64,1800,0,0.0,7,False,
2021,P20,En las elecciones presidenciales del pasado 1º de julio de 2018 muchas personas,float64,1800,0,0.0,5,False,
2021,P20_1,"Y en la elección presidencial del 2018, ¿por cuál partido o candidato votó?",float64,1800,527,29.28,8,False,
2021,P21,"Usando la escala que aparece en esta tarjeta, donde UNO significa que el voto NO",float64,1800,0,0.0,7,False,
2021,P22_1,0 significa que a usted NO LE GUSTA NADA y 10 significa que LE GUSTA MUCHO ese p,float64,1800,0,0.0,14,False,
2021,P22_2,0 significa que a usted NO LE GUSTA NADA y 10 significa que LE GUSTA MUCHO ese p,float64,1800,0,0.0,14,False,
2021,P22_3,0 significa que a usted NO LE GUSTA NADA y 10 significa que LE GUSTA MUCHO ese p,float64,1800,0,0.0,14,False,
2021,P22_4,0 significa que a usted NO LE GUSTA NADA y 10 significa que LE GUSTA MUCHO ese p,float64,1800,0,0.0,14,False,
2021,P22_5,0 significa que a usted NO LE GUSTA NADA y 10 significa que LE GUSTA MUCHO ese p,float64,1800,0,0.0,14,False,
2021,P22_6,0 significa que a usted NO LE GUSTA NADA y 10 significa que LE GUSTA MUCHO ese p,float64,1800,0,0.0,14,False,
2021,P22_7,0 significa que a usted NO LE GUSTA NADA y 10 significa que LE GUSTA MUCHO ese p,float64,1800,0,0.0,14,False,
2021,P22_8,0 significa que a usted NO LE GUSTA NADA y 10 significa que LE GUSTA MUCHO ese p,float64,1800,0,0.0,14,False,
2021,P22_9,0 significa que a usted NO LE GUSTA NADA y 10 significa que LE GUSTA MUCHO ese p,float64,1800,0,0.0,14,False,
2021,P22_10,0 significa que a usted NO LE GUSTA NADA y 10 significa que LE GUSTA MUCHO ese p,float64,1800,0,0.0,14,False,
2021,P23_1,"Después de que le lea el nombre de un líder político, califíquelo de acuerdo con",float64,1800,0,0.0,14,False,
2021,P23_2,"Después de que le lea el nombre de un líder político, califíquelo de acuerdo con",float64,1800,0,0.0,14,False,
2021,P23_3,"Después de que le lea el nombre de un líder político, califíquelo de acuerdo con",float64,1800,0,0.0,14,False,
2021,P23_4,"Después de que le lea el nombre de un líder político, califíquelo de acuerdo con",float64,1800,0,0.0,14,False,
2021,P23_5,"Después de que le lea el nombre de un líder político, califíquelo de acuerdo con",float64,1800,0,0.0,14,False,
2021,P24_1,"En política la gente habla a menudo de ""izquierda"" y ""derecha"". Usando la escala",float64,1800,0,0.0,15,False,
2021,P24_2,"En política la gente habla a menudo de ""izquierda"" y ""derecha"". Usando la escala",float64,1800,0,0.0,15,False,
2021,P24_3,"En política la gente habla a menudo de ""izquierda"" y ""derecha"". Usando la escala",float64,1800,0,0.0,15,False,
2021,P24_4,"En política la gente habla a menudo de ""izquierda"" y ""derecha"". Usando la escala",float64,1800,0,0.0,15,False,
2021,P24_5,"En política la gente habla a menudo de ""izquierda"" y ""derecha"". Usando la escala",float64,1800,0,0.0,15,False,
2021,P24_6,"En política la gente habla a menudo de ""izquierda"" y ""derecha"". Usando la escala",float64,1800,0,0.0,15,False,
2021,P24_7,"En política la gente habla a menudo de ""izquierda"" y ""derecha"". Usando la escala",float64,1800,0,0.0,15,False,
2021,P24_8,"En política la gente habla a menudo de ""izquierda"" y ""derecha"". Usando la escala",float64,1800,0,0.0,15,False,
2021,P24_9,"En política la gente habla a menudo de ""izquierda"" y ""derecha"". Usando la escala",float64,1800,0,0.0,15,False,
2021,P24_10,"En política la gente habla a menudo de ""izquierda"" y ""derecha"". Usando la escala",float64,1800,0,0.0,15,False,
2021,P24A_1,"Y usando la misma escala, ¿en dónde ubicaría usted a...? (Andrés Manuel López Ob",float64,1800,0,0.0,14,False,
2021,P24A_2,"Y usando la misma escala, ¿en dónde ubicaría usted a...? (Marko Cortés)",float64,1800,0,0.0,14,False,
2021,P24A_3,"Y usando la misma escala, ¿en dónde ubicaría usted a...? (Alejandro Moreno)",float64,1800,0,0.0,14,False,
2021,P24A_4,"Y usando la misma escala, ¿en dónde ubicaría usted a...? (Marcelo Ebrard)",float64,1800,0,0.0,14,False,
2021,P24A_5,"Y usando la misma escala, ¿en dónde ubicaría usted a...? (Claudia Sheinbaum)",float64,1800,0,0.0,14,False,
2021,P25,"Y usando la escala que aparece en la misma tarjeta, donde 0 significa IZQUIERDA",float64,1800,0,0.0,13,False,
2021,P26_1,La gente también habla de liberales y conservadores. Usando la escala que aparec,float64,1800,0,0.0,15,False,
2021,P26_2,La gente también habla de liberales y conservadores. Usando la escala que aparec,float64,1800,0,0.0,15,False,
2021,P26_3,La gente también habla de liberales y conservadores. Usando la escala que aparec,float64,1800,0,0.0,15,False,
2021,P26_4,La gente también habla de liberales y conservadores. Usando la escala que aparec,float64,1800,0,0.0,15,False,
2021,P26_5,La gente también habla de liberales y conservadores. Usando la escala que aparec,float64,1800,0,0.0,15,False,
2021,P26_6,La gente también habla de liberales y conservadores. Usando la escala que aparec,float64,1800,0,0.0,15,False,
2021,P26_7,La gente también habla de liberales y conservadores. Usando la escala que aparec,float64,1800,0,0.0,15,False,
2021,P26_8,La gente también habla de liberales y conservadores. Usando la escala que aparec,float64,1800,0,0.0,15,False,
2021,P26_9,La gente también habla de liberales y conservadores. Usando la escala que aparec,float64,1800,0,0.0,15,False,
2021,P26_10,La gente también habla de liberales y conservadores. Usando la escala que aparec,float64,1800,0,0.0,15,False,
2021,P27_1,"Y usando la misma escala, ¿en dónde ubicaría usted a...? (Andrés Manuel López Ob",float64,1800,0,0.0,14,False,
2021,P27_2,"Y usando la misma escala, ¿en dónde ubicaría usted a...? (Marko Cortés)",float64,1800,0,0.0,14,False,
2021,P27_3,"Y usando la misma escala, ¿en dónde ubicaría usted a...? (Alejandro Moreno)",float64,1800,0,0.0,14,False,
2021,P27_4,"Y usando la misma escala, ¿en dónde ubicaría usted a...? (Marcelo Ebrard)",float64,1800,0,0.0,14,False,
2021,P27_5,"Y usando la misma escala, ¿en dónde ubicaría usted a...? (Claudia Sheinbaum)",float64,1800,0,0.0,14,False,
2021,P28,"Y usando la escala que aparece en esta tarjeta, donde 0 significa liberal y 10 c",float64,1800,0,0.0,13,False,
2021,P29,"En general, ¿está usted muy satisfecho, satisfecho, poco satisfecho o nada satis",float64,1800,0,0.0,6,False,
2021,P30_1,¿Qué tan de acuerdo o en desacuerdo está usted con la forma como el Presidente L,float64,1800,0,0.0,6,False,
2021,P30_2,¿Qué tan de acuerdo o en desacuerdo está usted con la forma como el Presidente L,float64,1800,0,0.0,6,False,
2021,P30_3,¿Qué tan de acuerdo o en desacuerdo está usted con la forma como el Presidente L,float64,1800,0,0.0,6,False,
2021,P30_4,¿Qué tan de acuerdo o en desacuerdo está usted con la forma como el Presidente L,float64,1800,0,0.0,6,False,
2021,P30_5,¿Qué tan de acuerdo o en desacuerdo está usted con la forma como el Presidente L,float64,1800,0,0.0,6,False,
2021,P30_6,¿Qué tan de acuerdo o en desacuerdo está usted con la forma como el Presidente L,float64,1800,0,0.0,6,False,
2021,P30_7,¿Qué tan de acuerdo o en desacuerdo está usted con la forma como el Presidente L,float64,1800,0,0.0,6,False,
2021,P31,"Independientemente de por cuál partido votó en la elección pasada, en general, ¿",float64,1800,0,0.0,4,False,
2021,P31_1,¿Se siente Usted un poco más cercano a algún partido político que a los otros?,float64,1800,475,26.39,4,False,
2021,P32,¿A cuál partido?,float64,1800,1163,64.61,9,False,
2021,P33,"¿Se siente Usted muy cercano, algo cercano, poco cercano o nada cercano a este p",float64,1800,1163,64.61,6,False,
2021,P34,El porcentaje actual de mujeres en el Congreso después de la pasada elección es,float64,1800,0,0.0,5,False,
2021,P35,"En su opinión, quién está mejor preparado para encabezar al país durante una cri",float64,1800,0,0.0,5,False,
2021,P36,"En su opinión, ¿quién está mejor preparado para liderar al país durante una cris",float64,1800,0,0.0,5,False,
2021,P37,¿Qué tan bien cree usted que nuestro gobierno asegura que todos los grupos en la,float64,1800,0,0.0,6,False,
2021,P38,¿Qué tan bien cree que nuestro sistema político garantiza un sistema de salud sa,float64,1800,0,0.0,6,False,
2021,P39,"Con lo que usted sabe, ¿es cierto o falso que existe el coronavirus y es la caus",float64,1800,0,0.0,4,False,
2021,P40,"En general, ¿cómo afectó la pandemia del coronavirus la unidad de los mexicanos,",float64,1800,0,0.0,7,False,
2021,P41,¿Y Cómo afectó la pandemia del coronavirus el funcionamiento de la democracia en,float64,1800,0,0.0,7,False,
2021,P42,¿Cómo afectó la pandemia del coronavirus a su situación económica personal: de m,float64,1800,0,0.0,7,False,
2021,P43,"Con lo que usted sabe, ¿usted o alguien con quien viva se ha infectado de corona",float64,1800,0,0.0,6,False,
2021,P44,¿Usted ya se vacunó contra del coronavirus?,float64,1800,0,0.0,3,False,
2021,P44_1,"¿Dónde se vacunó, en México o en Estados Unidos?",float64,1800,1177,65.39,2,False,
2021,P44_2,"¿Por qué no se ha vacunado, porque no le ha tocado o porque no se quiere vacunar",float64,1800,632,35.11,3,False,
2021,P45,Usted diría que se han registrado demasiadas muertes en México por Covid o la ca,float64,1800,0,0.0,4,False,
2021,P45_1,"¿de quién es la culpa que hayan muerto tantas personas por Covid en México?, El",float64,1800,634,35.22,5,False,
2021,P45O,"¿de quién es la culpa que hayan muerto tantas personas por Covid en México?, El",str,1800,0,0.0,106,False,
2021,P46_1,Dígame si a usted le pasó algunas de las siguientes situaciones en los últimos m,float64,1800,0,0.0,4,False,
2021,P46_2,Dígame si a usted le pasó algunas de las siguientes situaciones en los últimos m,float64,1800,0,0.0,2,False,
2021,P46_3,Dígame si a usted le pasó algunas de las siguientes situaciones en los últimos m,float64,1800,0,0.0,3,False,
2021,P46_4,Dígame si a usted le pasó algunas de las siguientes situaciones en los últimos m,float64,1800,0,0.0,3,False,
2021,P47,"Con lo que usted sabe, ¿cuáles son las cámaras que tiene el Congreso de México?",float64,1800,0,0.0,6,False,
2021,P48,"En general, ¿cuántos años dura un diputado en su cargo (puesto)?",float64,1800,0,0.0,4,False,
2021,GOBER,Nombre del gobernador del estado,float64,1800,0,0.0,31,False,
2021,P49," ¿Por favor, me puede decir el nombre del actual Gobernador de su estado?",float64,1800,0,0.0,4,False,
2021,P50,Por favor dígame qué tan de acuerdo está con la siguiente afirmación: El gobier,float64,1800,0,0.0,7,False,
2021,P51,"Diría usted que, durante los últimos doce meses, ¿la seguridad pública en el paí",float64,1800,0,0.0,7,False,
2021,P52_1,"A continuación le voy a mostrar una lista de delitos, (MOSTRAR TARJETA 7). Por f",float64,1800,0,0.0,5,False,
2021,P52_2,"A continuación le voy a mostrar una lista de delitos, (MOSTRAR TARJETA 7). Por f",float64,1800,0,0.0,5,False,
2021,P52_3,"A continuación le voy a mostrar una lista de delitos, (MOSTRAR TARJETA 7). Por f",float64,1800,0,0.0,5,False,
2021,P53,53. ¿Qué tan extendida cree usted que está la corrupción en México: muy extendid,float64,1800,0,0.0,6,False,
2021,P54,"54. Respecto del sexenio anterior, ¿usted cree que la corrupción en México ha au",float64,1800,0,0.0,7,False,
2021,P55V1,"55. En su opinión, cuando el país enfrenta momentos difíciles, ¿se justifica o n",float64,1800,898,49.89,4,False,
2021,P56V1,56. Dado que el presidente López Obrador fue electo para gobernar el país por un,float64,1800,898,49.89,5,False,
2021,P57V1,"En su opinión, ¿qué tan de acuerdo está en que es necesario limitar la libertad",float64,1800,898,49.89,6,False,
2021,P58V1_1,Ahora le voy a leer otras afirmaciones que se dicen sobre la política en México.,float64,1800,898,49.89,6,False,
2021,P58V1_2,Ahora le voy a leer otras afirmaciones que se dicen sobre la política en México.,float64,1800,898,49.89,6,False,
2021,P58V1_3,Ahora le voy a leer otras afirmaciones que se dicen sobre la política en México.,float64,1800,898,49.89,6,False,
2021,P58V1_4,Ahora le voy a leer otras afirmaciones que se dicen sobre la política en México.,float64,1800,898,49.89,6,False,
2021,P58V1_5,Ahora le voy a leer otras afirmaciones que se dicen sobre la política en México.,float64,1800,898,49.89,6,False,
2021,P58V1_6,Ahora le voy a leer otras afirmaciones que se dicen sobre la política en México.,float64,1800,898,49.89,6,False,
2021,P58V1_7,Ahora le voy a leer otras afirmaciones que se dicen sobre la política en México.,float64,1800,898,49.89,6,False,
2021,P55V2_1,"Ahora le voy a leer varias afirmaciones. Por favor, usando las opciones que apar",float64,1800,902,50.11,7,False,
2021,P55V2_2,"Ahora le voy a leer varias afirmaciones. Por favor, usando las opciones que apar",float64,1800,902,50.11,7,False,
2021,P55V2_3,"Ahora le voy a leer varias afirmaciones. Por favor, usando las opciones que apar",float64,1800,902,50.11,7,False,
2021,P55V2_4,"Ahora le voy a leer varias afirmaciones. Por favor, usando las opciones que apar",float64,1800,902,50.11,7,False,
2021,P56V2_1,"Por favor, usando las opciones que aparecen en esta tarjeta, dígame, ¿qué tan de",float64,1800,902,50.11,7,False,
2021,P56V2_2,"Por favor, dígame, ¿qué tan de acuerdo está usted con que Se debe permitir a cua",float64,1800,902,50.11,7,False,
2021,P56V2_3,"Por favor, usando las opciones que aparecen en esta tarjeta, dígame, ¿qué tan de",float64,1800,902,50.11,7,False,
2021,P56V2_4,"Por favor, usando las opciones que aparecen en esta tarjeta, dígame, ¿qué tan de",float64,1800,902,50.11,7,False,
2021,S1,¿Cuántos años cumplidos tiene usted?,float64,1800,0,0.0,71,False,
2021,Edad,<none>,float64,1800,9,0.5,4,False,
2021,S2,Sexo,float64,1800,0,0.0,2,False,
2021,PC,¿Hasta qué año escolar estudió usted (grado máximo)?,float64,1800,0,0.0,11,False,
2021,S4,¿Me puede decir su estado civil?,float64,1800,0,0.0,6,False,
2021,S5,"¿Pertenece usted a algún sindicato, organización o asociación laboral?",float64,1800,0,0.0,4,False,
2021,S6,¿Alguien más en su hogar pertenece a algún sindicato o asociación laboral?,float64,1800,0,0.0,4,False,
2021,S7,¿Cuál fue su actividad principal la semana pasada?,float64,1800,0,0.0,10,False,
2021,S7_O,¿Cuál fue su actividad principal la semana pasada?  [Other (specify)],str,1800,0,0.0,62,False,
2021,S8,¿Cuál es su principal ocupación en el trabajo en el que pasa usted el mayor tiem,float64,1800,895,49.72,3,False,
2021,S9,"¿En qué tipo de institución, organismo o empresa trabaja usted?",float64,1800,0,0.0,10,False,
2021,S10,"Sumando los ingresos de todas las personas que trabajan en su casa, ¿cuál es el",float64,1800,0,0.0,122,False,
2021,S10_1,"Bueno, pero sumando los ingresos de todas las personas que trabajan en su casa,",float64,1800,1513,84.06,9,False,
2021,S11_1,¿Su familia es beneficiaria de LICONSA,float64,1800,0,0.0,2,False,
2021,S11_2,¿Su familia es beneficiaria de PRODUCCIÓN PARA EL BIENESTAR (ANTES PROCAMPO),float64,1800,0,0.0,2,False,
2021,S11_3,¿Su familia es beneficiaria de JOVENES CONSTRYENDO EL FUTURO,float64,1800,0,0.0,2,False,
2021,S11_4,¿Su familia es beneficiaria de BECAS PARA ESTUDIANTES (BECAS BENITO JUAREZ),float64,1800,0,0.0,2,False,
2021,S11_5,¿Su familia es beneficiaria de PENSION PARA PERSONAS ADULTAS MAYORES,float64,1800,0,0.0,2,False,
2021,S11_6,¿Su familia es beneficiaria de PROGRAMA SEMBRANDO VIDA,float64,1800,0,0.0,2,False,
2021,S12_1,"¿Con qué tipo de servicio médico cuenta usted: el Seguro Social del IMSS, el ISS",float64,1800,0,0.0,2,False,
2021,S12_2,"¿Con qué tipo de servicio médico cuenta usted: el Seguro Social del IMSS, el ISS",float64,1800,0,0.0,2,False,
2021,S12_3,"¿Con qué tipo de servicio médico cuenta usted: el Seguro Social del IMSS, el ISS",float64,1800,0,0.0,2,False,
2021,S12_4,"¿Con qué tipo de servicio médico cuenta usted: el Seguro Social del IMSS, el ISS",float64,1800,0,0.0,2,False,
2021,S12_5,"¿Con qué tipo de servicio médico cuenta usted: el Seguro Social del IMSS, el ISS",float64,1800,0,0.0,2,False,
2021,S12_6,"¿Con qué tipo de servicio médico cuenta usted: el Seguro Social del IMSS, el ISS",float64,1800,0,0.0,2,False,
2021,S13,¿Con qué frecuencia asiste usted a la iglesia o al templo sin contar ocasiones e,float64,1800,0,0.0,8,False,
2021,S14,¿Me podría decir actualmente cuál es su religión?,float64,1800,0,0.0,4,False,
2021,S14O,¿Me podría decir actualmente cuál es su religión?  [Other (specify)],str,1800,0,0.0,70,False,
2021,S14OR,,float64,1800,1557,86.5,20,False,
2021,S15,¿Qué idioma habla usualmente en su hogar?,float64,1800,0,0.0,3,False,
2021,S15R,¿Qué idioma habla usualmente en su hogar?  [Other (specify)],float64,1800,1800,100.0,0,False,
2021,S16,"¿cómo se considera usted: indígena, mestizo, blanco o de otro grupo?",float64,1800,0,0.0,6,False,
2021,S16O,"¿cómo se considera usted: indígena, mestizo, blanco o de otro grupo?  [Other (sp",str,1800,0,0.0,36,False,
2021,S17,¿Habla Ud. alguna lengua indígena?,float64,1800,0,0.0,3,False,
2021,S18,¿En qué país nació usted?,float64,1800,0,0.0,3,False,
2021,S18O,¿En qué país nació usted? [Other (specify)],float64,1800,1800,100.0,0,False,
2021,S18A,¿Alguno de sus padres nació fuera de México?,float64,1800,1789,99.39,2,False,
2021,S19,"Sólo como información estadística, ¿alguno de sus amigos cercanos o familiares s",float64,1800,0,0.0,4,False,
2021,S20,"Finalmente, ¿y usted se autoidentifica como gay, bisexual o lesbiana?",float64,1800,0,0.0,3,False,
2021,PELEDIP,"ENCUESTADOR: Registre Boleta A ""DIPUTADO FEDERAL""",float64,1800,590,32.78,20,False,
2021,PELEDIP_O,"ENCUESTADOR: Registre Boleta A ""DIPUTADO FEDERAL"" (OTRO) [Other (specify)]",float64,1800,1800,100.0,0,False,
2021,RECHAZO,Marque numero de rechazos de entrevista,float64,1800,0,0.0,47,False,
2021,FECHAENT,Anote el dia/mes en el que realizó la entrevista,str,1800,0,0.0,5,False,
2021,LLAVE,,float64,1800,0,0.0,180,False,
2021,DOMINIO,,float64,1800,0,0.0,3,False,
2021,INGRE_RE,,float64,1800,0,0.0,8,False,
2021,PID,,float64,1800,0,0.0,3,False,
2021,AÑO,,float64,1800,0,0.0,1,False,
2021,INCUMBENT,,float64,1800,0,0.0,1,False,
2021,IIP4,NIVEL DE INFORMACION POLITICA,float64,1800,0,0.0,4,False,
2021,NSE,Nivel socioeconÃ³mico,float64,1800,0,0.0,6,False,
2021,PONDFIN,,float64,1800,0,0.0,104,False,
2021,PONDERADOR,,float64,1800,0,0.0,517,False,
2021,vote2021a,"RECODE of PELEDIP (ENCUESTADOR: Registre Boleta A ""DIPUTADO FEDERAL"")",float64,1800,590,32.78,9,False,
2021,vote2021b,"RECODE of PELEDIP (ENCUESTADOR: Registre Boleta A ""DIPUTADO FEDERAL"")",float64,1800,829,46.06,8,False,
2021,vote2021c,"RECODE of vote2021b (RECODE of PELEDIP (ENCUESTADOR: Registre Boleta A ""DIPUTADO",float64,1800,829,46.06,3,False,
2021,pid2021a,"RECODE of P3 (Independientemente del partido por el que usted vota, ¿usted norma",float64,1800,0,0.0,6,False,
2021,pid2021b,"RECODE of P3 (Independientemente del partido por el que usted vota, ¿usted norma",float64,1800,53,2.94,5,False,
2021,pid2021c,"RECODE of P3 (Independientemente del partido por el que usted vota, ¿usted norma",float64,1800,53,2.94,6,False,
2021,copartisan,RECODE of pid2021c (RECODE of P3 (Independientemente del partido por el que uste,float64,1800,53,2.94,3,False,
2021,approval2021a,"RECODE of P2 (En general, ¿está usted de acuerdo o en desacuerdo con la manera c",float64,1800,0,0.0,5,False,
2021,approval2021b,"RECODE of P2 (En general, ¿está usted de acuerdo o en desacuerdo con la manera c",float64,1800,53,2.94,4,False,
2021,ideology2021a,"RECODE of P25 (Y usando la escala que aparece en la misma tarjeta, donde 0 signi",float64,1800,0,0.0,12,False,
2021,ideology2021b,"RECODE of P25 (Y usando la escala que aparece en la misma tarjeta, donde 0 signi",float64,1800,154,8.56,11,False,
2021,ideology2021c,"RECODE of P25 (Y usando la escala que aparece en la misma tarjeta, donde 0 signi",float64,1800,0,0.0,4,False,
2021,satisfaction2021a,"RECODE of P29 (En general, ¿está usted muy satisfecho, satisfecho, poco satisfec",float64,1800,0,0.0,5,False,
2021,satisfaction2021b,"RECODE of P29 (En general, ¿está usted muy satisfecho, satisfecho, poco satisfec",float64,1800,41,2.28,4,False,
2021,pan2021a,RECODE of P22_1 (0 significa que a usted NO LE GUSTA NADA y 10 significa que LE,float64,1800,0,0.0,12,False,
2021,pan2021b,RECODE of P22_1 (0 significa que a usted NO LE GUSTA NADA y 10 significa que LE,float64,1800,77,4.28,11,False,
2021,pri2021a,RECODE of P22_2 (0 significa que a usted NO LE GUSTA NADA y 10 significa que LE,float64,1800,0,0.0,12,False,
2021,pri2021b,RECODE of P22_2 (0 significa que a usted NO LE GUSTA NADA y 10 significa que LE,float64,1800,67,3.72,11,False,
2021,prd2021a,RECODE of P22_3 (0 significa que a usted NO LE GUSTA NADA y 10 significa que LE,float64,1800,0,0.0,12,False,
2021,prd2021b,RECODE of P22_3 (0 significa que a usted NO LE GUSTA NADA y 10 significa que LE,float64,1800,109,6.06,11,False,
2021,morena2021a,RECODE of P22_4 (0 significa que a usted NO LE GUSTA NADA y 10 significa que LE,float64,1800,0,0.0,12,False,
2021,morena2021b,RECODE of P22_4 (0 significa que a usted NO LE GUSTA NADA y 10 significa que LE,float64,1800,71,3.94,11,False,
2021,amlo2021a,"RECODE of P23_1 (Después de que le lea el nombre de un líder político, califíque",float64,1800,0,0.0,12,False,
2021,amlo2021b,"RECODE of P23_1 (Después de que le lea el nombre de un líder político, califíque",float64,1800,49,2.72,11,False,
2021,precinct,TIPO,float64,1800,0,0.0,3,False,
2021,precinct2021,RECODE of precinct (TIPO),float64,1800,0,0.0,3,False,
2021,education2021,RECODE of PC (¿Hasta qué año escolar estudió usted (grado máximo)?),float64,1800,6,0.33,4,False,
2021,income2021a,RECODE of S10 (Sumando los ingresos de todas las personas que trabajan en su cas,float64,1800,164,9.11,7,False,
2021,income2021b,RECODE of income2021a (RECODE of S10 (Sumando los ingresos de todas las personas,float64,1800,164,9.11,5,False,
2021,income2021c,RECODE of income2021a (RECODE of S10 (Sumando los ingresos de todas las personas,float64,1800,164,9.11,4,False,
2021,religion2021a,RECODE of S14 (¿Me podría decir actualmente cuál es su religión?),float64,1800,0,0.0,4,False,
2021,religion2021b,RECODE of S14 (¿Me podría decir actualmente cuál es su religión?),float64,1800,16,0.89,3,False,
2021,religion2021c,RECODE of S14 (¿Me podría decir actualmente cuál es su religión?),float64,1800,20,1.11,4,False,
2021,age2021a,,float64,1800,9,0.5,70,False,
2021,age2021b,RECODE of Edad (<none>),float64,1800,9,0.5,4,False,
2021,female2021,RECODE of S2 (Sexo),float64,1800,0,0.0,2,False,
2021,isco08_1_ES,ISCO-08 2 díg. Opción A (todos) — etiquetas ES,float64,1800,0,0.0,1,False,
2021,isco08_1_ENG,ISCO-08 2-digit Option A (all) — EN labels,float64,1800,0,0.0,1,False,
2024,id,,str,2700,0,0.0,2700,False,
2024,Fecha,Fecha,str,2700,0,0.0,13,False,
2024,Latitude,Latitude,float64,2700,248,9.19,2428,False,
2024,Longitude,Longitude,float64,2700,248,9.19,2429,False,
2024,secc,SECCION,float64,2700,0,0.0,260,False,
2024,EDO,Estado,float64,2700,0,0.0,28,False,
2024,mpio,Municipio,float64,2700,0,0.0,189,False,
2024,folio,Folio,float64,2700,0,0.0,2700,False,
2024,MZ,Manzana,float64,2700,0,0.0,127,False,
2024,VER,Version,float64,2700,0,0.0,3,False,
2024,P1,"Comparada con la situación que tenía el país hace un año, ¿cómo diría usted que",float64,2700,0,0.0,6,False,
2024,P2,"En general, ¿está usted de acuerdo o en desacuerdo con la manera como está gober",float64,2700,0,0.0,6,False,
2024,P3,(MOSTRAR TARJETA 1) 3.- ¿Cuál considera usted que es el principal problema del p,float64,2700,0,0.0,17,False,
2024,P3O,(MOSTRAR TARJETA 1) 3.- ¿Cuál considera usted que es el principal problema del p,str,2700,0,0.0,61,False,
2024,P4,"Independientemente del partido por el que usted vota, ¿usted normalmente se cons",float64,2700,0,0.0,12,False,
2024,P4_1,¿Con cuál se identifica?,float64,2700,2516,93.19,5,False,
2024,P4_2,"Independientemente de que usted simpatice o no con un partido político, ¿con qué",float64,2700,1663,61.59,11,False,
2024,P5,¿Hay algún o algunos partidos por los que usted NUNCA votaría?,float64,2700,0,0.0,4,False,
2024,P5_1_O1,¿Por cuáles?,float64,2700,1071,39.67,7,False,
2024,P5_1_O2,¿Por cuáles?,float64,2700,2188,81.04,7,False,
2024,P5_1_O3,¿Por cuáles?,float64,2700,2562,94.89,7,False,
2024,P6,En política algunas personas también se identifican con la 4T mientras que otros,float64,2700,0,0.0,7,False,
2024,P7,¿Qué tan interesado diría usted que está en la política?,float64,2700,0,0.0,6,False,
2024,P8,En las elecciones presidenciales del pasado 2 de JUNIO de 2024 muchas personas n,float64,2700,0,0.0,4,False,
2024,P9_1,"Para cada una de las siguientes instituciones, dígame si confía completamente, c",float64,2700,0,0.0,6,False,
2024,P9_2,"Para cada una de las siguientes instituciones, dígame si confía completamente, c",float64,2700,0,0.0,6,False,
2024,P9_3,"Para cada una de las siguientes instituciones, dígame si confía completamente, c",float64,2700,0,0.0,6,False,
2024,P9_4,"Para cada una de las siguientes instituciones, dígame si confía completamente, c",float64,2700,0,0.0,6,False,
2024,P9_5,"Para cada una de las siguientes instituciones, dígame si confía completamente, c",float64,2700,0,0.0,6,False,
2024,P10,Qué prefiere: ¿que el partido que gana la Pdcia no pueda cambiar la Constitución,float64,2700,0,0.0,4,False,
2024,PELEGOB,"Hablando de las pasadas elecciones a gobernador del Estado, ¿por cuál partido po",float64,2700,1630,60.37,11,False,
2024,P11,Usando la escala donde UNO significa que las elecciones NO fueron limpias y CINC,float64,2700,0,0.0,7,False,
2024,P12,"Usando la escala que aparece en esta tarjeta, donde UNO significa que NO importa",float64,2700,0,0.0,7,False,
2024,P13,"Con lo que recuerda, ¿usted votó en la elección presidencial del 2018?",float64,2700,0,0.0,6,False,
2024,P13_1,"En la elección presidencial del 2018, ¿por cuál partido o candidato votó?",float64,2700,889,32.93,8,False,
2024,P14A_1,"Durante la pasada campaña presidencial, por favor dígame con qué frecuencia se e",float64,2700,0,0.0,8,False,
2024,P14A_2,"Durante la pasada campaña presidencial, por favor dígame con qué frecuencia se e",float64,2700,0,0.0,8,False,
2024,P14A_3,"Durante la pasada campaña presidencial, por favor dígame con qué frecuencia se e",float64,2700,0,0.0,8,False,
2024,P14A_4,"Durante la pasada campaña presidencial, por favor dígame con qué frecuencia se e",float64,2700,0,0.0,8,False,
2024,P14B,En las redes sociales a veces los usuarios hablaron sobre la elección. ¿Usted si,float64,2700,0,0.0,4,False,
2024,P14B_1,¿Principalmente por cuál de ellas?  (Facebook),float64,2700,2402,88.96,2,False,
2024,P14B_2,¿Principalmente por cuál de ellas?  (Twitter o X),float64,2700,2402,88.96,2,False,
2024,P14B_3,¿Principalmente por cuál de ellas?  (Whatsapp),float64,2700,2402,88.96,2,False,
2024,P14B_4,¿Principalmente por cuál de ellas?  (You Tube  ),float64,2700,2402,88.96,2,False,
2024,P14B_5,¿Principalmente por cuál de ellas?  (Instagram ),float64,2700,2402,88.96,2,False,
2024,P14B_6,¿Principalmente por cuál de ellas?  (Tiktok ),float64,2700,2402,88.96,2,False,
2024,P14B_7,¿Principalmente por cuál de ellas?  (Otro),float64,2700,2402,88.96,2,False,
2024,P15A,¿Qué piensa usted acerca de la situación económica de México en estos días: dirí,float64,2700,0,0.0,7,False,
2024,P15B,"Diría usted que, durante los últimos doce meses, ¿la situación económica en Méxi",float64,2700,0,0.0,6,False,
2024,P15C,"Ahora hablando de su situación económica personal, ¿diría usted que durante los",float64,2700,0,0.0,6,False,
2024,P15D,¿Por qué razón considera que su situación económica personal mejoró? ¿Por alguna,float64,2700,1708,63.26,4,False,
2024,P15D_1,"Y si fue por alguna acción del gobierno, ¿qué programa o acción fue el que mejor",float64,2700,2323,86.04,11,False,
2024,P15E,"Hablando de la situación económica de su estado, ¿diría usted que, durante los ú",float64,2700,0,0.0,6,False,
2024,P15F,"En general, ¿está usted de acuerdo o en desacuerdo con la manera como está gober",float64,2700,0,0.0,6,False,
2024,P16_1,"Después de leerle el nombre de cada partido, califíquelo en la que 0 significa q",float64,2700,0,0.0,14,False,
2024,P16_2,"Después de leerle el nombre de cada partido, califíquelo en la que 0 significa q",float64,2700,0,0.0,14,False,
2024,P16_3,"Después de leerle el nombre de cada partido, califíquelo en la que 0 significa q",float64,2700,0,0.0,14,False,
2024,P16_4,"Después de leerle el nombre de cada partido, califíquelo en la que 0 significa q",float64,2700,0,0.0,14,False,
2024,P16_5,"Después de leerle el nombre de cada partido, califíquelo en la que 0 significa q",float64,2700,0,0.0,14,False,
2024,P16_6,"Después de leerle el nombre de cada partido, califíquelo en la que 0 significa q",float64,2700,0,0.0,14,False,
2024,P16_7,"Después de leerle el nombre de cada partido, califíquelo en la que 0 significa q",float64,2700,0,0.0,14,False,
2024,P17_1,"Después de que le lea el nombre de un líder político, califíquelo en la que 0 si",float64,2700,1800,66.67,14,False,
2024,P17_2,"Después de que le lea el nombre de un líder político, califíquelo en la que 0 si",float64,2700,1800,66.67,14,False,
2024,P17_3,"Después de que le lea el nombre de un líder político, califíquelo en la que 0 si",float64,2700,1800,66.67,14,False,
2024,P17_4,"Después de que le lea el nombre de un líder político, califíquelo en la que 0 si",float64,2700,1800,66.67,14,False,
2024,P18_1,"En política la gente habla a menudo de ""izquierda"" y ""derecha"". Usando la escala",float64,2700,0,0.0,15,False,
2024,P18_2,"En política la gente habla a menudo de ""izquierda"" y ""derecha"". Usando la escala",float64,2700,0,0.0,15,False,
2024,P18_3,"En política la gente habla a menudo de ""izquierda"" y ""derecha"". Usando la escala",float64,2700,0,0.0,15,False,
2024,P18_4,"En política la gente habla a menudo de ""izquierda"" y ""derecha"". Usando la escala",float64,2700,0,0.0,15,False,
2024,P18_5,"En política la gente habla a menudo de ""izquierda"" y ""derecha"". Usando la escala",float64,2700,0,0.0,15,False,
2024,P18_6,"En política la gente habla a menudo de ""izquierda"" y ""derecha"". Usando la escala",float64,2700,0,0.0,15,False,
2024,P18_7,"En política la gente habla a menudo de ""izquierda"" y ""derecha"". Usando la escala",float64,2700,0,0.0,15,False,
2024,P19_1,"Y usando la misma escala, ¿en dónde ubicaría usted a (LEER OPCIONES)? (Claudia S",float64,2700,1800,66.67,15,False,
2024,P19_2,"Y usando la misma escala, ¿en dónde ubicaría usted a (LEER OPCIONES)? (Xóchitl G",float64,2700,1800,66.67,15,False,
2024,P19_3,"Y usando la misma escala, ¿en dónde ubicaría usted a (LEER OPCIONES)? (Jorge Álv",float64,2700,1800,66.67,15,False,
2024,P19_4,"Y usando la misma escala, ¿en dónde ubicaría usted a (LEER OPCIONES)? (Andrés Ma",float64,2700,1800,66.67,15,False,
2024,P20,"Y usando la escala que aparece en la misma tarjeta, donde 0 significa IZQUIERDA",float64,2700,0,0.0,14,False,
2024,P21_1,La gente también habla de liberales y conservadores. Usando la escala que aparec,float64,2700,0,0.0,15,False,
2024,P21_2,La gente también habla de liberales y conservadores. Usando la escala que aparec,float64,2700,0,0.0,15,False,
2024,P21_3,La gente también habla de liberales y conservadores. Usando la escala que aparec,float64,2700,0,0.0,15,False,
2024,P21_4,La gente también habla de liberales y conservadores. Usando la escala que aparec,float64,2700,0,0.0,15,False,
2024,P21_5,La gente también habla de liberales y conservadores. Usando la escala que aparec,float64,2700,0,0.0,15,False,
2024,P21_6,La gente también habla de liberales y conservadores. Usando la escala que aparec,float64,2700,0,0.0,15,False,
2024,P21_7,La gente también habla de liberales y conservadores. Usando la escala que aparec,float64,2700,0,0.0,15,False,
2024,P22_1,"Y usando la misma escala, ¿en dónde ubicaría usted a (LEER OPCIONES)? (Claudia S",float64,2700,1800,66.67,15,False,
2024,P22_2,"Y usando la misma escala, ¿en dónde ubicaría usted a (LEER OPCIONES)? (Xóchitl G",float64,2700,1800,66.67,15,False,
2024,P22_3,"Y usando la misma escala, ¿en dónde ubicaría usted a (LEER OPCIONES)? (Jorge Álv",float64,2700,1800,66.67,15,False,
2024,P22_4,"Y usando la misma escala, ¿en dónde ubicaría usted a (LEER OPCIONES)? (Andrés Ma",float64,2700,1800,66.67,15,False,
2024,P23,"Y usando la escala que aparece en esta tarjeta, donde 0 significa liberal y 10 c",float64,2700,0,0.0,14,False,
2024,P24,"En general, ¿está usted muy satisfecho, satisfecho, poco satisfecho o nada satis",float64,2700,0,0.0,6,False,
2024,P25,"En una escala de 0 a 10, en donde CERO significa que México NO es nada democráti",float64,2700,0,0.0,13,False,
2024,P26_1,"Con lo que usted sabe, ¿cuáles son las cámaras que tiene el Congreso de México?",float64,2700,0,0.0,6,False,
2024,P26_2,"En general, ¿cuántos años dura un diputado en su cargo (puesto)?",float64,2700,0,0.0,4,False,
2024,P26_3,"¿Por favor, me puede decir el nombre del actual Gobernador de su estado?   SOLO",float64,2700,0,0.0,4,False,
2024,P27_1,"Hablando acerca de la seguridad, diría usted que, durante los últimos doce meses",float64,2700,0,0.0,6,False,
2024,P27_2,"Hablando acerca de la seguridad, diría usted que, durante los últimos doce meses",float64,2700,0,0.0,6,False,
2024,P27_3,"Hablando acerca de la seguridad, diría usted que, durante los últimos doce meses",float64,2700,0,0.0,6,False,
2024,P27_4,"Hablando acerca de la seguridad, diría usted que, durante los últimos doce meses",float64,2700,0,0.0,6,False,
2024,P28_1,"Pensando en los últimos 12 meses, diría que su seguridad personal, ¿ha mejorado",float64,2700,0,0.0,6,False,
2024,P28_2,¿Y quién diría usted que es responsable que su seguridad personal haya mejorado/,float64,2700,78,2.89,10,False,
2024,P28_2A,"De las autoridades gubernamentales, ¿quién cree usted que es la más responsable",float64,2700,1673,61.96,8,False,
2024,P28_3_1,"Por favor dígame si usted, algún familiar o amigo ha sido víctima directa de alg",float64,2700,0,0.0,5,False,
2024,P28_3_2,"Por favor dígame si usted, algún familiar o amigo ha sido víctima directa de alg",float64,2700,0,0.0,5,False,
2024,P28_3_3,"Por favor dígame si usted, algún familiar o amigo ha sido víctima directa de alg",float64,2700,0,0.0,5,False,
2024,P29_1,"¿Cuando necesita algún tipo de atención médica, en qué lugares se atiende?: el S",float64,2700,0,0.0,2,False,
2024,P29_2,"¿Cuando necesita algún tipo de atención médica, en qué lugares se atiende?: el S",float64,2700,0,0.0,2,False,
2024,P29_3,"¿Cuando necesita algún tipo de atención médica, en qué lugares se atiende?: el S",float64,2700,0,0.0,2,False,
2024,P29_4,"¿Cuando necesita algún tipo de atención médica, en qué lugares se atiende?: el S",float64,2700,0,0.0,2,False,
2024,P29_5,"¿Cuando necesita algún tipo de atención médica, en qué lugares se atiende?: el S",float64,2700,0,0.0,2,False,
2024,P29A_1,"¿Cómo califica la atención que recibe en IMSS Bienestar (antes llamado INSABI, S",float64,2700,2237,82.85,5,False,
2024,P29A_2,¿Cómo califica la atención que recibe en El ISSSTE?,float64,2700,2531,93.74,5,False,
2024,P29A_3,¿Cómo califica la atención que recibe en El Seguro Social del IMSS?,float64,2700,1698,62.89,5,False,
2024,P29A_4,¿Cómo califica la atención que recibe en Consultorios en las farmacias particula,float64,2700,1401,51.89,5,False,
2024,P29A_5,¿Cómo califica la atención que recibe en Otro?,float64,2700,2440,90.37,5,False,
2024,P30,"Cuando usted o alguien de su familia ha necesitado alguna medicina, ¿ha tenido a",float64,2700,0,0.0,7,False,
2024,P30_1,¿Quién cree usted que es el responsable de que falten medicinas (LEER OPCIONES)?,float64,2700,1648,61.04,8,False,
2024,P31,"Cambiando de tema, respecto del sexenio anterior, ¿usted cree que la corrupción",float64,2700,0,0.0,8,False,
2024,P32_1,"Hablando del trabajo del Presidente López Obrador, ¿qué tan de acuerdo o en desa",float64,2700,0,0.0,6,False,
2024,P32_2,"Hablando del trabajo del Presidente López Obrador, ¿qué tan de acuerdo o en desa",float64,2700,0,0.0,6,False,
2024,P32_3,"Hablando del trabajo del Presidente López Obrador, ¿qué tan de acuerdo o en desa",float64,2700,0,0.0,6,False,
2024,P32_4,"Hablando del trabajo del Presidente López Obrador, ¿qué tan de acuerdo o en desa",float64,2700,0,0.0,6,False,
2024,P32_5,"Hablando del trabajo del Presidente López Obrador, ¿qué tan de acuerdo o en desa",float64,2700,0,0.0,6,False,
2024,P32_6,"Hablando del trabajo del Presidente López Obrador, ¿qué tan de acuerdo o en desa",float64,2700,0,0.0,6,False,
2024,P32_7,"Hablando del trabajo del Presidente López Obrador, ¿qué tan de acuerdo o en desa",float64,2700,0,0.0,6,False,
2024,P32_8,"Hablando del trabajo del Presidente López Obrador, ¿qué tan de acuerdo o en desa",float64,2700,0,0.0,6,False,
2024,P33_1,¿Qué tan de acuerdo está con las siguientes afirmaciones: (A la mayoría de los p,float64,2700,1800,66.67,7,False,
2024,P33_2,"¿Qué tan de acuerdo está con las siguientes afirmaciones: La gente (el pueblo),",float64,2700,1800,66.67,7,False,
2024,P33_3,¿Qué tan de acuerdo está con las siguientes afirmaciones: (A la mayoría de los p,float64,2700,1800,66.67,7,False,
2024,P33_4,¿Qué tan de acuerdo está con las siguientes afirmaciones: (La política es un con,float64,2700,1800,66.67,7,False,
2024,P33_5,¿Qué tan de acuerdo está con las siguientes afirmaciones: (El pueblo es honesto,float64,2700,1800,66.67,7,False,
2024,P34_1,"Por favor dígame si está muy de acuerdo, algo de acuerdo, ni de acuerdo ni en de",float64,2700,1800,66.67,7,False,
2024,P34_2,"Por favor dígame si está muy de acuerdo, algo de acuerdo, ni de acuerdo ni en de",float64,2700,1800,66.67,7,False,
2024,P34_3,"Por favor dígame si está muy de acuerdo, algo de acuerdo, ni de acuerdo ni en de",float64,2700,1800,66.67,7,False,
2024,P34_4,"Por favor dígame si está muy de acuerdo, algo de acuerdo, ni de acuerdo ni en de",float64,2700,1800,66.67,7,False,
2024,P35_1,"En su opinión, cuando el país enfrenta momentos difíciles, ¿se justifica o no se",float64,2700,1800,66.67,4,False,
2024,P35_2,Dado que la presidenta electa Claudia Sheinbaum fue electa para gobernar el país,float64,2700,1800,66.67,5,False,
2024,P35_3,"En su opinión, ¿qué tan de acuerdo está en que es necesario limitar la libertad",float64,2700,1800,66.67,6,False,
2024,P36_1,Ahora le voy a leer otras afirmaciones que se dicen sobre la política en México.,float64,2700,1800,66.67,6,False,
2024,P36_2,Ahora le voy a leer otras afirmaciones que se dicen sobre la política en México.,float64,2700,1800,66.67,6,False,
2024,P36_3,Ahora le voy a leer otras afirmaciones que se dicen sobre la política en México.,float64,2700,1800,66.67,6,False,
2024,P36_4,Ahora le voy a leer otras afirmaciones que se dicen sobre la política en México.,float64,2700,1800,66.67,6,False,
2024,P36_5,Ahora le voy a leer otras afirmaciones que se dicen sobre la política en México.,float64,2700,1800,66.67,6,False,
2024,P36_6,Ahora le voy a leer otras afirmaciones que se dicen sobre la política en México.,float64,2700,1800,66.67,6,False,
2024,P36_7,Ahora le voy a leer otras afirmaciones que se dicen sobre la política en México.,float64,2700,1800,66.67,6,False,
2024,CRI_A_1,¿Qué tan responsable cree usted que sería un presidente de prevenir cada una de,float64,2700,1800,66.67,9,False,
2024,CRI_A_2,¿Qué tan responsable cree usted que sería un presidente de prevenir cada una de,float64,2700,1800,66.67,9,False,
2024,CRI_A_3,¿Qué tan responsable cree usted que sería un presidente de prevenir cada una de,float64,2700,1800,66.67,9,False,
2024,CRI_A_4,¿Qué tan responsable cree usted que sería un presidente de prevenir cada una de,float64,2700,1800,66.67,9,False,
2024,CRI_A_5,¿Qué tan responsable cree usted que sería un presidente de prevenir cada una de,float64,2700,1800,66.67,9,False,
2024,P37_1,Por favor dígame qué tan de acuerdo está con la siguiente afirmación: El gobier,float64,2700,1800,66.67,7,False,
2024,P37_2,"En su opinión, ¿qué tan cierto o falso es que la temperatura del planeta se ha",float64,2700,1800,66.67,6,False,
2024,P38_1,"Ahora le voy a leer varias afirmaciones. dígame, ¿qué tan de acuerdo está usted",float64,2700,1800,66.67,7,False,
2024,P38_2,"Ahora le voy a leer varias afirmaciones. dígame, ¿qué tan de acuerdo está usted",float64,2700,1800,66.67,7,False,
2024,P38_3,"Ahora le voy a leer varias afirmaciones. dígame, ¿qué tan de acuerdo está usted",float64,2700,1800,66.67,7,False,
2024,P38_4,"Ahora le voy a leer varias afirmaciones. dígame, ¿qué tan de acuerdo está usted",float64,2700,1800,66.67,7,False,
2024,P38_5,"Ahora le voy a leer varias afirmaciones. dígame, ¿qué tan de acuerdo está usted",float64,2700,1800,66.67,7,False,
2024,P38_6,"Ahora le voy a leer varias afirmaciones. dígame, ¿qué tan de acuerdo está usted",float64,2700,1800,66.67,7,False,
2024,P39_1,"Ahora le voy a leer otras afirmaciones. dígame, ¿qué tan de acuerdo está usted c",float64,2700,1800,66.67,7,False,
2024,P39_2,"Ahora le voy a leer otras afirmaciones. dígame, ¿qué tan de acuerdo está usted c",float64,2700,1800,66.67,7,False,
2024,P39_3,"Ahora le voy a leer otras afirmaciones. dígame, ¿qué tan de acuerdo está usted c",float64,2700,1800,66.67,7,False,
2024,P39_4,"Ahora le voy a leer otras afirmaciones. dígame, ¿qué tan de acuerdo está usted c",float64,2700,1800,66.67,7,False,
2024,P39_5,"Ahora le voy a leer otras afirmaciones. dígame, ¿qué tan de acuerdo está usted c",float64,2700,1800,66.67,7,False,
2024,P40_1,"Hablando del gobierno del Presidente López Obrador, con lo que usted sabe o ha o",float64,2700,1800,66.67,6,False,
2024,P40_2,"Hablando del gobierno del Presidente López Obrador, con lo que usted sabe o ha o",float64,2700,1800,66.67,6,False,
2024,P40_3,"Hablando del gobierno del Presidente López Obrador, con lo que usted sabe o ha o",float64,2700,1800,66.67,6,False,
2024,P40_4,"Hablando del gobierno del Presidente López Obrador, con lo que usted sabe o ha o",float64,2700,1800,66.67,6,False,
2024,P40_5,"Hablando del gobierno del Presidente López Obrador, con lo que usted sabe o ha o",float64,2700,1800,66.67,6,False,
2024,P40_6,"Hablando del gobierno del Presidente López Obrador, con lo que usted sabe o ha o",float64,2700,1800,66.67,6,False,
2024,P41_1_1,"Cambiando de tema, entre 0 y 10, donde 0 significa NADA y 10 significa MUCHO, ¿q",float64,2700,1800,66.67,13,False,
2024,P41_1_2,"Cambiando de tema, entre 0 y 10, donde 0 significa NADA y 10 significa MUCHO, ¿q",float64,2700,1800,66.67,13,False,
2024,P41_1_3,"Cambiando de tema, entre 0 y 10, donde 0 significa NADA y 10 significa MUCHO, ¿q",float64,2700,1800,66.67,13,False,
2024,P41_1_4,"Cambiando de tema, entre 0 y 10, donde 0 significa NADA y 10 significa MUCHO, ¿q",float64,2700,1800,66.67,13,False,
2024,P41_2_1,¿Qué tanto cree que el PRI busca que los ricos paguen más impuestos?,float64,2700,1800,66.67,13,False,
2024,P41_2_2,¿Qué tanto cree que el PAN busca que los ricos paguen más impuestos?,float64,2700,1800,66.67,13,False,
2024,P41_2_3,¿Qué tanto cree que el MORENA busca que los ricos paguen más impuestos?,float64,2700,1800,66.67,13,False,
2024,P41_2_4,¿Qué tanto cree que el Movimiento Ciudadano busca que los ricos paguen más impue,float64,2700,1800,66.67,13,False,
2024,P41_3_1,¿Qué tanto cree que el PRI busca que todos los mexicanos tengan acceso a servici,float64,2700,1800,66.67,13,False,
2024,P41_3_2,¿Qué tanto cree que el PAN busca que todos los mexicanos tengan acceso a servici,float64,2700,1800,66.67,13,False,
2024,P41_3_3,¿Qué tanto cree que el MORENA busca que todos los mexicanos tengan acceso a serv,float64,2700,1800,66.67,13,False,
2024,P41_3_4,¿Qué tanto cree que el Movimiento Ciudadano busca que todos los mexicanos tengan,float64,2700,1800,66.67,13,False,
2024,P41_4_1,¿Qué tanto cree que el PRI apoye que cualquier mujer pueda abortar si ella así l,float64,2700,1800,66.67,13,False,
2024,P41_4_2,¿Qué tanto cree que el PAN apoye que cualquier mujer pueda abortar si ella así l,float64,2700,1800,66.67,13,False,
2024,P41_4_3,¿Qué tanto cree que el MORENA apoye que cualquier mujer pueda abortar si ella as,float64,2700,1800,66.67,13,False,
2024,P41_4_4,¿Qué tanto cree que el Movimiento Ciudadano apoye que cualquier mujer pueda abor,float64,2700,1800,66.67,13,False,
2024,CRI_B_1,¿Qué tan responsable cree usted que sería un presidente de prevenir cada una de,float64,2700,1800,66.67,9,False,
2024,CRI_B_2,¿Qué tan responsable cree usted que sería un presidente de prevenir cada una de,float64,2700,1800,66.67,9,False,
2024,CRI_B_3,¿Qué tan responsable cree usted que sería un presidente de prevenir cada una de,float64,2700,1800,66.67,9,False,
2024,CRI_B_4,¿Qué tan responsable cree usted que sería un presidente de prevenir cada una de,float64,2700,1800,66.67,9,False,
2024,CRI_B_5,¿Qué tan responsable cree usted que sería un presidente de prevenir cada una de,float64,2700,1800,66.67,9,False,
2024,P42_1,Le voy a leer algunas afirmaciones. ¿Qué tan de acuerdo o en desacuerdo está con,float64,2700,1800,66.67,6,False,
2024,P42_2,Le voy a leer algunas afirmaciones. ¿Qué tan de acuerdo o en desacuerdo está con,float64,2700,1800,66.67,6,False,
2024,P42_3,Le voy a leer algunas afirmaciones. ¿Qué tan de acuerdo o en desacuerdo está con,float64,2700,1800,66.67,6,False,
2024,P42_4,Le voy a leer algunas afirmaciones. ¿Qué tan de acuerdo o en desacuerdo está con,float64,2700,1800,66.67,6,False,
2024,P42A_1,"Con lo que usted ha visto o escuchado, ¿es cierto o falso que Xóchitl Gálvez Vie",float64,2700,1800,66.67,4,False,
2024,P42A_2,"Con lo que usted ha visto o escuchado, ¿es cierto o falso que Xóchitl Gálvez Es",float64,2700,1800,66.67,4,False,
2024,P42A_3,"Con lo que usted ha visto o escuchado, ¿es cierto o falso que Xóchitl Gálvez Nac",float64,2700,1800,66.67,4,False,
2024,P43_1,¿Qué tan de acuerdo o en desacuerdo está usted en que el Ejército participe en m,float64,2700,1800,66.67,6,False,
2024,P43_2,¿Qué tan de acuerdo o en desacuerdo está usted con que el Ejército participe en,float64,2700,1800,66.67,6,False,
2024,P44_1,"En los últimos años, este gobierno le ha asignado más tareas al Ejército que ant",float64,2700,1800,66.67,6,False,
2024,P44_2,"En los últimos años, este gobierno le ha asignado más tareas al Ejército que ant",float64,2700,1800,66.67,6,False,
2024,P44_3,"En los últimos años, este gobierno le ha asignado más tareas al Ejército que ant",float64,2700,1800,66.67,6,False,
2024,P44_4,"En los últimos años, este gobierno le ha asignado más tareas al Ejército que ant",float64,2700,1800,66.67,6,False,
2024,P45_1,Hablando sobre el futuro gobierno. Muchos creen que López Obrador influirá en la,float64,2700,1800,66.67,5,False,
2024,P45_2,¿Por qué piensa que López Obrador influirá en las decisiones en el gobierno de C,float64,2700,2396,88.74,6,False,
2024,CYC1,"Cambiando de tema, ¿conoce a alguien en su comunidad que ayude a sus vecinos a r",float64,2700,1800,66.67,4,False,
2024,CYC1A,¿Usted sabe si esta persona ayuda a sus vecinos con trámites y acceso a programa,float64,2700,2582,95.63,5,False,
2024,CYC2,"Con lo que usted sabe o ha oído, durante la pasada elección, ¿usted vio que algu",float64,2700,1800,66.67,4,False,
2024,CYC3,"Durante la pasada campaña electoral, ¿recibió usted algún regalo o ayuda por par",float64,2700,1800,66.67,3,False,
2024,CYC4,¿Recibió usted algún regalo o ayuda por parte de algún representante de la campa,float64,2700,1800,66.67,3,False,
2024,CYC5,¿Recibió usted algún regalo o ayuda por parte de algún representante de la campa,float64,2700,1800,66.67,3,False,
2024,CYC6,"¿En las semanas antes de las elecciones, usted o alguien de su familia recibió u",float64,2700,1800,66.67,3,False,
2024,CYC7,¿Los Servidores de la Nación le dijeron que podría perder su apoyo social si v,float64,2700,1800,66.67,4,False,
2024,CRI_C_1,¿Qué tanta responsabilidad en enfrentar la crisis recae en el presidente: Un ate,float64,2700,1800,66.67,9,False,
2024,CRI_C_2,¿Qué tanta responsabilidad en enfrentar la crisis recae en el presidente: Una cr,float64,2700,1800,66.67,9,False,
2024,CRI_C_3,¿Qué tanta responsabilidad en enfrentar la crisis recae en el presidente: Un bro,float64,2700,1800,66.67,9,False,
2024,CRI_C_4,¿Qué tanta responsabilidad en enfrentar la crisis recae en el presidente: Un ter,float64,2700,1800,66.67,9,False,
2024,CRI_C_5,¿Qué tanta responsabilidad en enfrentar la crisis recae en el presidente: Un ate,float64,2700,1800,66.67,9,False,
2024,CRI_C_6,¿Qué tanta responsabilidad en enfrentar la crisis recae en el presidente: Un hur,float64,2700,1800,66.67,9,False,
2024,CRI_C_7,¿Qué tanta responsabilidad en enfrentar la crisis recae en el presidente: La eco,float64,2700,1800,66.67,9,False,
2024,P54,"Por favor, dígame ¿con cuál de los siguientes dichos se identifica usted más: Má",float64,2700,0,0.0,6,False,
2024,S1,¿Cuántos años cumplidos tiene usted?,float64,2700,0,0.0,69,False,
2024,S2,Sexo,float64,2700,0,0.0,2,False,
2024,S3,¿Hasta qué año escolar estudió usted (grado máximo)?,float64,2700,0,0.0,12,False,
2024,S4,¿Me puede decir su estado civil?,float64,2700,0,0.0,6,False,
2024,S5,¿Usted tiene hijos o no tiene?,float64,2700,0,0.0,3,False,
2024,S6,¿Cuál fue su actividad principal la semana pasada?,float64,2700,0,0.0,10,False,
2024,S6_O,¿Cuál fue su actividad principal la semana pasada?  [Other (specify)],str,2700,0,0.0,65,False,
2024,S7,¿Cuál es su principal ocupación en el trabajo en el que pasa usted el mayor tiem,str,2700,0,0.0,799,False,
2024,S8,"Sumando los ingresos de todas las personas que trabajan en su casa, ¿cuál es el",float64,2700,0,0.0,143,False,
2024,S9_1,"Bueno, pero sumando los ingresos de todas las personas que trabajan en su casa,",float64,2700,2039,75.52,11,False,
2024,S9_2,"¿Usted diría que durante el gobierno de López Obrador, mejoró su salario, empeor",float64,2700,0,0.0,6,False,
2024,S9_3,¿Su salario mejoró por razones personales (como tener un mejor empleo) o por el,float64,2700,1749,64.78,4,False,
2024,S10_1,¿Su familia es beneficiaria de (LICONSA),float64,2700,0,0.0,2,False,
2024,S10_2,¿Su familia es beneficiaria de (PRODUCCIÓN PARA EL BIENESTAR (ANTES PROCAMPO)),float64,2700,0,0.0,2,False,
2024,S10_4,¿Su familia es beneficiaria de (JOVENES CONSTRYENDO EL FUTURO),float64,2700,0,0.0,2,False,
2024,S10_5,¿Su familia es beneficiaria de (BECAS PARA ESTUDIANTES (BECAS BENITO JUAREZ)),float64,2700,0,0.0,2,False,
2024,S10_6,¿Su familia es beneficiaria de (PENSION PARA PERSONAS ADULTAS MAYORES),float64,2700,0,0.0,2,False,
2024,S10_7,¿Su familia es beneficiaria de (PROGRAMA SEMBRANDO VIDA),float64,2700,0,0.0,2,False,
2024,S10_8,¿Su familia es beneficiaria de (Programa para el bienestar de hijos de madres tr,float64,2700,0,0.0,2,False,
2024,S10A_1,"Y considerando su experiencia, ¿Como calificaria ese programa de LICONSA?, Diria",float64,2700,2444,90.52,7,False,
2024,S10A_2,"Y considerando su experiencia, ¿Como calificaria ese programa de PRODUCCIÓN PARA",float64,2700,2545,94.26,6,False,
2024,S10A_3,"Y considerando su experiencia, ¿Como calificaria ese programa de JOVENES CONSTRU",float64,2700,2557,94.7,6,False,
2024,S10A_4,"Y considerando su experiencia, ¿Como calificaria ese programa de BECAS PARA ESTU",float64,2700,2193,81.22,6,False,
2024,S10A_5,"Y considerando su experiencia, ¿Como calificaria ese programa de PENSION PARA PE",float64,2700,1779,65.89,6,False,
2024,S10A_6,"Y considerando su experiencia, ¿Como calificaria ese programa de ""SEMBRANDO VIDA",float64,2700,2617,96.93,6,False,
2024,S10A_7,"Y considerando su experiencia, ¿Como calificaria ese programa para el bienestar",float64,2700,2625,97.22,5,False,
2024,S11_1,"¿Con qué tipo de servicio médico cuenta usted: el Seguro Social, el ISSSTE, Segu",float64,2700,0,0.0,2,False,
2024,S11_2,"¿Con qué tipo de servicio médico cuenta usted: el Seguro Social, el ISSSTE, Segu",float64,2700,0,0.0,2,False,
2024,S11_3,"¿Con qué tipo de servicio médico cuenta usted: el Seguro Social, el ISSSTE, Segu",float64,2700,0,0.0,2,False,
2024,S11_4,"¿Con qué tipo de servicio médico cuenta usted: el Seguro Social, el ISSSTE, Segu",float64,2700,0,0.0,2,False,
2024,S11_5,"¿Con qué tipo de servicio médico cuenta usted: el Seguro Social, el ISSSTE, Segu",float64,2700,0,0.0,2,False,
2024,S11_6,"¿Con qué tipo de servicio médico cuenta usted: el Seguro Social, el ISSSTE, Segu",float64,2700,0,0.0,2,False,
2024,S12,¿Con qué frecuencia asiste usted a la iglesia o al templo sin contar ocasiones e,float64,2700,0,0.0,8,False,
2024,S13,¿Me podría decir actualmente cuál es su religión?,float64,2700,0,0.0,4,False,
2024,S14O,¿Me podría decir actualmente cuál es su religión?  [Other (specify)],str,2700,0,0.0,93,False,
2024,S13A_1,"Dígame, en el último año, ¿usted ha asistido al menos una vez a  (Reuniones de a",float64,2700,0,0.0,4,False,
2024,S13A_2,"Dígame, en el último año, ¿usted ha asistido al menos una vez a  (Reuniones de u",float64,2700,0,0.0,4,False,
2024,S13A_3,"Dígame, en el último año, ¿usted ha asistido al menos una vez a  (Reuniones de g",float64,2700,0,0.0,4,False,
2024,S14,¿Qué idioma habla usualmente en su hogar?,float64,2700,0,0.0,3,False,
2024,S14R,¿Qué idioma habla usualmente en su hogar?  [Other (specify)],str,2700,0,0.0,30,False,
2024,S15,"¿cómo se considera usted: indígena, mestizo, blanco, afrodescendiente o de otro",float64,2700,0,0.0,7,False,
2024,S15O,"¿cómo se considera usted: indígena, mestizo, blanco, afrodescendiente o de otro",str,2700,0,0.0,28,False,
2024,S16,¿Habla Ud. alguna lengua indígena?,float64,2700,0,0.0,3,False,
2024,AMAI_1,"Pensando en el jefe o jefa de hogar, ¿cuál fue el último año de estudios que apr",float64,2700,0,0.0,14,False,
2024,AMAI_2,¿Cuántos baños completos con regadera y W.C. (excusado) hay en esta vivienda?,float64,2700,0,0.0,4,False,
2024,AMAI_3,"¿Cuántos automóviles o camionetas tienen en su hogar, incluyendo camionetas cerr",float64,2700,0,0.0,4,False,
2024,AMAI_4,Sin tomar en cuenta la conexión móvil que pudiera tener desde algún celular ¿est,float64,2700,0,0.0,3,False,
2024,AMAI_5,"De todas las personas de 14 años o más que viven en el hogar, ¿cuántas trabajaro",float64,2700,0,0.0,6,False,
2024,AMAI_6,"En esta vivienda, ¿cuántos cuartos se usan para dormir, sin contar pasillos ni b",float64,2700,0,0.0,6,False,
2024,AMAIN,,float64,2700,0,0.0,7,False,
2024,S23,"Sólo como información estadística, ¿alguno de sus amigos cercanos o familiares s",float64,2700,0,0.0,4,False,
2024,S24,"Finalmente, ¿y usted se autoidentifica como gay, bisexual o lesbiana?",float64,2700,0,0.0,3,False,
2024,RECHAZO,Marque numero de rechazos de entrevista,float64,2700,0,0.0,36,False,
2024,I_1_MRECHAZO,(Iteration_1) Indique por favor cual fue el motivo del rechazo: {0},float64,2700,942,34.89,11,False,
2024,I_2_MRECHAZO,(Iteration_2) Indique por favor cual fue el motivo del rechazo: {0},float64,2700,1174,43.48,11,False,
2024,I_3_MRECHAZO,(Iteration_3) Indique por favor cual fue el motivo del rechazo: {0},float64,2700,1583,58.63,11,False,
2024,I_4_MRECHAZO,(Iteration_4) Indique por favor cual fue el motivo del rechazo: {0},float64,2700,1933,71.59,11,False,
2024,I_5_MRECHAZO,(Iteration_5) Indique por favor cual fue el motivo del rechazo: {0},float64,2700,2069,76.63,11,False,
2024,I_6_MRECHAZO,(Iteration_6) Indique por favor cual fue el motivo del rechazo: {0},float64,2700,2237,82.85,11,False,
2024,I_7_MRECHAZO,(Iteration_7) Indique por favor cual fue el motivo del rechazo: {0},float64,2700,2356,87.26,11,False,
2024,I_8_MRECHAZO,(Iteration_8) Indique por favor cual fue el motivo del rechazo: {0},float64,2700,2423,89.74,11,False,
2024,I_9_MRECHAZO,(Iteration_9) Indique por favor cual fue el motivo del rechazo: {0},float64,2700,2489,92.19,11,False,
2024,I_10_MRECHAZO,(Iteration_10) Indique por favor cual fue el motivo del rechazo: {0},float64,2700,2526,93.56,10,False,
2024,PELEPDTE,"Registre Boleta ""PRESIDENTE DE LA REPUBLICA""",float64,2700,723,26.78,17,False,
2024,PELEPDTER," Registre Boleta ""PRESIDENTE DE LA REPUBLICA""",float64,2700,898,33.26,15,False,
2024,PELEPDTE_O,"Registre Boleta ""PRESIDENTE DE LA REPUBLICA"" (OTRO) [Other (specify)]",str,2700,0,0.0,3,False,
2024,PELEDIP,"Registre Boleta ""DIPUTADO FEDERAL""",float64,2700,723,26.78,12,False,
2024,PELEDIPR,"Registre Boleta ""DIPUTADO FEDERAL""",float64,2700,939,34.78,10,False,
2024,PELEDIP_O,"Registre Boleta ""DIPUTADO FEDERAL"" [Other (specify)]",str,2700,0,0.0,4,False,
2024,PELESEN,"Registre Boleta ""SENADOR DE LA REPUBLICA""",float64,2700,723,26.78,12,False,
2024,PELESEN_O,"Registre Boleta ""SENADOR DE LA REPUBLICA"" [Other (specify)]",str,2700,0,0.0,5,False,
2024,DOMINIO,,float64,2700,0,0.0,2,False,
2024,TIPO,,str,2700,0,0.0,3,False,
2024,EDAD,,float64,2700,12,0.44,4,False,
2024,PID,,float64,2700,0,0.0,3,False,
2024,AÑO,,float64,2700,0,0.0,1,False,
2024,INCUMBENT,,float64,2700,0,0.0,1,False,
2024,INGRESO,,float64,2700,0,0.0,10,False,
2024,NSE,,float64,2700,0,0.0,6,False,
2024,IIP,,float64,2700,0,0.0,7,False,
2024,IIP4,ÍNDICE DE INFORMACIÓN POLÍTICA,float64,2700,0,0.0,4,False,
2024,PONDFIN,,float64,2700,0,0.0,70,False,
2024,PONDERADOR,,float64,2700,0,0.0,427,False,
2024,S14OR,,float64,2700,2309,85.52,19,False,
2024,vote2024a,"RECODE of PELEPDTE (Registre Boleta ""PRESIDENTE DE LA REPUBLICA"")",float64,2700,723,26.78,4,False,
2024,vote2024b,"RECODE of vote2024a (RECODE of PELEPDTE (Registre Boleta ""PRESIDENTE DE LA REPUB",float64,2700,940,34.81,3,False,
2024,pid2024a,"RECODE of P4 (Independientemente del partido por el que usted vota, ¿usted norma",float64,2700,0,0.0,7,False,
2024,pid2024b,"RECODE of P4 (Independientemente del partido por el que usted vota, ¿usted norma",float64,2700,63,2.33,6,False,
2024,copartisan,RECODE of pid2024b (RECODE of P4 (Independientemente del partido por el que uste,float64,2700,63,2.33,3,False,
2024,approval2024a,"RECODE of P2 (En general, ¿está usted de acuerdo o en desacuerdo con la manera c",float64,2700,0,0.0,5,False,
2024,approval2024b,"RECODE of P2 (En general, ¿está usted de acuerdo o en desacuerdo con la manera c",float64,2700,70,2.59,4,False,
2024,ideology2024a,"RECODE of P20 (Y usando la escala que aparece en la misma tarjeta, donde 0 signi",float64,2700,0,0.0,12,False,
2024,ideology2024b,"RECODE of P20 (Y usando la escala que aparece en la misma tarjeta, donde 0 signi",float64,2700,277,10.26,11,False,
2024,ideology2024c,"RECODE of P20 (Y usando la escala que aparece en la misma tarjeta, donde 0 signi",float64,2700,0,0.0,4,False,
2024,satisfaction2024a,"RECODE of P24 (En general, ¿está usted muy satisfecho, satisfecho, poco satisfec",float64,2700,0,0.0,5,False,
2024,satisfaction2024b,"RECODE of P24 (En general, ¿está usted muy satisfecho, satisfecho, poco satisfec",float64,2700,101,3.74,4,False,
2024,pan2024a,"RECODE of P16_1 (Después de leerle el nombre de cada partido, califíquelo en la",float64,2700,0,0.0,12,False,
2024,pan2024b,"RECODE of P16_1 (Después de leerle el nombre de cada partido, califíquelo en la",float64,2700,102,3.78,11,False,
2024,pri2024a,"RECODE of P16_2 (Después de leerle el nombre de cada partido, califíquelo en la",float64,2700,0,0.0,12,False,
2024,pri2024b,"RECODE of P16_2 (Después de leerle el nombre de cada partido, califíquelo en la",float64,2700,96,3.56,11,False,
2024,prd2024a,"RECODE of P16_3 (Después de leerle el nombre de cada partido, califíquelo en la",float64,2700,0,0.0,12,False,
2024,prd2024b,"RECODE of P16_3 (Después de leerle el nombre de cada partido, califíquelo en la",float64,2700,150,5.56,11,False,
2024,morena2024a,"RECODE of P16_4 (Después de leerle el nombre de cada partido, califíquelo en la",float64,2700,0,0.0,12,False,
2024,morena2024b,"RECODE of P16_4 (Después de leerle el nombre de cada partido, califíquelo en la",float64,2700,60,2.22,11,False,
2024,amlo2024a,"RECODE of P17_4 (Después de que le lea el nombre de un líder político, califíque",float64,2700,1800,66.67,12,False,
2024,amlo2024b,"RECODE of P17_4 (Después de que le lea el nombre de un líder político, califíque",float64,2700,1811,67.07,11,False,
2024,precinct,,float64,2700,0,0.0,3,False,
2024,precinct2024,RECODE of precinct,float64,2700,0,0.0,3,False,
2024,education2024,RECODE of S3 (¿Hasta qué año escolar estudió usted (grado máximo)?),float64,2700,9,0.33,4,False,
2024,income2024a,RECODE of S8 (Sumando los ingresos de todas las personas que trabajan en su casa,float64,2700,350,12.96,9,False,
2024,income2024b,RECODE of income2024a (RECODE of S8 (Sumando los ingresos de todas las personas,float64,2700,350,12.96,5,False,
2024,income2024c,RECODE of income2024a (RECODE of S8 (Sumando los ingresos de todas las personas,float64,2700,350,12.96,4,False,
2024,religion2024a,RECODE of S13 (¿Me podría decir actualmente cuál es su religión?),float64,2700,0,0.0,4,False,
2024,religion2024b,RECODE of S13 (¿Me podría decir actualmente cuál es su religión?),float64,2700,35,1.3,3,False,
2024,religion2024c,RECODE of S13 (¿Me podría decir actualmente cuál es su religión?),float64,2700,42,1.56,4,False,
2024,age2024a,,float64,2700,12,0.44,68,False,
2024,age2024b,RECODE of EDAD,float64,2700,12,0.44,4,False,
2024,female2024,RECODE of S2 (Sexo),float64,2700,0,0.0,2,False,
2024,voto2024c,voto2024c,float64,2700,940,34.81,9,False,
2024,isco08_1_ES,ISCO-08 2 díg. Opción A (todos) — etiquetas ES,float64,2700,0,0.0,35,False,
2024,isco08_2_ES,ISCO-08 2 díg. Opción B (solo válidos) — etiquetas ES,float64,2700,1819,67.37,33,False,
2024,isco08_1_ENG,ISCO-08 2-digit Option A (all) — EN labels,float64,2700,0,0.0,35,False,
2024,isco08_2_ENG,ISCO-08 2-digit Option B (valid only) — EN labels,float64,2700,1819,67.37,33,False,
